<entry-fmgr>
    <id>79</id>
    <filename>fmgr.bin</filename>
    <version>
        <major>5</major>
        <minor>38</minor>
        <revision>21</revision>
    </version>
    <data>
        <genericOp>
            <str-tunarray-element str-tunarray-key="0">
                <data>
                    <wrt-choice>
                        <wrt-choice-abs>
                            <wrt>65535</wrt>
                            <pos>
                                <lon>-5737397</lon>
                                <lat>382994422</lat>
                                <alt>299993</alt>
                            </pos>
                        </wrt-choice-abs>
                    </wrt-choice>
                </data>
            </str-tunarray-element>
            <str-tunarray-element str-tunarray-key="1">
                <data>
                    <wrt-choice>
                        <wrt-choice-abs>
                            <wrt>65535</wrt>
                            <pos>
                                <lon>-5380342</lon>
                                <lat>382951631</lat>
                                <alt>200360</alt>
                            </pos>
                        </wrt-choice-abs>
                    </wrt-choice>
                </data>
            </str-tunarray-element>
            <str-tunarray-element str-tunarray-key="2">
                <data>
                    <wrt-choice>
                        <wrt-choice-abs>
                            <wrt>65535</wrt>
                            <pos>
                                <lon>-5398792</lon>
                                <lat>382848905</lat>
                                <alt>249994</alt>
                            </pos>
                        </wrt-choice-abs>
                    </wrt-choice>
                </data>
            </str-tunarray-element>
            <str-tunarray-element str-tunarray-key="3">
                <data>
                    <wrt-choice>
                        <wrt-choice-abs>
                            <wrt>65535</wrt>
                            <pos>
                                <lon>-5758855</lon>
                                <lat>382897467</lat>
                                <alt>299993</alt>
                            </pos>
                        </wrt-choice-abs>
                    </wrt-choice>
                </data>
            </str-tunarray-element>
        </genericOp>
        <specifiedOp/>
    </data>
</entry-fmgr>
