<entry-mrvar>
    <id>136</id>
    <filename>mrvar.bin</filename>
    <version>
        <major>5</major>
        <minor>38</minor>
        <revision>21</revision>
    </version>
    <data>
        <map>
            <str-tunarray-element>
                <id>3176</id>
                <value>
                    <description>
                        <name>Desired RPM</name>
                    </description>
                    <unit>
                        <exist-unit>
                            <exist>1</exist>
                            <id>46</id>
                        </exist-unit>
                    </unit>
                </value>
            </str-tunarray-element>
            <str-tunarray-element>
                <id>1706</id>
                <value>
                    <description>
                        <name>Wheel</name>
                    </description>
                    <unit>
                        <no-exist-unit>
                            <exist>0</exist>
                        </no-exist-unit>
                    </unit>
                </value>
            </str-tunarray-element>
            <str-tunarray-element>
                <id>1700</id>
                <value>
                    <description>
                        <name>Right Aileron</name>
                    </description>
                    <unit>
                        <no-exist-unit>
                            <exist>0</exist>
                        </no-exist-unit>
                    </unit>
                </value>
            </str-tunarray-element>
            <str-tunarray-element>
                <id>1701</id>
                <value>
                    <description>
                        <name>Left Aileron</name>
                    </description>
                    <unit>
                        <no-exist-unit>
                            <exist>0</exist>
                        </no-exist-unit>
                    </unit>
                </value>
            </str-tunarray-element>
            <str-tunarray-element>
                <id>1702</id>
                <value>
                    <description>
                        <name>Left Flap </name>
                    </description>
                    <unit>
                        <no-exist-unit>
                            <exist>0</exist>
                        </no-exist-unit>
                    </unit>
                </value>
            </str-tunarray-element>
            <str-tunarray-element>
                <id>1703</id>
                <value>
                    <description>
                        <name>Right Flap</name>
                    </description>
                    <unit>
                        <no-exist-unit>
                            <exist>0</exist>
                        </no-exist-unit>
                    </unit>
                </value>
            </str-tunarray-element>
            <str-tunarray-element>
                <id>1704</id>
                <value>
                    <description>
                        <name>Right Stabilizer</name>
                    </description>
                    <unit>
                        <no-exist-unit>
                            <exist>0</exist>
                        </no-exist-unit>
                    </unit>
                </value>
            </str-tunarray-element>
            <str-tunarray-element>
                <id>1705</id>
                <value>
                    <description>
                        <name>Left Stabilizer</name>
                    </description>
                    <unit>
                        <no-exist-unit>
                            <exist>0</exist>
                        </no-exist-unit>
                    </unit>
                </value>
            </str-tunarray-element>
            <str-tunarray-element>
                <id>1707</id>
                <value>
                    <description>
                        <name>Throttle</name>
                    </description>
                    <unit>
                        <no-exist-unit>
                            <exist>0</exist>
                        </no-exist-unit>
                    </unit>
                </value>
            </str-tunarray-element>
            <str-tunarray-element>
                <id>1708</id>
                <value>
                    <description>
                        <name/>
                    </description>
                    <unit>
                        <no-exist-unit>
                            <exist>0</exist>
                        </no-exist-unit>
                    </unit>
                </value>
            </str-tunarray-element>
            <str-tunarray-element>
                <id>1709</id>
                <value>
                    <description>
                        <name/>
                    </description>
                    <unit>
                        <no-exist-unit>
                            <exist>0</exist>
                        </no-exist-unit>
                    </unit>
                </value>
            </str-tunarray-element>
            <str-tunarray-element>
                <id>3100</id>
                <value>
                    <description>
                        <name>Flight Time</name>
                    </description>
                    <unit>
                        <exist-unit>
                            <exist>1</exist>
                            <id>40</id>
                        </exist-unit>
                    </unit>
                </value>
            </str-tunarray-element>
            <str-tunarray-element>
                <id>3101</id>
                <value>
                    <description>
                        <name>XPlane Brakes</name>
                    </description>
                    <unit>
                        <no-exist-unit>
                            <exist>0</exist>
                        </no-exist-unit>
                    </unit>
                </value>
            </str-tunarray-element>
            <str-tunarray-element>
                <id>3102</id>
                <value>
                    <description>
                        <name>Flight time reference</name>
                    </description>
                    <unit>
                        <exist-unit>
                            <exist>1</exist>
                            <id>40</id>
                        </exist-unit>
                    </unit>
                </value>
            </str-tunarray-element>
            <str-tunarray-element>
                <id>3103</id>
                <value>
                    <description>
                        <name>Roll Trim</name>
                    </description>
                    <unit>
                        <exist-unit>
                            <exist>1</exist>
                            <id>16</id>
                        </exist-unit>
                    </unit>
                </value>
            </str-tunarray-element>
            <str-tunarray-element>
                <id>3104</id>
                <value>
                    <description>
                        <name>Pitch Trim</name>
                    </description>
                    <unit>
                        <exist-unit>
                            <exist>1</exist>
                            <id>16</id>
                        </exist-unit>
                    </unit>
                </value>
            </str-tunarray-element>
            <str-tunarray-element>
                <id>3105</id>
                <value>
                    <description>
                        <name>IAS Trim</name>
                    </description>
                    <unit>
                        <exist-unit>
                            <exist>1</exist>
                            <id>0</id>
                        </exist-unit>
                    </unit>
                </value>
            </str-tunarray-element>
            <str-tunarray-element>
                <id>3106</id>
                <value>
                    <description>
                        <name>Altitude Mode MSL</name>
                    </description>
                    <unit>
                        <exist-unit>
                            <exist>1</exist>
                            <id>5</id>
                        </exist-unit>
                    </unit>
                </value>
            </str-tunarray-element>
            <str-tunarray-element>
                <id>3107</id>
                <value>
                    <description>
                        <name/>
                    </description>
                    <unit>
                        <exist-unit>
                            <exist>1</exist>
                            <id>100</id>
                        </exist-unit>
                    </unit>
                </value>
            </str-tunarray-element>
            <str-tunarray-element>
                <id>3108</id>
                <value>
                    <description>
                        <name/>
                    </description>
                    <unit>
                        <exist-unit>
                            <exist>1</exist>
                            <id>100</id>
                        </exist-unit>
                    </unit>
                </value>
            </str-tunarray-element>
            <str-tunarray-element>
                <id>3109</id>
                <value>
                    <description>
                        <name/>
                    </description>
                    <unit>
                        <no-exist-unit>
                            <exist>0</exist>
                        </no-exist-unit>
                    </unit>
                </value>
            </str-tunarray-element>
            <str-tunarray-element>
                <id>3110</id>
                <value>
                    <description>
                        <name/>
                    </description>
                    <unit>
                        <no-exist-unit>
                            <exist>0</exist>
                        </no-exist-unit>
                    </unit>
                </value>
            </str-tunarray-element>
            <str-tunarray-element>
                <id>3199</id>
                <value>
                    <description>
                        <name/>
                    </description>
                    <unit>
                        <no-exist-unit>
                            <exist>0</exist>
                        </no-exist-unit>
                    </unit>
                </value>
            </str-tunarray-element>
            <str-tunarray-element>
                <id>3111</id>
                <value>
                    <description>
                        <name/>
                    </description>
                    <unit>
                        <no-exist-unit>
                            <exist>0</exist>
                        </no-exist-unit>
                    </unit>
                </value>
            </str-tunarray-element>
            <str-tunarray-element>
                <id>3112</id>
                <value>
                    <description>
                        <name/>
                    </description>
                    <unit>
                        <no-exist-unit>
                            <exist>0</exist>
                        </no-exist-unit>
                    </unit>
                </value>
            </str-tunarray-element>
            <str-tunarray-element>
                <id>3113</id>
                <value>
                    <description>
                        <name/>
                    </description>
                    <unit>
                        <no-exist-unit>
                            <exist>0</exist>
                        </no-exist-unit>
                    </unit>
                </value>
            </str-tunarray-element>
            <str-tunarray-element>
                <id>3114</id>
                <value>
                    <description>
                        <name/>
                    </description>
                    <unit>
                        <no-exist-unit>
                            <exist>0</exist>
                        </no-exist-unit>
                    </unit>
                </value>
            </str-tunarray-element>
            <str-tunarray-element>
                <id>3115</id>
                <value>
                    <description>
                        <name/>
                    </description>
                    <unit>
                        <no-exist-unit>
                            <exist>0</exist>
                        </no-exist-unit>
                    </unit>
                </value>
            </str-tunarray-element>
            <str-tunarray-element>
                <id>3116</id>
                <value>
                    <description>
                        <name/>
                    </description>
                    <unit>
                        <no-exist-unit>
                            <exist>0</exist>
                        </no-exist-unit>
                    </unit>
                </value>
            </str-tunarray-element>
        </map>
    </data>
</entry-mrvar>
