<entry-oprwy>
    <id>70</id>
    <filename>runway.bin</filename>
    <version>
        <major>5</major>
        <minor>38</minor>
        <revision>21</revision>
    </version>
    <data>
        <runways>
            <str-tunarray-element str-tunarray-key="0">
                <runway>
                    <loides>
                        <ref-kval>
                            <type>65534</type>
                            <kval>
                                <wrt-choice>
                                    <wrt-choice-abs>
                                        <wrt>65535</wrt>
                                        <pos>
                                            <lon>-5719444</lon>
                                            <lat>382953994</lat>
                                            <alt>93664</alt>
                                        </pos>
                                    </wrt-choice-abs>
                                </wrt-choice>
                            </kval>
                        </ref-kval>
                    </loides>
                    <alarms_cfg/>
                    <fstart>
                        <ref-kval>
                            <type>65534</type>
                            <kval>
                                <wrt-choice>
                                    <wrt-choice-abs>
                                        <wrt>65535</wrt>
                                        <pos>
                                            <lon>-5749970</lon>
                                            <lat>382845012</lat>
                                            <alt>93664</alt>
                                        </pos>
                                    </wrt-choice-abs>
                                </wrt-choice>
                            </kval>
                        </ref-kval>
                    </fstart>
                    <fend>
                        <ref-kval>
                            <type>65534</type>
                            <kval>
                                <wrt-choice>
                                    <wrt-choice-abs>
                                        <wrt>65535</wrt>
                                        <pos>
                                            <lon>-5413169</lon>
                                            <lat>382797986</lat>
                                            <alt>63773</alt>
                                        </pos>
                                    </wrt-choice-abs>
                                </wrt-choice>
                            </kval>
                        </ref-kval>
                    </fend>
                    <preferred>0</preferred>
                    <margin-ratio>0.0</margin-ratio>
                    <margin-reverse-ratio>0.0</margin-reverse-ratio>
                </runway>
            </str-tunarray-element>
        </runways>
        <spots/>
    </data>
</entry-oprwy>
