<entry-blocks>
    <id>51</id>
    <filename>blocks.bin</filename>
    <version>
        <major>5</major>
        <minor>38</minor>
        <revision>21</revision>
    </version>
    <data>
        <programs>
            <str-tunarray-element>
                <str-tunarray-element>
                    <rvarget>
                        <block-type>100</block-type>
                        <rvarid>3102</rvarid>
                    </rvarget>
                </str-tunarray-element>
                <str-tunarray-element>
                    <rvarget>
                        <block-type>100</block-type>
                        <rvarid>300</rvarid>
                    </rvarget>
                </str-tunarray-element>
                <str-tunarray-element>
                    <build-real-array>
                        <block-type>30</block-type>
                        <ins>
                            <str-tunarray-element>
                                <block>0</block>
                                <out>0</out>
                            </str-tunarray-element>
                            <str-tunarray-element>
                                <block>1</block>
                                <out>0</out>
                            </str-tunarray-element>
                        </ins>
                    </build-real-array>
                </str-tunarray-element>
                <str-tunarray-element>
                    <const-real>
                        <block-type>150</block-type>
                        <value>
                            <str-tunarray-element>-1.0</str-tunarray-element>
                            <str-tunarray-element>1.0</str-tunarray-element>
                        </value>
                    </const-real>
                </str-tunarray-element>
                <str-tunarray-element>
                    <dot-product>
                        <block-type>400</block-type>
                        <data>
                            <input0>
                                <block>2</block>
                                <out>0</out>
                            </input0>
                            <input1>
                                <block>3</block>
                                <out>0</out>
                            </input1>
                        </data>
                    </dot-product>
                </str-tunarray-element>
                <str-tunarray-element>
                    <rvarset>
                        <block-type>101</block-type>
                        <data>
                            <input>
                                <block>4</block>
                                <out>0</out>
                            </input>
                            <rvarid>3100</rvarid>
                        </data>
                    </rvarset>
                </str-tunarray-element>
            </str-tunarray-element>
            <str-tunarray-element>
                <str-tunarray-element>
                    <const-real>
                        <block-type>150</block-type>
                        <value>
                            <str-tunarray-element>0.44</str-tunarray-element>
                        </value>
                    </const-real>
                </str-tunarray-element>
                <str-tunarray-element>
                    <rvarset>
                        <block-type>101</block-type>
                        <data>
                            <input>
                                <block>0</block>
                                <out>0</out>
                            </input>
                            <rvarid>3106</rvarid>
                        </data>
                    </rvarset>
                </str-tunarray-element>
            </str-tunarray-element>
            <str-tunarray-element/>
            <str-tunarray-element/>
            <str-tunarray-element/>
            <str-tunarray-element>
                <str-tunarray-element>
                    <rvarget>
                        <block-type>100</block-type>
                        <rvarid>300</rvarid>
                    </rvarget>
                </str-tunarray-element>
                <str-tunarray-element>
                    <const-real>
                        <block-type>150</block-type>
                        <value>
                            <str-tunarray-element>1.0</str-tunarray-element>
                        </value>
                    </const-real>
                </str-tunarray-element>
                <str-tunarray-element>
                    <func-r2xr1>
                        <block-type>201</block-type>
                        <data>
                            <input0>
                                <block>0</block>
                                <out>0</out>
                            </input0>
                            <input1>
                                <block>1</block>
                                <out>0</out>
                            </input1>
                            <type>2</type>
                        </data>
                    </func-r2xr1>
                </str-tunarray-element>
                <str-tunarray-element>
                    <rvarset>
                        <block-type>101</block-type>
                        <data>
                            <input>
                                <block>2</block>
                                <out>0</out>
                            </input>
                            <rvarid>3102</rvarid>
                        </data>
                    </rvarset>
                </str-tunarray-element>
            </str-tunarray-element>
        </programs>
        <steps>
            <str-tunarray-element>0</str-tunarray-element>
            <str-tunarray-element>1</str-tunarray-element>
        </steps>
    </data>
</entry-blocks>
