<entry-mblocks>
    <id>174</id>
    <filename>mblocks.bin</filename>
    <version>
        <major>5</major>
        <minor>38</minor>
        <revision>21</revision>
    </version>
    <data>
        <map>
            <str-tunarray-element>
                <x-pos>0</x-pos>
                <y-pos>0</y-pos>
            </str-tunarray-element>
            <str-tunarray-element>
                <x-pos>0</x-pos>
                <y-pos>0</y-pos>
            </str-tunarray-element>
            <str-tunarray-element>
                <x-pos>0</x-pos>
                <y-pos>0</y-pos>
            </str-tunarray-element>
            <str-tunarray-element>
                <x-pos>0</x-pos>
                <y-pos>0</y-pos>
            </str-tunarray-element>
            <str-tunarray-element>
                <x-pos>0</x-pos>
                <y-pos>0</y-pos>
            </str-tunarray-element>
            <str-tunarray-element>
                <x-pos>0</x-pos>
                <y-pos>0</y-pos>
            </str-tunarray-element>
            <str-tunarray-element>
                <x-pos>0</x-pos>
                <y-pos>0</y-pos>
            </str-tunarray-element>
            <str-tunarray-element>
                <x-pos>218</x-pos>
                <y-pos>11</y-pos>
            </str-tunarray-element>
            <str-tunarray-element>
                <x-pos>0</x-pos>
                <y-pos>0</y-pos>
            </str-tunarray-element>
            <str-tunarray-element>
                <x-pos>0</x-pos>
                <y-pos>0</y-pos>
            </str-tunarray-element>
            <str-tunarray-element>
                <x-pos>0</x-pos>
                <y-pos>0</y-pos>
            </str-tunarray-element>
            <str-tunarray-element>
                <x-pos>0</x-pos>
                <y-pos>0</y-pos>
            </str-tunarray-element>
        </map>
    </data>
</entry-mblocks>
