<entry-varstp>
    <id>65</id>
    <filename>varstp.bin</filename>
    <version>
        <major>5</major>
        <minor>38</minor>
        <revision>21</revision>
    </version>
    <data>
        <uvar0>
            <enable>1</enable>
            <is_signed>0</is_signed>
            <uvar_id>2001</uvar_id>
            <polycoef>
                <str-tunarray-element>0.0</str-tunarray-element>
            </polycoef>
        </uvar0>
        <uvar1>
            <enable>1</enable>
            <is_signed>0</is_signed>
            <uvar_id>2001</uvar_id>
            <polycoef>
                <str-tunarray-element>0.0</str-tunarray-element>
            </polycoef>
        </uvar1>
        <rvar0>
            <enable>1</enable>
            <rvar_id>4100</rvar_id>
        </rvar0>
        <rvar1>
            <enable>1</enable>
            <rvar_id>4100</rvar_id>
        </rvar1>
    </data>
</entry-varstp>
