<entry-mmission>
    <id>125</id>
    <filename>mmission.bin</filename>
    <version>
        <major>5</major>
        <minor>38</minor>
        <revision>21</revision>
    </version>
    <data>
        <str-tunarray-element str-tunarray-key="0">
            <data>
                <map>
                    <group>0</group>
                    <order>0</order>
                    <name>
                        <str-tunarray-element>83</str-tunarray-element>
                        <str-tunarray-element>116</str-tunarray-element>
                        <str-tunarray-element>97</str-tunarray-element>
                        <str-tunarray-element>110</str-tunarray-element>
                        <str-tunarray-element>100</str-tunarray-element>
                        <str-tunarray-element>98</str-tunarray-element>
                        <str-tunarray-element>121</str-tunarray-element>
                    </name>
                </map>
            </data>
        </str-tunarray-element>
        <str-tunarray-element str-tunarray-key="1">
            <data>
                <map>
                    <group>1</group>
                    <order>2</order>
                    <name>
                        <str-tunarray-element>67</str-tunarray-element>
                        <str-tunarray-element>108</str-tunarray-element>
                        <str-tunarray-element>105</str-tunarray-element>
                        <str-tunarray-element>109</str-tunarray-element>
                        <str-tunarray-element>98</str-tunarray-element>
                        <str-tunarray-element>105</str-tunarray-element>
                        <str-tunarray-element>110</str-tunarray-element>
                        <str-tunarray-element>103</str-tunarray-element>
                    </name>
                </map>
            </data>
        </str-tunarray-element>
        <str-tunarray-element str-tunarray-key="2">
            <data>
                <map>
                    <group>2</group>
                    <order>7</order>
                    <name>
                        <str-tunarray-element>70</str-tunarray-element>
                        <str-tunarray-element>108</str-tunarray-element>
                        <str-tunarray-element>97</str-tunarray-element>
                        <str-tunarray-element>114</str-tunarray-element>
                        <str-tunarray-element>101</str-tunarray-element>
                    </name>
                </map>
            </data>
        </str-tunarray-element>
        <str-tunarray-element str-tunarray-key="3">
            <data>
                <map>
                    <group>0</group>
                    <order>5</order>
                    <name>
                        <str-tunarray-element>72</str-tunarray-element>
                        <str-tunarray-element>111</str-tunarray-element>
                        <str-tunarray-element>108</str-tunarray-element>
                        <str-tunarray-element>100</str-tunarray-element>
                    </name>
                </map>
            </data>
        </str-tunarray-element>
        <str-tunarray-element str-tunarray-key="4">
            <data>
                <map>
                    <group>0</group>
                    <order>4</order>
                    <name>
                        <str-tunarray-element>67</str-tunarray-element>
                        <str-tunarray-element>114</str-tunarray-element>
                        <str-tunarray-element>117</str-tunarray-element>
                        <str-tunarray-element>105</str-tunarray-element>
                        <str-tunarray-element>115</str-tunarray-element>
                        <str-tunarray-element>101</str-tunarray-element>
                    </name>
                </map>
            </data>
        </str-tunarray-element>
        <str-tunarray-element str-tunarray-key="5">
            <data>
                <map>
                    <group>2</group>
                    <order>6</order>
                    <name>
                        <str-tunarray-element>76</str-tunarray-element>
                        <str-tunarray-element>97</str-tunarray-element>
                        <str-tunarray-element>110</str-tunarray-element>
                        <str-tunarray-element>100</str-tunarray-element>
                        <str-tunarray-element>105</str-tunarray-element>
                        <str-tunarray-element>110</str-tunarray-element>
                        <str-tunarray-element>103</str-tunarray-element>
                    </name>
                </map>
            </data>
        </str-tunarray-element>
        <str-tunarray-element str-tunarray-key="6">
            <data>
                <map>
                    <group>1</group>
                    <order>1</order>
                    <name>
                        <str-tunarray-element>82</str-tunarray-element>
                        <str-tunarray-element>117</str-tunarray-element>
                        <str-tunarray-element>110</str-tunarray-element>
                        <str-tunarray-element>119</str-tunarray-element>
                        <str-tunarray-element>97</str-tunarray-element>
                        <str-tunarray-element>121</str-tunarray-element>
                        <str-tunarray-element>32</str-tunarray-element>
                        <str-tunarray-element>84</str-tunarray-element>
                        <str-tunarray-element>97</str-tunarray-element>
                        <str-tunarray-element>107</str-tunarray-element>
                        <str-tunarray-element>101</str-tunarray-element>
                        <str-tunarray-element>111</str-tunarray-element>
                        <str-tunarray-element>102</str-tunarray-element>
                        <str-tunarray-element>102</str-tunarray-element>
                    </name>
                </map>
            </data>
        </str-tunarray-element>
        <str-tunarray-element str-tunarray-key="7">
            <data>
                <map>
                    <group>0</group>
                    <order>3</order>
                    <name>
                        <str-tunarray-element>72</str-tunarray-element>
                        <str-tunarray-element>111</str-tunarray-element>
                        <str-tunarray-element>108</str-tunarray-element>
                        <str-tunarray-element>100</str-tunarray-element>
                        <str-tunarray-element>105</str-tunarray-element>
                        <str-tunarray-element>110</str-tunarray-element>
                        <str-tunarray-element>103</str-tunarray-element>
                        <str-tunarray-element>32</str-tunarray-element>
                        <str-tunarray-element>65</str-tunarray-element>
                        <str-tunarray-element>114</str-tunarray-element>
                        <str-tunarray-element>101</str-tunarray-element>
                        <str-tunarray-element>97</str-tunarray-element>
                    </name>
                </map>
            </data>
        </str-tunarray-element>
    </data>
</entry-mmission>
