<entry-gpscompass>
    <id>115</id>
    <filename>gpsatt.bin</filename>
    <version>
        <major>5</major>
        <minor>38</minor>
        <revision>21</revision>
    </version>
    <data>
        <gpscps-mask>0</gpscps-mask>
        <gpscps-type>0</gpscps-type>
        <gpscps-irover>0</gpscps-irover>
        <gpscps-ibase>1</gpscps-ibase>
        <gpscps-useexterr>0</gpscps-useexterr>
        <gpscps-rposerr>20.0</gpscps-rposerr>
        <gpscps-use3d>1</gpscps-use3d>
    </data>
</entry-gpscompass>
