<entry-mnotif>
    <id>145</id>
    <filename>mnotif.bin</filename>
    <version>
        <major>5</major>
        <minor>38</minor>
        <revision>21</revision>
    </version>
    <data>
        <map>
            <str-tunarray-element>
                <bit>100</bit>
                <state>0</state>
            </str-tunarray-element>
            <str-tunarray-element>
                <bit>4</bit>
                <state>0</state>
            </str-tunarray-element>
            <str-tunarray-element>
                <bit>6</bit>
                <state>0</state>
            </str-tunarray-element>
            <str-tunarray-element>
                <bit>101</bit>
                <state>0</state>
            </str-tunarray-element>
            <str-tunarray-element>
                <bit>117</bit>
                <state>0</state>
            </str-tunarray-element>
            <str-tunarray-element>
                <bit>700</bit>
                <state>0</state>
            </str-tunarray-element>
            <str-tunarray-element>
                <bit>701</bit>
                <state>0</state>
            </str-tunarray-element>
            <str-tunarray-element>
                <bit>702</bit>
                <state>0</state>
            </str-tunarray-element>
            <str-tunarray-element>
                <bit>703</bit>
                <state>0</state>
            </str-tunarray-element>
            <str-tunarray-element>
                <bit>704</bit>
                <state>0</state>
            </str-tunarray-element>
            <str-tunarray-element>
                <bit>705</bit>
                <state>0</state>
            </str-tunarray-element>
            <str-tunarray-element>
                <bit>706</bit>
                <state>0</state>
            </str-tunarray-element>
            <str-tunarray-element>
                <bit>707</bit>
                <state>0</state>
            </str-tunarray-element>
            <str-tunarray-element>
                <bit>3</bit>
                <state>0</state>
            </str-tunarray-element>
            <str-tunarray-element>
                <bit>110</bit>
                <state>0</state>
            </str-tunarray-element>
            <str-tunarray-element>
                <bit>50</bit>
                <state>0</state>
            </str-tunarray-element>
            <str-tunarray-element>
                <bit>9</bit>
                <state>0</state>
            </str-tunarray-element>
        </map>
    </data>
</entry-mnotif>
