<entry-usoundbase>
    <id>114</id>
    <filename>usbase.bin</filename>
    <version>
        <major>5</major>
        <minor>38</minor>
        <revision>21</revision>
    </version>
    <data>
        <baseloaded>0</baseloaded>
        <basepos>
            <wrt-choice>
                <wrt-choice-rel>
                    <wrt>1</wrt>
                    <rn>
                        <x>9.1833E-41</x>
                        <y>0.0</y>
                        <z>0.0</z>
                    </rn>
                </wrt-choice-rel>
            </wrt-choice>
        </basepos>
        <UAb>
            <x>0.0</x>
            <y>0.0</y>
            <z>0.0</z>
        </UAb>
        <base_yaw>
            <vref-kval>
                <type>65534</type>
                <kval>0.0</kval>
            </vref-kval>
        </base_yaw>
        <base_pitch>
            <vref-kval>
                <type>65534</type>
                <kval>0.0</kval>
            </vref-kval>
        </base_pitch>
        <base_roll>
            <vref-kval>
                <type>65534</type>
                <kval>0.0</kval>
            </vref-kval>
        </base_roll>
        <ext_err>1</ext_err>
    </data>
</entry-usoundbase>
