<entry-stpress>
    <id>41</id>
    <filename>stpress.bin</filename>
    <version>
        <major>5</major>
        <minor>38</minor>
        <revision>21</revision>
    </version>
    <data>
        <mode>1</mode>
        <e2>100000.0</e2>
        <decimation>5</decimation>
        <gndef_e2>1.0E7</gndef_e2>
        <gndef_dh>0.0</gndef_dh>
        <gndef_ctab>
            <str-tunarray-element>
                <x>-5.0</x>
                <y1>-1.5</y1>
            </str-tunarray-element>
            <str-tunarray-element>
                <x>-4.0</x>
                <y1>-0.5</y1>
            </str-tunarray-element>
            <str-tunarray-element>
                <x>-0.5</x>
                <y1>-0.5</y1>
            </str-tunarray-element>
            <str-tunarray-element>
                <x>1.0</x>
                <y1>1.0</y1>
            </str-tunarray-element>
        </gndef_ctab>
        <e2rl>
            <lfalling>-9900000.0</lfalling>
            <lrising>-1.0</lrising>
        </e2rl>
    </data>
</entry-stpress>
