<entry-vmgr>
    <id>80</id>
    <filename>vmgr.bin</filename>
    <version>
        <major>5</major>
        <minor>38</minor>
        <revision>21</revision>
    </version>
    <data>
        <str-tunarray-element>
            <vtype>0</vtype>
            <id>3101</id>
            <val0>1.0</val0>
        </str-tunarray-element>
        <str-tunarray-element>
            <vtype>0</vtype>
            <id>3100</id>
            <val0>0.0</val0>
        </str-tunarray-element>
        <str-tunarray-element>
            <vtype>0</vtype>
            <id>3102</id>
            <val0>0.0</val0>
        </str-tunarray-element>
        <str-tunarray-element>
            <vtype>0</vtype>
            <id>3103</id>
            <val0>0.0</val0>
        </str-tunarray-element>
        <str-tunarray-element>
            <vtype>0</vtype>
            <id>3104</id>
            <val0>0.025</val0>
        </str-tunarray-element>
        <str-tunarray-element>
            <vtype>0</vtype>
            <id>3105</id>
            <val0>23.0</val0>
        </str-tunarray-element>
        <str-tunarray-element>
            <vtype>0</vtype>
            <id>2300</id>
            <val0>0.0</val0>
        </str-tunarray-element>
        <str-tunarray-element>
            <vtype>0</vtype>
            <id>2301</id>
            <val0>0.0</val0>
        </str-tunarray-element>
    </data>
</entry-vmgr>
