<entry-ubx0>
    <id>13</id>
    <filename>ubx0.bin</filename>
    <version>
        <major>5</major>
        <minor>38</minor>
        <revision>21</revision>
    </version>
    <data>
        <port>
            <port_id>4</port_id>
            <reserved0>0</reserved0>
            <tx_ready>0</tx_ready>
            <mode>0</mode>
            <reserved1>0</reserved1>
            <reserved2>0</reserved2>
            <reserved3>0</reserved3>
            <reserved4>0</reserved4>
            <in_proto_mask>1</in_proto_mask>
            <out_proto_mask>1</out_proto_mask>
            <flags>0</flags>
            <reserved5>0</reserved5>
            <reserved6>0</reserved6>
        </port>
        <nav5>
            <mask>1463</mask>
            <dynmodel>8</dynmodel>
            <fixmode>2</fixmode>
            <fixedAlt>0</fixedAlt>
            <fixedAltVar>1</fixedAltVar>
            <minElev>5</minElev>
            <reserved0>0</reserved0>
            <pDop>250</pDop>
            <tDop>1000</tDop>
            <pAcc>100</pAcc>
            <tAcc>100</tAcc>
            <staticHoldThresh>0</staticHoldThresh>
            <dgnssTimeout>60</dgnssTimeout>
            <cnoThreshNumSVs>4</cnoThreshNumSVs>
            <cnoThresh>0</cnoThresh>
            <reserved1>0</reserved1>
            <reserved2>0</reserved2>
            <staticHoldMaxDist>0</staticHoldMaxDist>
            <utcStandard>0</utcStandard>
            <reserved3>0</reserved3>
            <reserved4>0</reserved4>
            <reserved5>0</reserved5>
            <reserved6>0</reserved6>
            <reserved7>0</reserved7>
        </nav5>
        <navx5>
            <version>2</version>
            <mask1>26188</mask1>
            <mask2>0</mask2>
            <reserved0>0</reserved0>
            <reserved1>0</reserved1>
            <minSVs>4</minSVs>
            <maxSVs>20</maxSVs>
            <minCNO>6</minCNO>
            <reserved2>0</reserved2>
            <iniFix3D>1</iniFix3D>
            <reserved3>0</reserved3>
            <reserved4>0</reserved4>
            <ackAiding>1</ackAiding>
            <wknRollover>0</wknRollover>
            <sigAttenCompMode>0</sigAttenCompMode>
            <reserved5>0</reserved5>
            <reserved6>0</reserved6>
            <reserved7>0</reserved7>
            <reserved8>0</reserved8>
            <reserved9>0</reserved9>
            <ppp>0</ppp>
            <aopCfg>0</aopCfg>
            <reserved10>0</reserved10>
            <reserved11>0</reserved11>
            <aopOrbMaxErr>0</aopOrbMaxErr>
            <reserved12>0</reserved12>
            <reserved13>0</reserved13>
            <reserved14>0</reserved14>
            <reserved15>0</reserved15>
            <reserved16>0</reserved16>
            <reserved17>0</reserved17>
            <reserved18>0</reserved18>
            <useAdr>0</useAdr>
        </navx5>
        <tmode3>
            <version>0</version>
            <reserved0>0</reserved0>
            <mode_flags>0</mode_flags>
            <ecef_x_or_lat>0</ecef_x_or_lat>
            <ecef_y_or_lon>0</ecef_y_or_lon>
            <ecef_z_or_alt>0</ecef_z_or_alt>
            <ecef_x_or_lat_hp>0</ecef_x_or_lat_hp>
            <ecef_y_or_lon_hp>0</ecef_y_or_lon_hp>
            <ecef_z_or_alt_hp>0</ecef_z_or_alt_hp>
            <reserved1>0</reserved1>
            <fixed_pos_acc>0</fixed_pos_acc>
            <svin_min_dur>0</svin_min_dur>
            <svin_acc_limit>0</svin_acc_limit>
            <reserved2>0</reserved2>
            <reserved3>0</reserved3>
            <reserved4>0</reserved4>
            <reserved5>0</reserved5>
            <reserved6>0</reserved6>
            <reserved7>0</reserved7>
            <reserved8>0</reserved8>
            <reserved9>0</reserved9>
        </tmode3>
        <sbas>
            <mode>3</mode>
            <usage>7</usage>
            <maxSbas>3</maxSbas>
            <scanMode2>0</scanMode2>
            <scanMode1>0</scanMode1>
        </sbas>
        <cfg_rate>
            <measRate>250</measRate>
            <navRate>1</navRate>
            <timeRef>1</timeRef>
        </cfg_rate>
        <msg_status>
            <msg-class>1</msg-class>
            <msg-id>3</msg-id>
            <i2c>0</i2c>
            <uart1>0</uart1>
            <uart2>0</uart2>
            <usb>0</usb>
            <rate>0</rate>
            <port5>0</port5>
        </msg_status>
        <msg_pvt>
            <msg-class>1</msg-class>
            <msg-id>7</msg-id>
            <i2c>0</i2c>
            <uart1>0</uart1>
            <uart2>0</uart2>
            <usb>0</usb>
            <rate>1</rate>
            <port5>0</port5>
        </msg_pvt>
        <msg_time_gps>
            <msg-class>1</msg-class>
            <msg-id>32</msg-id>
            <i2c>0</i2c>
            <uart1>0</uart1>
            <uart2>0</uart2>
            <usb>0</usb>
            <rate>8</rate>
            <port5>0</port5>
        </msg_time_gps>
        <msg_svin>
            <msg-class>1</msg-class>
            <msg-id>59</msg-id>
            <i2c>0</i2c>
            <uart1>0</uart1>
            <uart2>0</uart2>
            <usb>0</usb>
            <rate>0</rate>
            <port5>0</port5>
        </msg_svin>
        <msg_rned>
            <msg-class>1</msg-class>
            <msg-id>60</msg-id>
            <i2c>0</i2c>
            <uart1>0</uart1>
            <uart2>0</uart2>
            <usb>0</usb>
            <rate>0</rate>
            <port5>0</port5>
        </msg_rned>
        <msg_timtp>
            <msg-class>13</msg-class>
            <msg-id>1</msg-id>
            <i2c>0</i2c>
            <uart1>0</uart1>
            <uart2>0</uart2>
            <usb>0</usb>
            <rate>0</rate>
            <port5>0</port5>
        </msg_timtp>
        <msg_rtcminst>
            <msg-class>2</msg-class>
            <msg-id>50</msg-id>
            <i2c>0</i2c>
            <uart1>0</uart1>
            <uart2>0</uart2>
            <usb>0</usb>
            <rate>0</rate>
            <port5>0</port5>
        </msg_rtcminst>
        <msg_rtcm1005>
            <msg-class>245</msg-class>
            <msg-id>5</msg-id>
            <i2c>0</i2c>
            <uart1>0</uart1>
            <uart2>0</uart2>
            <usb>0</usb>
            <rate>0</rate>
            <port5>0</port5>
        </msg_rtcm1005>
        <msg_rtcm1087>
            <msg-class>245</msg-class>
            <msg-id>87</msg-id>
            <i2c>0</i2c>
            <uart1>0</uart1>
            <uart2>0</uart2>
            <usb>0</usb>
            <rate>0</rate>
            <port5>0</port5>
        </msg_rtcm1087>
        <msg_rtcm1077>
            <msg-class>245</msg-class>
            <msg-id>77</msg-id>
            <i2c>0</i2c>
            <uart1>0</uart1>
            <uart2>0</uart2>
            <usb>0</usb>
            <rate>0</rate>
            <port5>0</port5>
        </msg_rtcm1077>
        <msg_rtcm1127>
            <msg-class>245</msg-class>
            <msg-id>127</msg-id>
            <i2c>0</i2c>
            <uart1>0</uart1>
            <uart2>0</uart2>
            <usb>0</usb>
            <rate>0</rate>
            <port5>0</port5>
        </msg_rtcm1127>
        <msg_rtcm1230>
            <msg-class>245</msg-class>
            <msg-id>230</msg-id>
            <i2c>0</i2c>
            <uart1>0</uart1>
            <uart2>0</uart2>
            <usb>0</usb>
            <rate>0</rate>
            <port5>0</port5>
        </msg_rtcm1230>
        <msg_rtcm4072>
            <msg-class>245</msg-class>
            <msg-id>254</msg-id>
            <i2c>0</i2c>
            <uart1>0</uart1>
            <uart2>0</uart2>
            <usb>0</usb>
            <rate>0</rate>
            <port5>0</port5>
        </msg_rtcm4072>
    </data>
</entry-ubx0>
