<entry-magsuite>
    <id>4</id>
    <filename>magsuite.bin</filename>
    <version>
        <major>5</major>
        <minor>38</minor>
        <revision>21</revision>
    </version>
    <data>
        <initial>4</initial>
        <ss>
            <sensor0>
                <Lps>
                    <a00>1.0</a00>
                    <a10>0.0</a10>
                    <a20>0.0</a20>
                    <a01>0.0</a01>
                    <a11>1.0</a11>
                    <a21>0.0</a21>
                    <a02>0.0</a02>
                    <a12>0.0</a12>
                    <a22>1.0</a22>
                </Lps>
            </sensor0>
            <sensor1>
                <Lps>
                    <a00>1.0</a00>
                    <a10>0.0</a10>
                    <a20>0.0</a20>
                    <a01>0.0</a01>
                    <a11>1.0</a11>
                    <a21>0.0</a21>
                    <a02>0.0</a02>
                    <a12>0.0</a12>
                    <a22>1.0</a22>
                </Lps>
            </sensor1>
            <sensor2>
                <Lps>
                    <a00>1.0</a00>
                    <a10>0.0</a10>
                    <a20>0.0</a20>
                    <a01>0.0</a01>
                    <a11>1.0</a11>
                    <a21>0.0</a21>
                    <a02>0.0</a02>
                    <a12>0.0</a12>
                    <a22>1.0</a22>
                </Lps>
            </sensor2>
            <sensor3>
                <Lps>
                    <a00>1.0</a00>
                    <a10>0.0</a10>
                    <a20>0.0</a20>
                    <a01>0.0</a01>
                    <a11>1.0</a11>
                    <a21>0.0</a21>
                    <a02>0.0</a02>
                    <a12>0.0</a12>
                    <a22>1.0</a22>
                </Lps>
            </sensor3>
            <sensor4>
                <Lps>
                    <a00>-1.0</a00>
                    <a10>0.0</a10>
                    <a20>0.0</a20>
                    <a01>0.0</a01>
                    <a11>1.0</a11>
                    <a21>0.0</a21>
                    <a02>0.0</a02>
                    <a12>0.0</a12>
                    <a22>-1.0</a22>
                </Lps>
            </sensor4>
            <sensor5>
                <Lps>
                    <a00>1.0</a00>
                    <a10>0.0</a10>
                    <a20>0.0</a20>
                    <a01>0.0</a01>
                    <a11>1.0</a11>
                    <a21>0.0</a21>
                    <a02>0.0</a02>
                    <a12>0.0</a12>
                    <a22>1.0</a22>
                </Lps>
            </sensor5>
            <sensor6>
                <Lps>
                    <a00>1.0</a00>
                    <a10>0.0</a10>
                    <a20>0.0</a20>
                    <a01>0.0</a01>
                    <a11>1.0</a11>
                    <a21>0.0</a21>
                    <a02>0.0</a02>
                    <a12>0.0</a12>
                    <a22>1.0</a22>
                </Lps>
            </sensor6>
            <sensor7>
                <Lps>
                    <a00>1.0</a00>
                    <a10>0.0</a10>
                    <a20>0.0</a20>
                    <a01>0.0</a01>
                    <a11>1.0</a11>
                    <a21>0.0</a21>
                    <a02>0.0</a02>
                    <a12>0.0</a12>
                    <a22>1.0</a22>
                </Lps>
            </sensor7>
            <sensor8>
                <Lps>
                    <a00>0.0</a00>
                    <a10>1.0</a10>
                    <a20>0.0</a20>
                    <a01>1.0</a01>
                    <a11>0.0</a11>
                    <a21>0.0</a21>
                    <a02>0.0</a02>
                    <a12>0.0</a12>
                    <a22>-1.0</a22>
                </Lps>
            </sensor8>
        </ss>
    </data>
</entry-magsuite>
