<entry-satmgr>
    <id>119</id>
    <filename>satmgr.bin</filename>
    <version>
        <major>5</major>
        <minor>38</minor>
        <revision>21</revision>
    </version>
    <data>
        <type>0</type>
        <lambda>
            <str-tunarray-element>0.0</str-tunarray-element>
            <str-tunarray-element>0.0</str-tunarray-element>
            <str-tunarray-element>0.0</str-tunarray-element>
            <str-tunarray-element>0.0</str-tunarray-element>
            <str-tunarray-element>0.0</str-tunarray-element>
        </lambda>
    </data>
</entry-satmgr>
