<entry-varacc>
    <id>121</id>
    <filename>varacc.bin</filename>
    <version>
        <major>5</major>
        <minor>38</minor>
        <revision>21</revision>
    </version>
    <data>
        <uvar0>
            <enable>0</enable>
            <vs0>
                <is_signed>0</is_signed>
                <uvar_id>2001</uvar_id>
                <polycoef/>
            </vs0>
            <vs1>
                <is_signed>0</is_signed>
                <uvar_id>2001</uvar_id>
                <polycoef/>
            </vs1>
            <vs2>
                <is_signed>0</is_signed>
                <uvar_id>2001</uvar_id>
                <polycoef/>
            </vs2>
        </uvar0>
        <uvar1>
            <enable>0</enable>
            <vs0>
                <is_signed>0</is_signed>
                <uvar_id>2001</uvar_id>
                <polycoef/>
            </vs0>
            <vs1>
                <is_signed>0</is_signed>
                <uvar_id>2001</uvar_id>
                <polycoef/>
            </vs1>
            <vs2>
                <is_signed>0</is_signed>
                <uvar_id>2001</uvar_id>
                <polycoef/>
            </vs2>
        </uvar1>
        <rvar0>
            <enable>1</enable>
            <vs0>
                <rvar_id>4100</rvar_id>
            </vs0>
            <vs1>
                <rvar_id>4100</rvar_id>
            </vs1>
            <vs2>
                <rvar_id>4100</rvar_id>
            </vs2>
        </rvar0>
        <rvar1>
            <enable>1</enable>
            <vs0>
                <rvar_id>4100</rvar_id>
            </vs0>
            <vs1>
                <rvar_id>4100</rvar_id>
            </vs1>
            <vs2>
                <rvar_id>4100</rvar_id>
            </vs2>
        </rvar1>
    </data>
</entry-varacc>
