<entry-xpecap>
    <id>100</id>
    <filename>xpecap.bin</filename>
    <version>
        <major>5</major>
        <minor>38</minor>
        <revision>21</revision>
    </version>
    <data>
        <str-tunarray-element>
            <producer>3</producer>
            <consumer>6</consumer>
            <group>0</group>
        </str-tunarray-element>
        <str-tunarray-element>
            <producer>0</producer>
            <consumer>0</consumer>
            <group>0</group>
        </str-tunarray-element>
        <str-tunarray-element>
            <producer>1</producer>
            <consumer>1</consumer>
            <group>0</group>
        </str-tunarray-element>
        <str-tunarray-element>
            <producer>2</producer>
            <consumer>10</consumer>
            <group>0</group>
        </str-tunarray-element>
    </data>
</entry-xpecap>
