<entry-ecap>
    <id>101</id>
    <filename>ecap.bin</filename>
    <version>
        <major>5</major>
        <minor>38</minor>
        <revision>21</revision>
    </version>
    <data>
        <ecap1>
            <enable>1</enable>
            <gpio-id>100</gpio-id>
            <wrap>3</wrap>
            <trigger1>0</trigger1>
            <trigger2>1</trigger2>
            <trigger3>0</trigger3>
            <trigger4>1</trigger4>
        </ecap1>
        <ecap2>
            <enable>1</enable>
            <gpio-id>101</gpio-id>
            <wrap>3</wrap>
            <trigger1>0</trigger1>
            <trigger2>1</trigger2>
            <trigger3>0</trigger3>
            <trigger4>1</trigger4>
        </ecap2>
        <ecap3>
            <enable>1</enable>
            <gpio-id>102</gpio-id>
            <wrap>3</wrap>
            <trigger1>0</trigger1>
            <trigger2>1</trigger2>
            <trigger3>0</trigger3>
            <trigger4>1</trigger4>
        </ecap3>
        <ecap4>
            <enable>1</enable>
            <gpio-id>103</gpio-id>
            <wrap>3</wrap>
            <trigger1>0</trigger1>
            <trigger2>1</trigger2>
            <trigger3>0</trigger3>
            <trigger4>1</trigger4>
        </ecap4>
        <ecap5>
            <enable>1</enable>
            <gpio-id>100</gpio-id>
            <wrap>3</wrap>
            <trigger1>0</trigger1>
            <trigger2>1</trigger2>
            <trigger3>0</trigger3>
            <trigger4>1</trigger4>
        </ecap5>
        <ecap6>
            <enable>1</enable>
            <gpio-id>100</gpio-id>
            <wrap>3</wrap>
            <trigger1>0</trigger1>
            <trigger2>1</trigger2>
            <trigger3>0</trigger3>
            <trigger4>1</trigger4>
        </ecap6>
    </data>
</entry-ecap>
