<entry-tm-compl>
    <id>72</id>
    <filename>tmcompl.bin</filename>
    <version>
        <major>5</major>
        <minor>38</minor>
        <revision>21</revision>
    </version>
    <data>
        <str-tunarray-element>
            <fields>
                <str-tunarray-element>
                    <data-fieldset>
                        <real-float32>
                            <type>0</type>
                            <id>210</id>
                            <scale>1.0</scale>
                        </real-float32>
                    </data-fieldset>
                </str-tunarray-element>
                <str-tunarray-element>
                    <data-fieldset>
                        <real-float32>
                            <type>0</type>
                            <id>300</id>
                            <scale>1.0</scale>
                        </real-float32>
                    </data-fieldset>
                </str-tunarray-element>
                <str-tunarray-element>
                    <data-fieldset>
                        <real-float32>
                            <type>0</type>
                            <id>400</id>
                            <scale>1.0</scale>
                        </real-float32>
                    </data-fieldset>
                </str-tunarray-element>
                <str-tunarray-element>
                    <data-fieldset>
                        <real-float32>
                            <type>0</type>
                            <id>504</id>
                            <scale>1.0</scale>
                        </real-float32>
                    </data-fieldset>
                </str-tunarray-element>
                <str-tunarray-element>
                    <data-fieldset>
                        <real-float32>
                            <type>0</type>
                            <id>755</id>
                            <scale>1.0</scale>
                        </real-float32>
                    </data-fieldset>
                </str-tunarray-element>
                <str-tunarray-element>
                    <data-fieldset>
                        <real-float32>
                            <type>0</type>
                            <id>1607</id>
                            <scale>1.0</scale>
                        </real-float32>
                    </data-fieldset>
                </str-tunarray-element>
                <str-tunarray-element>
                    <data-fieldset>
                        <real-float32>
                            <type>0</type>
                            <id>2000</id>
                            <scale>1.0</scale>
                        </real-float32>
                    </data-fieldset>
                </str-tunarray-element>
                <str-tunarray-element>
                    <data-fieldset>
                        <real-float32>
                            <type>0</type>
                            <id>2001</id>
                            <scale>1.0</scale>
                        </real-float32>
                    </data-fieldset>
                </str-tunarray-element>
                <str-tunarray-element>
                    <data-fieldset>
                        <real-float32>
                            <type>0</type>
                            <id>2400</id>
                            <scale>1.0</scale>
                        </real-float32>
                    </data-fieldset>
                </str-tunarray-element>
                <str-tunarray-element>
                    <data-fieldset>
                        <real-float32>
                            <type>0</type>
                            <id>2401</id>
                            <scale>1.0</scale>
                        </real-float32>
                    </data-fieldset>
                </str-tunarray-element>
                <str-tunarray-element>
                    <data-fieldset>
                        <real-float32>
                            <type>0</type>
                            <id>2402</id>
                            <scale>1.0</scale>
                        </real-float32>
                    </data-fieldset>
                </str-tunarray-element>
                <str-tunarray-element>
                    <data-fieldset>
                        <real-float32>
                            <type>0</type>
                            <id>2403</id>
                            <scale>1.0</scale>
                        </real-float32>
                    </data-fieldset>
                </str-tunarray-element>
                <str-tunarray-element>
                    <data-fieldset>
                        <real-float32>
                            <type>0</type>
                            <id>3101</id>
                            <scale>1.0</scale>
                        </real-float32>
                    </data-fieldset>
                </str-tunarray-element>
                <str-tunarray-element>
                    <data-fieldset>
                        <uinteger16>
                            <type>2</type>
                            <id>80</id>
                            <min>0.0</min>
                            <max>65535.0</max>
                        </uinteger16>
                    </data-fieldset>
                </str-tunarray-element>
                <str-tunarray-element>
                    <data-fieldset>
                        <uinteger16>
                            <type>2</type>
                            <id>100</id>
                            <min>0.0</min>
                            <max>65535.0</max>
                        </uinteger16>
                    </data-fieldset>
                </str-tunarray-element>
                <str-tunarray-element>
                    <data-fieldset>
                        <uinteger16>
                            <type>2</type>
                            <id>397</id>
                            <min>0.0</min>
                            <max>65535.0</max>
                        </uinteger16>
                    </data-fieldset>
                </str-tunarray-element>
                <str-tunarray-element>
                    <data-fieldset>
                        <bit>
                            <type>3</type>
                            <id>3</id>
                        </bit>
                    </data-fieldset>
                </str-tunarray-element>
                <str-tunarray-element>
                    <data-fieldset>
                        <bit>
                            <type>3</type>
                            <id>4</id>
                        </bit>
                    </data-fieldset>
                </str-tunarray-element>
                <str-tunarray-element>
                    <data-fieldset>
                        <bit>
                            <type>3</type>
                            <id>7</id>
                        </bit>
                    </data-fieldset>
                </str-tunarray-element>
                <str-tunarray-element>
                    <data-fieldset>
                        <bit>
                            <type>3</type>
                            <id>9</id>
                        </bit>
                    </data-fieldset>
                </str-tunarray-element>
                <str-tunarray-element>
                    <data-fieldset>
                        <bit>
                            <type>3</type>
                            <id>101</id>
                        </bit>
                    </data-fieldset>
                </str-tunarray-element>
                <str-tunarray-element>
                    <data-fieldset>
                        <bit>
                            <type>3</type>
                            <id>106</id>
                        </bit>
                    </data-fieldset>
                </str-tunarray-element>
                <str-tunarray-element>
                    <data-fieldset>
                        <bit>
                            <type>3</type>
                            <id>117</id>
                        </bit>
                    </data-fieldset>
                </str-tunarray-element>
                <str-tunarray-element>
                    <data-fieldset>
                        <bit>
                            <type>3</type>
                            <id>700</id>
                        </bit>
                    </data-fieldset>
                </str-tunarray-element>
                <str-tunarray-element>
                    <data-fieldset>
                        <bit>
                            <type>3</type>
                            <id>701</id>
                        </bit>
                    </data-fieldset>
                </str-tunarray-element>
                <str-tunarray-element>
                    <data-fieldset>
                        <bit>
                            <type>3</type>
                            <id>702</id>
                        </bit>
                    </data-fieldset>
                </str-tunarray-element>
                <str-tunarray-element>
                    <data-fieldset>
                        <bit>
                            <type>3</type>
                            <id>703</id>
                        </bit>
                    </data-fieldset>
                </str-tunarray-element>
                <str-tunarray-element>
                    <data-fieldset>
                        <bit>
                            <type>3</type>
                            <id>704</id>
                        </bit>
                    </data-fieldset>
                </str-tunarray-element>
                <str-tunarray-element>
                    <data-fieldset>
                        <bit>
                            <type>3</type>
                            <id>705</id>
                        </bit>
                    </data-fieldset>
                </str-tunarray-element>
                <str-tunarray-element>
                    <data-fieldset>
                        <bit>
                            <type>3</type>
                            <id>706</id>
                        </bit>
                    </data-fieldset>
                </str-tunarray-element>
                <str-tunarray-element>
                    <data-fieldset>
                        <bit>
                            <type>3</type>
                            <id>707</id>
                        </bit>
                    </data-fieldset>
                </str-tunarray-element>
                <str-tunarray-element>
                    <data-fieldset>
                        <bit>
                            <type>3</type>
                            <id>1201</id>
                        </bit>
                    </data-fieldset>
                </str-tunarray-element>
                <str-tunarray-element>
                    <data-fieldset>
                        <pos_abs>
                            <type>10</type>
                            <id>8192</id>
                        </pos_abs>
                    </data-fieldset>
                </str-tunarray-element>
            </fields>
            <periode>0.1</periode>
            <address>
                <uav>2</uav>
            </address>
        </str-tunarray-element>
    </data>
</entry-tm-compl>
