<entry-imu0>
    <id>102</id>
    <filename>imu0.bin</filename>
    <version>
        <major>5</major>
        <minor>38</minor>
        <revision>21</revision>
    </version>
    <data>
        <accelEnabled>1</accelEnabled>
        <accelRange>4</accelRange>
        <accelSampleRate>160</accelSampleRate>
        <accelbw>3</accelbw>
        <enOutDr>1</enOutDr>
        <linear_lpf2>96</linear_lpf2>
        <accel_dso_lpf2_en>0</accel_dso_lpf2_en>
        <accel_dso_lpf2_fc>0</accel_dso_lpf2_fc>
        <gyroEnabled>1</gyroEnabled>
        <gyroRange>4</gyroRange>
        <gyroSampleRate>128</gyroSampleRate>
        <gyroHpfEn>0</gyroHpfEn>
        <gyroHpf>0</gyroHpf>
        <gyro_dso_lpf1_en>0</gyro_dso_lpf1_en>
        <gyro_dso_lpf1_fc>0</gyro_dso_lpf1_fc>
        <temp_enabled>1</temp_enabled>
        <accel_max_nv_samples>30</accel_max_nv_samples>
        <gyro_max_nv_samples>40</gyro_max_nv_samples>
    </data>
</entry-imu0>
