<entry-phase6>
    <id>160</id>
    <filename>phase6.bin</filename>
    <version>
        <major>5</major>
        <minor>38</minor>
        <revision>21</revision>
    </version>
    <data>
        <enabled-choice>
            <enabled-choice-1>
                <enabled>1</enabled>
                <gcfg-str>
                    <gcfg>
                        <arc/>
                        <maneuvers>
                            <str-tunarray-element>
                                <taxi>
                                    <str-tunarray-key>5</str-tunarray-key>
                                    <data>
                                        <tcmd_flyto>
                                            <flytocmd-choice>
                                                <no-flytocmd>
                                                    <hasflyto>0</hasflyto>
                                                </no-flytocmd>
                                            </flytocmd-choice>
                                        </tcmd_flyto>
                                        <tcmd_a_brake>0.5</tcmd_a_brake>
                                        <tcmd_spdcmd>
                                            <speed-guidance-mode>
                                                <mspd_fixed>
                                                    <mode>0</mode>
                                                    <tcmd_speed_vtype>0</tcmd_speed_vtype>
                                                    <tcmd_speed_vlink>
                                                        <vref-kval>
                                                            <type>65534</type>
                                                            <kval>19.0</kval>
                                                        </vref-kval>
                                                    </tcmd_speed_vlink>
                                                </mspd_fixed>
                                            </speed-guidance-mode>
                                        </tcmd_spdcmd>
                                        <tcmd_arclim>
                                            <arc-hlim>1.0</arc-hlim>
                                            <arc-vlim>1.0</arc-vlim>
                                        </tcmd_arclim>
                                        <tcmd_contx>
                                            <type>
                                                <type-pid>
                                                    <type>0</type>
                                                    <common>
                                                        <vxc>250</vxc>
                                                        <vx>4100</vx>
                                                        <derivativeEnabled>0</derivativeEnabled>
                                                        <derivative>4100</derivative>
                                                        <opin>0</opin>
                                                        <vout>253</vout>
                                                        <vout_ext>253</vout_ext>
                                                        <integralEnabled>0</integralEnabled>
                                                        <integralVar>1</integralVar>
                                                        <respect>0</respect>
                                                        <respectInputEnabled>0</respectInputEnabled>
                                                        <respectInputVar>1</respectInputVar>
                                                        <limits>
                                                            <minEnabled>0</minEnabled>
                                                            <min>0.0</min>
                                                            <maxEnabled>0</maxEnabled>
                                                            <max>0.0</max>
                                                        </limits>
                                                        <atMax>0.0</atMax>
                                                        <stages>5</stages>
                                                        <relay>
                                                            <d>0.0</d>
                                                            <flag-respect>
                                                                <flag-false-var>
                                                                    <flag-respect>0</flag-respect>
                                                                    <uf>0.0</uf>
                                                                </flag-false-var>
                                                            </flag-respect>
                                                        </relay>
                                                        <sysid>0</sysid>
                                                        <sid>
                                                            <nl>0.1</nl>
                                                            <lpf_f>1.0</lpf_f>
                                                            <a0>
                                                                <str-tunarray-element>1.0</str-tunarray-element>
                                                                <str-tunarray-element>-0.2</str-tunarray-element>
                                                            </a0>
                                                            <b0>
                                                                <str-tunarray-element>0.0</str-tunarray-element>
                                                                <str-tunarray-element>-0.2</str-tunarray-element>
                                                            </b0>
                                                        </sid>
                                                    </common>
                                                    <pid>
                                                        <Kp>0.04</Kp>
                                                        <Kd>0.0</Kd>
                                                        <taud>0.0</taud>
                                                        <Ki>0.0</Ki>
                                                        <Ta_1>0.0</Ta_1>
                                                        <uf>0.0</uf>
                                                        <imax>-1.0</imax>
                                                        <betap>1.0</betap>
                                                        <betad>1.0</betad>
                                                        <integral>
                                                            <enable>0</enable>
                                                            <errorLimir>1000.0</errorLimir>
                                                            <type>0</type>
                                                            <tau>1.0</tau>
                                                        </integral>
                                                    </pid>
                                                </type-pid>
                                            </type>
                                            <operations/>
                                            <feedforward>4100</feedforward>
                                        </tcmd_contx>
                                        <tcmd_conty>
                                            <type>
                                                <type-pid>
                                                    <type>0</type>
                                                    <common>
                                                        <vxc>251</vxc>
                                                        <vx>4100</vx>
                                                        <derivativeEnabled>0</derivativeEnabled>
                                                        <derivative>4100</derivative>
                                                        <opin>0</opin>
                                                        <vout>254</vout>
                                                        <vout_ext>254</vout_ext>
                                                        <integralEnabled>0</integralEnabled>
                                                        <integralVar>1</integralVar>
                                                        <respect>0</respect>
                                                        <respectInputEnabled>0</respectInputEnabled>
                                                        <respectInputVar>1</respectInputVar>
                                                        <limits>
                                                            <minEnabled>0</minEnabled>
                                                            <min>0.0</min>
                                                            <maxEnabled>0</maxEnabled>
                                                            <max>0.0</max>
                                                        </limits>
                                                        <atMax>0.0</atMax>
                                                        <stages>5</stages>
                                                        <relay>
                                                            <d>0.0</d>
                                                            <flag-respect>
                                                                <flag-false-var>
                                                                    <flag-respect>0</flag-respect>
                                                                    <uf>0.0</uf>
                                                                </flag-false-var>
                                                            </flag-respect>
                                                        </relay>
                                                        <sysid>0</sysid>
                                                        <sid>
                                                            <nl>0.1</nl>
                                                            <lpf_f>1.0</lpf_f>
                                                            <a0>
                                                                <str-tunarray-element>1.0</str-tunarray-element>
                                                                <str-tunarray-element>-0.2</str-tunarray-element>
                                                            </a0>
                                                            <b0>
                                                                <str-tunarray-element>0.0</str-tunarray-element>
                                                                <str-tunarray-element>-0.2</str-tunarray-element>
                                                            </b0>
                                                        </sid>
                                                    </common>
                                                    <pid>
                                                        <Kp>0.04</Kp>
                                                        <Kd>0.0</Kd>
                                                        <taud>0.0</taud>
                                                        <Ki>0.0</Ki>
                                                        <Ta_1>0.0</Ta_1>
                                                        <uf>0.0</uf>
                                                        <imax>-1.0</imax>
                                                        <betap>1.0</betap>
                                                        <betad>1.0</betad>
                                                        <integral>
                                                            <enable>0</enable>
                                                            <errorLimir>1000.0</errorLimir>
                                                            <type>0</type>
                                                            <tau>1.0</tau>
                                                        </integral>
                                                    </pid>
                                                </type-pid>
                                            </type>
                                            <operations/>
                                            <feedforward>4100</feedforward>
                                        </tcmd_conty>
                                        <tcmd_contz>
                                            <type>
                                                <type-pid>
                                                    <type>0</type>
                                                    <common>
                                                        <vxc>252</vxc>
                                                        <vx>4100</vx>
                                                        <derivativeEnabled>0</derivativeEnabled>
                                                        <derivative>4100</derivative>
                                                        <opin>0</opin>
                                                        <vout>255</vout>
                                                        <vout_ext>255</vout_ext>
                                                        <integralEnabled>0</integralEnabled>
                                                        <integralVar>1</integralVar>
                                                        <respect>0</respect>
                                                        <respectInputEnabled>0</respectInputEnabled>
                                                        <respectInputVar>1</respectInputVar>
                                                        <limits>
                                                            <minEnabled>1</minEnabled>
                                                            <min>-20.9</min>
                                                            <maxEnabled>1</maxEnabled>
                                                            <max>20.9</max>
                                                        </limits>
                                                        <atMax>0.0</atMax>
                                                        <stages>5</stages>
                                                        <relay>
                                                            <d>0.0</d>
                                                            <flag-respect>
                                                                <flag-false-var>
                                                                    <flag-respect>0</flag-respect>
                                                                    <uf>0.0</uf>
                                                                </flag-false-var>
                                                            </flag-respect>
                                                        </relay>
                                                        <sysid>0</sysid>
                                                        <sid>
                                                            <nl>0.1</nl>
                                                            <lpf_f>1.0</lpf_f>
                                                            <a0>
                                                                <str-tunarray-element>1.0</str-tunarray-element>
                                                                <str-tunarray-element>-0.2</str-tunarray-element>
                                                            </a0>
                                                            <b0>
                                                                <str-tunarray-element>0.0</str-tunarray-element>
                                                                <str-tunarray-element>-0.2</str-tunarray-element>
                                                            </b0>
                                                        </sid>
                                                    </common>
                                                    <pid>
                                                        <Kp>0.0</Kp>
                                                        <Kd>0.0</Kd>
                                                        <taud>0.0</taud>
                                                        <Ki>0.0</Ki>
                                                        <Ta_1>0.0</Ta_1>
                                                        <uf>0.0</uf>
                                                        <imax>-1.0</imax>
                                                        <betap>1.0</betap>
                                                        <betad>1.0</betad>
                                                        <integral>
                                                            <enable>0</enable>
                                                            <errorLimir>1000.0</errorLimir>
                                                            <type>0</type>
                                                            <tau>1.0</tau>
                                                        </integral>
                                                    </pid>
                                                </type-pid>
                                            </type>
                                            <operations/>
                                            <feedforward>4100</feedforward>
                                        </tcmd_contz>
                                        <tcmd_prj0>2</tcmd_prj0>
                                        <tcmd_gtrk_kv>0.75</tcmd_gtrk_kv>
                                        <tcmd_route_taxi>
                                            <rwid>0</rwid>
                                            <urr>
                                                <ref-var>
                                                    <type>0</type>
                                                    <id>4100</id>
                                                </ref-var>
                                            </urr>
                                            <frr>
                                                <ref-var>
                                                    <type>0</type>
                                                    <id>6146</id>
                                                </ref-var>
                                            </frr>
                                        </tcmd_route_taxi>
                                    </data>
                                </taxi>
                            </str-tunarray-element>
                        </maneuvers>
                    </gcfg>
                </gcfg-str>
                <ccfg-str>
                    <ccfg>
                        <str-tunarray-element str-tunarray-key="0">
                            <data>
                                <decimator>0.0</decimator>
                                <state>
                                    <state-off>
                                        <state>0</state>
                                        <uf>0.0</uf>
                                    </state-off>
                                </state>
                            </data>
                        </str-tunarray-element>
                        <str-tunarray-element str-tunarray-key="1">
                            <data>
                                <decimator>0.0</decimator>
                                <state>
                                    <state-fixed>
                                        <state>2</state>
                                        <uf>0.9</uf>
                                        <dt>0.0</dt>
                                        <tf>2.0</tf>
                                    </state-fixed>
                                </state>
                            </data>
                        </str-tunarray-element>
                        <str-tunarray-element str-tunarray-key="2">
                            <data>
                                <decimator>0.0</decimator>
                                <state>
                                    <state-off>
                                        <state>0</state>
                                        <uf>0.0</uf>
                                    </state-off>
                                </state>
                            </data>
                        </str-tunarray-element>
                        <str-tunarray-element str-tunarray-key="3">
                            <data>
                                <decimator>0.0</decimator>
                                <state>
                                    <state-on>
                                        <state>1</state>
                                        <blocks>
                                            <str-tunarray-element str-tunarray-key="0">
                                                <controller>
                                                    <type>
                                                        <type-esched>
                                                            <type>3</type>
                                                            <common>
                                                                <vxc>114</vxc>
                                                                <vx>14</vx>
                                                                <derivativeEnabled>0</derivativeEnabled>
                                                                <derivative>4100</derivative>
                                                                <opin>0</opin>
                                                                <vout>2403</vout>
                                                                <vout_ext>2403</vout_ext>
                                                                <integralEnabled>0</integralEnabled>
                                                                <integralVar>1</integralVar>
                                                                <respect>1</respect>
                                                                <respectInputEnabled>0</respectInputEnabled>
                                                                <respectInputVar>1</respectInputVar>
                                                                <limits>
                                                                    <minEnabled>1</minEnabled>
                                                                    <min>-0.3</min>
                                                                    <maxEnabled>1</maxEnabled>
                                                                    <max>0.3</max>
                                                                </limits>
                                                                <atMax>0.0</atMax>
                                                                <stages>5</stages>
                                                                <relay>
                                                                    <d>0.0</d>
                                                                    <flag-respect>
                                                                        <flag-false-var>
                                                                            <flag-respect>0</flag-respect>
                                                                            <uf>0.0</uf>
                                                                        </flag-false-var>
                                                                    </flag-respect>
                                                                </relay>
                                                                <sysid>0</sysid>
                                                                <sid>
                                                                    <nl>0.1</nl>
                                                                    <lpf_f>1.0</lpf_f>
                                                                    <a0>
                                                                        <str-tunarray-element>1.0</str-tunarray-element>
                                                                        <str-tunarray-element>-0.2</str-tunarray-element>
                                                                    </a0>
                                                                    <b0>
                                                                        <str-tunarray-element>0.2</str-tunarray-element>
                                                                        <str-tunarray-element>-0.2</str-tunarray-element>
                                                                    </b0>
                                                                </sid>
                                                            </common>
                                                            <esched>
                                                                <pid-info>
                                                                    <Kp>0.6</Kp>
                                                                    <Kd>0.0</Kd>
                                                                    <taud>0.0</taud>
                                                                    <Ki>0.0</Ki>
                                                                    <Ta_1>0.0</Ta_1>
                                                                    <uf>0.0</uf>
                                                                    <imax>-1.0</imax>
                                                                    <betap>1.0</betap>
                                                                    <betad>1.0</betad>
                                                                    <integral>
                                                                        <enable>0</enable>
                                                                        <errorLimir>1000.0</errorLimir>
                                                                        <type>0</type>
                                                                        <tau>1.0</tau>
                                                                    </integral>
                                                                </pid-info>
                                                                <var>0</var>
                                                                <type>2</type>
                                                                <v1>12.0</v1>
                                                                <vlim>
                                                                    <minEnabled>1</minEnabled>
                                                                    <min>5.0</min>
                                                                    <maxEnabled>0</maxEnabled>
                                                                    <max>0.0</max>
                                                                </vlim>
                                                            </esched>
                                                        </type-esched>
                                                    </type>
                                                    <operations/>
                                                    <feedforward>4100</feedforward>
                                                </controller>
                                            </str-tunarray-element>
                                            <str-tunarray-element str-tunarray-key="1">
                                                <controller>
                                                    <type>
                                                        <type-pid>
                                                            <type>0</type>
                                                            <common>
                                                                <vxc>103</vxc>
                                                                <vx>3</vx>
                                                                <derivativeEnabled>0</derivativeEnabled>
                                                                <derivative>4100</derivative>
                                                                <opin>2</opin>
                                                                <vout>114</vout>
                                                                <vout_ext>114</vout_ext>
                                                                <integralEnabled>0</integralEnabled>
                                                                <integralVar>1</integralVar>
                                                                <respect>0</respect>
                                                                <respectInputEnabled>0</respectInputEnabled>
                                                                <respectInputVar>1</respectInputVar>
                                                                <limits>
                                                                    <minEnabled>1</minEnabled>
                                                                    <min>-3.0</min>
                                                                    <maxEnabled>1</maxEnabled>
                                                                    <max>3.0</max>
                                                                </limits>
                                                                <atMax>0.0</atMax>
                                                                <stages>5</stages>
                                                                <relay>
                                                                    <d>0.0</d>
                                                                    <flag-respect>
                                                                        <flag-false-var>
                                                                            <flag-respect>0</flag-respect>
                                                                            <uf>0.0</uf>
                                                                        </flag-false-var>
                                                                    </flag-respect>
                                                                </relay>
                                                                <sysid>0</sysid>
                                                                <sid>
                                                                    <nl>0.1</nl>
                                                                    <lpf_f>1.0</lpf_f>
                                                                    <a0>
                                                                        <str-tunarray-element>1.0</str-tunarray-element>
                                                                        <str-tunarray-element>-0.2</str-tunarray-element>
                                                                    </a0>
                                                                    <b0>
                                                                        <str-tunarray-element>0.2</str-tunarray-element>
                                                                        <str-tunarray-element>-0.2</str-tunarray-element>
                                                                    </b0>
                                                                </sid>
                                                            </common>
                                                            <pid>
                                                                <Kp>4.0</Kp>
                                                                <Kd>0.0</Kd>
                                                                <taud>0.0</taud>
                                                                <Ki>0.0</Ki>
                                                                <Ta_1>0.0</Ta_1>
                                                                <uf>0.0</uf>
                                                                <imax>-1.0</imax>
                                                                <betap>1.0</betap>
                                                                <betad>1.0</betad>
                                                                <integral>
                                                                    <enable>0</enable>
                                                                    <errorLimir>1000.0</errorLimir>
                                                                    <type>0</type>
                                                                    <tau>1.0</tau>
                                                                </integral>
                                                            </pid>
                                                        </type-pid>
                                                    </type>
                                                    <operations/>
                                                    <feedforward>4100</feedforward>
                                                </controller>
                                            </str-tunarray-element>
                                        </blocks>
                                    </state-on>
                                </state>
                            </data>
                        </str-tunarray-element>
                        <str-tunarray-element str-tunarray-key="4">
                            <data>
                                <decimator>0.0</decimator>
                                <state>
                                    <state-fixed>
                                        <state>2</state>
                                        <uf>0.17</uf>
                                        <dt>0.0</dt>
                                        <tf>1.0</tf>
                                    </state-fixed>
                                </state>
                            </data>
                        </str-tunarray-element>
                        <str-tunarray-element str-tunarray-key="5">
                            <data>
                                <decimator>0.0</decimator>
                                <state>
                                    <state-on>
                                        <state>1</state>
                                        <blocks>
                                            <str-tunarray-element str-tunarray-key="0">
                                                <controller>
                                                    <type>
                                                        <type-pid>
                                                            <type>0</type>
                                                            <common>
                                                                <vxc>103</vxc>
                                                                <vx>3</vx>
                                                                <derivativeEnabled>0</derivativeEnabled>
                                                                <derivative>4100</derivative>
                                                                <opin>2</opin>
                                                                <vout>2405</vout>
                                                                <vout_ext>2405</vout_ext>
                                                                <integralEnabled>0</integralEnabled>
                                                                <integralVar>1</integralVar>
                                                                <respect>0</respect>
                                                                <respectInputEnabled>0</respectInputEnabled>
                                                                <respectInputVar>1</respectInputVar>
                                                                <limits>
                                                                    <minEnabled>0</minEnabled>
                                                                    <min>0.0</min>
                                                                    <maxEnabled>0</maxEnabled>
                                                                    <max>0.0</max>
                                                                </limits>
                                                                <atMax>0.0</atMax>
                                                                <stages>5</stages>
                                                                <relay>
                                                                    <d>0.0</d>
                                                                    <flag-respect>
                                                                        <flag-false-var>
                                                                            <flag-respect>0</flag-respect>
                                                                            <uf>0.0</uf>
                                                                        </flag-false-var>
                                                                    </flag-respect>
                                                                </relay>
                                                                <sysid>0</sysid>
                                                                <sid>
                                                                    <nl>0.1</nl>
                                                                    <lpf_f>1.0</lpf_f>
                                                                    <a0>
                                                                        <str-tunarray-element>1.0</str-tunarray-element>
                                                                        <str-tunarray-element>-0.2</str-tunarray-element>
                                                                    </a0>
                                                                    <b0>
                                                                        <str-tunarray-element>0.2</str-tunarray-element>
                                                                        <str-tunarray-element>-0.2</str-tunarray-element>
                                                                    </b0>
                                                                </sid>
                                                            </common>
                                                            <pid>
                                                                <Kp>0.173</Kp>
                                                                <Kd>0.692</Kd>
                                                                <taud>0.8</taud>
                                                                <Ki>0.0</Ki>
                                                                <Ta_1>0.0</Ta_1>
                                                                <uf>0.0</uf>
                                                                <imax>-1.0</imax>
                                                                <betap>1.0</betap>
                                                                <betad>1.0</betad>
                                                                <integral>
                                                                    <enable>0</enable>
                                                                    <errorLimir>1000.0</errorLimir>
                                                                    <type>0</type>
                                                                    <tau>1.0</tau>
                                                                </integral>
                                                            </pid>
                                                        </type-pid>
                                                    </type>
                                                    <operations/>
                                                    <feedforward>4100</feedforward>
                                                </controller>
                                            </str-tunarray-element>
                                        </blocks>
                                    </state-on>
                                </state>
                            </data>
                        </str-tunarray-element>
                    </ccfg>
                </ccfg-str>
            </enabled-choice-1>
        </enabled-choice>
    </data>
</entry-phase6>
