<entry-phase0>
    <id>154</id>
    <filename>phase0.bin</filename>
    <version>
        <major>5</major>
        <minor>38</minor>
        <revision>21</revision>
    </version>
    <data>
        <enabled-choice>
            <enabled-choice-1>
                <enabled>1</enabled>
                <gcfg-str>
                    <gcfg>
                        <arc/>
                        <maneuvers>
                            <str-tunarray-element>
                                <hold>
                                    <str-tunarray-key>0</str-tunarray-key>
                                    <data>
                                        <str-tunarray-element>
                                            <hcfg>
                                                <thld-0>
                                                    <thld>0</thld>
                                                    <gvar>107</gvar>
                                                    <v1>
                                                        <vref-kval>
                                                            <type>65534</type>
                                                            <kval>0.0</kval>
                                                        </vref-kval>
                                                    </v1>
                                                </thld-0>
                                            </hcfg>
                                        </str-tunarray-element>
                                        <str-tunarray-element>
                                            <hcfg>
                                                <thld-0>
                                                    <thld>0</thld>
                                                    <gvar>108</gvar>
                                                    <v1>
                                                        <vref-kval>
                                                            <type>65534</type>
                                                            <kval>0.0</kval>
                                                        </vref-kval>
                                                    </v1>
                                                </thld-0>
                                            </hcfg>
                                        </str-tunarray-element>
                                    </data>
                                </hold>
                            </str-tunarray-element>
                        </maneuvers>
                    </gcfg>
                </gcfg-str>
                <ccfg-str>
                    <ccfg>
                        <str-tunarray-element str-tunarray-key="0">
                            <data>
                                <decimator>0.0</decimator>
                                <state>
                                    <state-on>
                                        <state>1</state>
                                        <blocks>
                                            <str-tunarray-element str-tunarray-key="0">
                                                <controller>
                                                    <type>
                                                        <type-esched>
                                                            <type>3</type>
                                                            <common>
                                                                <vxc>113</vxc>
                                                                <vx>13</vx>
                                                                <derivativeEnabled>0</derivativeEnabled>
                                                                <derivative>4100</derivative>
                                                                <opin>0</opin>
                                                                <vout>2400</vout>
                                                                <vout_ext>2400</vout_ext>
                                                                <integralEnabled>0</integralEnabled>
                                                                <integralVar>1</integralVar>
                                                                <respect>0</respect>
                                                                <respectInputEnabled>0</respectInputEnabled>
                                                                <respectInputVar>1</respectInputVar>
                                                                <limits>
                                                                    <minEnabled>1</minEnabled>
                                                                    <min>-0.43</min>
                                                                    <maxEnabled>1</maxEnabled>
                                                                    <max>0.43</max>
                                                                </limits>
                                                                <atMax>0.0</atMax>
                                                                <stages>5</stages>
                                                                <relay>
                                                                    <d>0.0</d>
                                                                    <flag-respect>
                                                                        <flag-false-var>
                                                                            <flag-respect>0</flag-respect>
                                                                            <uf>0.0</uf>
                                                                        </flag-false-var>
                                                                    </flag-respect>
                                                                </relay>
                                                                <sysid>0</sysid>
                                                                <sid>
                                                                    <nl>0.1</nl>
                                                                    <lpf_f>1.0</lpf_f>
                                                                    <a0>
                                                                        <str-tunarray-element>1.0</str-tunarray-element>
                                                                        <str-tunarray-element>-0.2</str-tunarray-element>
                                                                    </a0>
                                                                    <b0>
                                                                        <str-tunarray-element>0.2</str-tunarray-element>
                                                                        <str-tunarray-element>-0.2</str-tunarray-element>
                                                                    </b0>
                                                                </sid>
                                                            </common>
                                                            <esched>
                                                                <pid-info>
                                                                    <Kp>-0.27</Kp>
                                                                    <Kd>-0.0</Kd>
                                                                    <taud>0.0</taud>
                                                                    <Ki>-0.054</Ki>
                                                                    <Ta_1>0.2</Ta_1>
                                                                    <uf>0.0</uf>
                                                                    <imax>-1.0</imax>
                                                                    <betap>1.0</betap>
                                                                    <betad>1.0</betad>
                                                                    <integral>
                                                                        <enable>0</enable>
                                                                        <errorLimir>1000.0</errorLimir>
                                                                        <type>0</type>
                                                                        <tau>1.0</tau>
                                                                    </integral>
                                                                </pid-info>
                                                                <var>0</var>
                                                                <type>2</type>
                                                                <v1>22.0</v1>
                                                                <vlim>
                                                                    <minEnabled>1</minEnabled>
                                                                    <min>15.0</min>
                                                                    <maxEnabled>1</maxEnabled>
                                                                    <max>35.0</max>
                                                                </vlim>
                                                            </esched>
                                                        </type-esched>
                                                    </type>
                                                    <operations/>
                                                    <feedforward>4100</feedforward>
                                                </controller>
                                            </str-tunarray-element>
                                            <str-tunarray-element str-tunarray-key="1">
                                                <controller>
                                                    <type>
                                                        <type-pid>
                                                            <type>0</type>
                                                            <common>
                                                                <vxc>107</vxc>
                                                                <vx>7</vx>
                                                                <derivativeEnabled>0</derivativeEnabled>
                                                                <derivative>4100</derivative>
                                                                <opin>0</opin>
                                                                <vout>113</vout>
                                                                <vout_ext>113</vout_ext>
                                                                <integralEnabled>0</integralEnabled>
                                                                <integralVar>1</integralVar>
                                                                <respect>0</respect>
                                                                <respectInputEnabled>0</respectInputEnabled>
                                                                <respectInputVar>1</respectInputVar>
                                                                <limits>
                                                                    <minEnabled>1</minEnabled>
                                                                    <min>-3.0</min>
                                                                    <maxEnabled>1</maxEnabled>
                                                                    <max>3.0</max>
                                                                </limits>
                                                                <atMax>0.0</atMax>
                                                                <stages>5</stages>
                                                                <relay>
                                                                    <d>0.0</d>
                                                                    <flag-respect>
                                                                        <flag-false-var>
                                                                            <flag-respect>0</flag-respect>
                                                                            <uf>0.0</uf>
                                                                        </flag-false-var>
                                                                    </flag-respect>
                                                                </relay>
                                                                <sysid>0</sysid>
                                                                <sid>
                                                                    <nl>0.1</nl>
                                                                    <lpf_f>1.0</lpf_f>
                                                                    <a0>
                                                                        <str-tunarray-element>1.0</str-tunarray-element>
                                                                        <str-tunarray-element>-0.2</str-tunarray-element>
                                                                    </a0>
                                                                    <b0>
                                                                        <str-tunarray-element>0.2</str-tunarray-element>
                                                                        <str-tunarray-element>-0.2</str-tunarray-element>
                                                                    </b0>
                                                                </sid>
                                                            </common>
                                                            <pid>
                                                                <Kp>7.5</Kp>
                                                                <Kd>0.0</Kd>
                                                                <taud>0.0</taud>
                                                                <Ki>0.0</Ki>
                                                                <Ta_1>0.0</Ta_1>
                                                                <uf>0.0</uf>
                                                                <imax>-1.0</imax>
                                                                <betap>1.0</betap>
                                                                <betad>1.0</betad>
                                                                <integral>
                                                                    <enable>0</enable>
                                                                    <errorLimir>1000.0</errorLimir>
                                                                    <type>0</type>
                                                                    <tau>1.0</tau>
                                                                </integral>
                                                            </pid>
                                                        </type-pid>
                                                    </type>
                                                    <operations/>
                                                    <feedforward>4100</feedforward>
                                                </controller>
                                            </str-tunarray-element>
                                        </blocks>
                                    </state-on>
                                </state>
                            </data>
                        </str-tunarray-element>
                        <str-tunarray-element str-tunarray-key="1">
                            <data>
                                <decimator>0.0</decimator>
                                <state>
                                    <state-fixed>
                                        <state>2</state>
                                        <uf>0.0</uf>
                                        <dt>0.0</dt>
                                        <tf>0.0</tf>
                                    </state-fixed>
                                </state>
                            </data>
                        </str-tunarray-element>
                        <str-tunarray-element str-tunarray-key="2">
                            <data>
                                <decimator>0.0</decimator>
                                <state>
                                    <state-on>
                                        <state>1</state>
                                        <blocks>
                                            <str-tunarray-element str-tunarray-key="0">
                                                <controller>
                                                    <type>
                                                        <type-esched>
                                                            <type>3</type>
                                                            <common>
                                                                <vxc>112</vxc>
                                                                <vx>12</vx>
                                                                <derivativeEnabled>0</derivativeEnabled>
                                                                <derivative>4100</derivative>
                                                                <opin>0</opin>
                                                                <vout>2402</vout>
                                                                <vout_ext>2402</vout_ext>
                                                                <integralEnabled>0</integralEnabled>
                                                                <integralVar>1</integralVar>
                                                                <respect>0</respect>
                                                                <respectInputEnabled>0</respectInputEnabled>
                                                                <respectInputVar>1</respectInputVar>
                                                                <limits>
                                                                    <minEnabled>1</minEnabled>
                                                                    <min>-0.349</min>
                                                                    <maxEnabled>1</maxEnabled>
                                                                    <max>0.349</max>
                                                                </limits>
                                                                <atMax>0.0</atMax>
                                                                <stages>5</stages>
                                                                <relay>
                                                                    <d>0.0</d>
                                                                    <flag-respect>
                                                                        <flag-false-var>
                                                                            <flag-respect>0</flag-respect>
                                                                            <uf>0.0</uf>
                                                                        </flag-false-var>
                                                                    </flag-respect>
                                                                </relay>
                                                                <sysid>0</sysid>
                                                                <sid>
                                                                    <nl>0.1</nl>
                                                                    <lpf_f>1.0</lpf_f>
                                                                    <a0>
                                                                        <str-tunarray-element>1.0</str-tunarray-element>
                                                                        <str-tunarray-element>-0.2</str-tunarray-element>
                                                                    </a0>
                                                                    <b0>
                                                                        <str-tunarray-element>0.2</str-tunarray-element>
                                                                        <str-tunarray-element>-0.2</str-tunarray-element>
                                                                    </b0>
                                                                </sid>
                                                            </common>
                                                            <esched>
                                                                <pid-info>
                                                                    <Kp>0.13</Kp>
                                                                    <Kd>0.0</Kd>
                                                                    <taud>0.0</taud>
                                                                    <Ki>0.025999999</Ki>
                                                                    <Ta_1>0.2</Ta_1>
                                                                    <uf>0.0</uf>
                                                                    <imax>-1.0</imax>
                                                                    <betap>1.0</betap>
                                                                    <betad>1.0</betad>
                                                                    <integral>
                                                                        <enable>0</enable>
                                                                        <errorLimir>1000.0</errorLimir>
                                                                        <type>0</type>
                                                                        <tau>1.0</tau>
                                                                    </integral>
                                                                </pid-info>
                                                                <var>0</var>
                                                                <type>2</type>
                                                                <v1>22.0</v1>
                                                                <vlim>
                                                                    <minEnabled>1</minEnabled>
                                                                    <min>18.5</min>
                                                                    <maxEnabled>1</maxEnabled>
                                                                    <max>35.0</max>
                                                                </vlim>
                                                            </esched>
                                                        </type-esched>
                                                    </type>
                                                    <operations/>
                                                    <feedforward>4100</feedforward>
                                                </controller>
                                            </str-tunarray-element>
                                            <str-tunarray-element str-tunarray-key="1">
                                                <controller>
                                                    <type>
                                                        <type-pid>
                                                            <type>0</type>
                                                            <common>
                                                                <vxc>108</vxc>
                                                                <vx>8</vx>
                                                                <derivativeEnabled>0</derivativeEnabled>
                                                                <derivative>4100</derivative>
                                                                <opin>0</opin>
                                                                <vout>112</vout>
                                                                <vout_ext>112</vout_ext>
                                                                <integralEnabled>0</integralEnabled>
                                                                <integralVar>1</integralVar>
                                                                <respect>0</respect>
                                                                <respectInputEnabled>0</respectInputEnabled>
                                                                <respectInputVar>1</respectInputVar>
                                                                <limits>
                                                                    <minEnabled>1</minEnabled>
                                                                    <min>-3.0</min>
                                                                    <maxEnabled>1</maxEnabled>
                                                                    <max>3.0</max>
                                                                </limits>
                                                                <atMax>0.0</atMax>
                                                                <stages>5</stages>
                                                                <relay>
                                                                    <d>0.0</d>
                                                                    <flag-respect>
                                                                        <flag-false-var>
                                                                            <flag-respect>0</flag-respect>
                                                                            <uf>0.0</uf>
                                                                        </flag-false-var>
                                                                    </flag-respect>
                                                                </relay>
                                                                <sysid>0</sysid>
                                                                <sid>
                                                                    <nl>0.1</nl>
                                                                    <lpf_f>1.0</lpf_f>
                                                                    <a0>
                                                                        <str-tunarray-element>1.0</str-tunarray-element>
                                                                        <str-tunarray-element>-0.2</str-tunarray-element>
                                                                    </a0>
                                                                    <b0>
                                                                        <str-tunarray-element>0.2</str-tunarray-element>
                                                                        <str-tunarray-element>-0.2</str-tunarray-element>
                                                                    </b0>
                                                                </sid>
                                                            </common>
                                                            <pid>
                                                                <Kp>6.0</Kp>
                                                                <Kd>0.0</Kd>
                                                                <taud>0.0</taud>
                                                                <Ki>0.0</Ki>
                                                                <Ta_1>0.0</Ta_1>
                                                                <uf>0.0</uf>
                                                                <imax>-1.0</imax>
                                                                <betap>1.0</betap>
                                                                <betad>1.0</betad>
                                                                <integral>
                                                                    <enable>0</enable>
                                                                    <errorLimir>1000.0</errorLimir>
                                                                    <type>0</type>
                                                                    <tau>1.0</tau>
                                                                </integral>
                                                            </pid>
                                                        </type-pid>
                                                    </type>
                                                    <operations/>
                                                    <feedforward>4100</feedforward>
                                                </controller>
                                            </str-tunarray-element>
                                        </blocks>
                                    </state-on>
                                </state>
                            </data>
                        </str-tunarray-element>
                        <str-tunarray-element str-tunarray-key="3">
                            <data>
                                <decimator>0.0</decimator>
                                <state>
                                    <state-fixed>
                                        <state>2</state>
                                        <uf>0.0</uf>
                                        <dt>0.0</dt>
                                        <tf>0.0</tf>
                                    </state-fixed>
                                </state>
                            </data>
                        </str-tunarray-element>
                        <str-tunarray-element str-tunarray-key="4">
                            <data>
                                <decimator>0.0</decimator>
                                <state>
                                    <state-fixed>
                                        <state>2</state>
                                        <uf>0.0</uf>
                                        <dt>0.0</dt>
                                        <tf>0.0</tf>
                                    </state-fixed>
                                </state>
                            </data>
                        </str-tunarray-element>
                        <str-tunarray-element str-tunarray-key="5">
                            <data>
                                <decimator>0.0</decimator>
                                <state>
                                    <state-fixed>
                                        <state>2</state>
                                        <uf>0.0</uf>
                                        <dt>0.0</dt>
                                        <tf>0.0</tf>
                                    </state-fixed>
                                </state>
                            </data>
                        </str-tunarray-element>
                    </ccfg>
                </ccfg-str>
            </enabled-choice-1>
        </enabled-choice>
    </data>
</entry-phase0>
