<entry-mevent>
    <id>128</id>
    <filename>mevent.bin</filename>
    <version>
        <major>5</major>
        <minor>38</minor>
        <revision>21</revision>
    </version>
    <data>
        <map>
            <str-tunarray-element str-tunarray-key="0">
                <data>
                    <name>SBY Button</name>
                    <dataTypeColor>
                        <cmpType3>
                            <typeColor>1</typeColor>
                            <var>
                                <vref-var>
                                    <type>0</type>
                                    <id>4101</id>
                                </vref-var>
                            </var>
                            <arrayColores/>
                        </cmpType3>
                    </dataTypeColor>
                    <check>
                        <data>
                            <icon>10</icon>
                            <timeControl>0.0</timeControl>
                            <check>0</check>
                            <checkTime>0</checkTime>
                        </data>
                    </check>
                </data>
            </str-tunarray-element>
            <str-tunarray-element str-tunarray-key="1">
                <data>
                    <name>CMB Button</name>
                    <dataTypeColor>
                        <cmpType3>
                            <typeColor>1</typeColor>
                            <var>
                                <vref-var>
                                    <type>0</type>
                                    <id>4101</id>
                                </vref-var>
                            </var>
                            <arrayColores/>
                        </cmpType3>
                    </dataTypeColor>
                    <check>
                        <data>
                            <icon>10</icon>
                            <timeControl>0.0</timeControl>
                            <check>0</check>
                            <checkTime>0</checkTime>
                        </data>
                    </check>
                </data>
            </str-tunarray-element>
            <str-tunarray-element str-tunarray-key="2">
                <data>
                    <name>CMB Allowed</name>
                    <dataTypeColor>
                        <cmpType3>
                            <typeColor>1</typeColor>
                            <var>
                                <vref-var>
                                    <type>0</type>
                                    <id>4101</id>
                                </vref-var>
                            </var>
                            <arrayColores/>
                        </cmpType3>
                    </dataTypeColor>
                    <check>
                        <data>
                            <icon>10</icon>
                            <timeControl>0.0</timeControl>
                            <check>0</check>
                            <checkTime>0</checkTime>
                        </data>
                    </check>
                </data>
            </str-tunarray-element>
            <str-tunarray-element str-tunarray-key="3">
                <data>
                    <name>IAS&gt;20</name>
                    <dataTypeColor>
                        <cmpType3>
                            <typeColor>1</typeColor>
                            <var>
                                <vref-var>
                                    <type>0</type>
                                    <id>4101</id>
                                </vref-var>
                            </var>
                            <arrayColores/>
                        </cmpType3>
                    </dataTypeColor>
                    <check>
                        <data>
                            <icon>10</icon>
                            <timeControl>0.0</timeControl>
                            <check>0</check>
                            <checkTime>0</checkTime>
                        </data>
                    </check>
                </data>
            </str-tunarray-element>
            <str-tunarray-element str-tunarray-key="4">
                <data>
                    <name>LND Button</name>
                    <dataTypeColor>
                        <cmpType3>
                            <typeColor>1</typeColor>
                            <var>
                                <vref-var>
                                    <type>0</type>
                                    <id>4101</id>
                                </vref-var>
                            </var>
                            <arrayColores/>
                        </cmpType3>
                    </dataTypeColor>
                    <check>
                        <data>
                            <icon>10</icon>
                            <timeControl>0.0</timeControl>
                            <check>0</check>
                            <checkTime>0</checkTime>
                        </data>
                    </check>
                </data>
            </str-tunarray-element>
            <str-tunarray-element str-tunarray-key="5">
                <data>
                    <name>CRU Button</name>
                    <dataTypeColor>
                        <cmpType3>
                            <typeColor>1</typeColor>
                            <var>
                                <vref-var>
                                    <type>0</type>
                                    <id>4101</id>
                                </vref-var>
                            </var>
                            <arrayColores/>
                        </cmpType3>
                    </dataTypeColor>
                    <check>
                        <data>
                            <icon>10</icon>
                            <timeControl>0.0</timeControl>
                            <check>0</check>
                            <checkTime>0</checkTime>
                        </data>
                    </check>
                </data>
            </str-tunarray-element>
            <str-tunarray-element str-tunarray-key="6">
                <data>
                    <name>TKO Button</name>
                    <dataTypeColor>
                        <cmpType3>
                            <typeColor>1</typeColor>
                            <var>
                                <vref-var>
                                    <type>0</type>
                                    <id>4101</id>
                                </vref-var>
                            </var>
                            <arrayColores/>
                        </cmpType3>
                    </dataTypeColor>
                    <check>
                        <data>
                            <icon>10</icon>
                            <timeControl>0.0</timeControl>
                            <check>0</check>
                            <checkTime>0</checkTime>
                        </data>
                    </check>
                </data>
            </str-tunarray-element>
            <str-tunarray-element str-tunarray-key="7">
                <data>
                    <name>INI Phase</name>
                    <dataTypeColor>
                        <cmpType3>
                            <typeColor>1</typeColor>
                            <var>
                                <vref-var>
                                    <type>0</type>
                                    <id>4101</id>
                                </vref-var>
                            </var>
                            <arrayColores/>
                        </cmpType3>
                    </dataTypeColor>
                    <check>
                        <data>
                            <icon>10</icon>
                            <timeControl>0.0</timeControl>
                            <check>0</check>
                            <checkTime>0</checkTime>
                        </data>
                    </check>
                </data>
            </str-tunarray-element>
            <str-tunarray-element str-tunarray-key="8">
                <data>
                    <name>Post-INI Phases</name>
                    <dataTypeColor>
                        <cmpType3>
                            <typeColor>1</typeColor>
                            <var>
                                <vref-var>
                                    <type>0</type>
                                    <id>4101</id>
                                </vref-var>
                            </var>
                            <arrayColores/>
                        </cmpType3>
                    </dataTypeColor>
                    <check>
                        <data>
                            <icon>10</icon>
                            <timeControl>0.0</timeControl>
                            <check>0</check>
                            <checkTime>0</checkTime>
                        </data>
                    </check>
                </data>
            </str-tunarray-element>
            <str-tunarray-element str-tunarray-key="9">
                <data>
                    <name>TKO Phase</name>
                    <dataTypeColor>
                        <cmpType3>
                            <typeColor>1</typeColor>
                            <var>
                                <vref-var>
                                    <type>0</type>
                                    <id>4101</id>
                                </vref-var>
                            </var>
                            <arrayColores/>
                        </cmpType3>
                    </dataTypeColor>
                    <check>
                        <data>
                            <icon>10</icon>
                            <timeControl>0.0</timeControl>
                            <check>0</check>
                            <checkTime>0</checkTime>
                        </data>
                    </check>
                </data>
            </str-tunarray-element>
            <str-tunarray-element str-tunarray-key="10">
                <data>
                    <name>AGL&gt;100</name>
                    <dataTypeColor>
                        <cmpType3>
                            <typeColor>1</typeColor>
                            <var>
                                <vref-var>
                                    <type>0</type>
                                    <id>4101</id>
                                </vref-var>
                            </var>
                            <arrayColores/>
                        </cmpType3>
                    </dataTypeColor>
                    <check>
                        <data>
                            <icon>10</icon>
                            <timeControl>0.0</timeControl>
                            <check>0</check>
                            <checkTime>0</checkTime>
                        </data>
                    </check>
                </data>
            </str-tunarray-element>
            <str-tunarray-element str-tunarray-key="11">
                <data>
                    <name>LND Phases</name>
                    <dataTypeColor>
                        <cmpType3>
                            <typeColor>1</typeColor>
                            <var>
                                <vref-var>
                                    <type>0</type>
                                    <id>4101</id>
                                </vref-var>
                            </var>
                            <arrayColores/>
                        </cmpType3>
                    </dataTypeColor>
                    <check>
                        <data>
                            <icon>10</icon>
                            <timeControl>0.0</timeControl>
                            <check>0</check>
                            <checkTime>0</checkTime>
                        </data>
                    </check>
                </data>
            </str-tunarray-element>
            <str-tunarray-element str-tunarray-key="12">
                <data>
                    <name>CRU Phases</name>
                    <dataTypeColor>
                        <cmpType3>
                            <typeColor>1</typeColor>
                            <var>
                                <vref-var>
                                    <type>0</type>
                                    <id>4101</id>
                                </vref-var>
                            </var>
                            <arrayColores/>
                        </cmpType3>
                    </dataTypeColor>
                    <check>
                        <data>
                            <icon>10</icon>
                            <timeControl>0.0</timeControl>
                            <check>0</check>
                            <checkTime>0</checkTime>
                        </data>
                    </check>
                </data>
            </str-tunarray-element>
            <str-tunarray-element str-tunarray-key="13">
                <data>
                    <name>TKO Phases</name>
                    <dataTypeColor>
                        <cmpType3>
                            <typeColor>1</typeColor>
                            <var>
                                <vref-var>
                                    <type>0</type>
                                    <id>4101</id>
                                </vref-var>
                            </var>
                            <arrayColores/>
                        </cmpType3>
                    </dataTypeColor>
                    <check>
                        <data>
                            <icon>10</icon>
                            <timeControl>0.0</timeControl>
                            <check>0</check>
                            <checkTime>0</checkTime>
                        </data>
                    </check>
                </data>
            </str-tunarray-element>
            <str-tunarray-element str-tunarray-key="14">
                <data>
                    <name>CMB Phase</name>
                    <dataTypeColor>
                        <cmpType3>
                            <typeColor>1</typeColor>
                            <var>
                                <vref-var>
                                    <type>0</type>
                                    <id>4101</id>
                                </vref-var>
                            </var>
                            <arrayColores/>
                        </cmpType3>
                    </dataTypeColor>
                    <check>
                        <data>
                            <icon>10</icon>
                            <timeControl>0.0</timeControl>
                            <check>0</check>
                            <checkTime>0</checkTime>
                        </data>
                    </check>
                </data>
            </str-tunarray-element>
            <str-tunarray-element str-tunarray-key="15">
                <data>
                    <name>TX Error</name>
                    <dataTypeColor>
                        <cmpType3>
                            <typeColor>1</typeColor>
                            <var>
                                <vref-var>
                                    <type>0</type>
                                    <id>4101</id>
                                </vref-var>
                            </var>
                            <arrayColores/>
                        </cmpType3>
                    </dataTypeColor>
                    <check>
                        <data>
                            <icon>10</icon>
                            <timeControl>0.0</timeControl>
                            <check>0</check>
                            <checkTime>0</checkTime>
                        </data>
                    </check>
                </data>
            </str-tunarray-element>
            <str-tunarray-element str-tunarray-key="16">
                <data>
                    <name>RX Error</name>
                    <dataTypeColor>
                        <cmpType3>
                            <typeColor>1</typeColor>
                            <var>
                                <vref-var>
                                    <type>0</type>
                                    <id>4101</id>
                                </vref-var>
                            </var>
                            <arrayColores/>
                        </cmpType3>
                    </dataTypeColor>
                    <check>
                        <data>
                            <icon>10</icon>
                            <timeControl>0.0</timeControl>
                            <check>0</check>
                            <checkTime>0</checkTime>
                        </data>
                    </check>
                </data>
            </str-tunarray-element>
            <str-tunarray-element str-tunarray-key="17">
                <data>
                    <name>Flight Phases</name>
                    <dataTypeColor>
                        <cmpType3>
                            <typeColor>1</typeColor>
                            <var>
                                <vref-var>
                                    <type>0</type>
                                    <id>4101</id>
                                </vref-var>
                            </var>
                            <arrayColores/>
                        </cmpType3>
                    </dataTypeColor>
                    <check>
                        <data>
                            <icon>10</icon>
                            <timeControl>0.0</timeControl>
                            <check>0</check>
                            <checkTime>0</checkTime>
                        </data>
                    </check>
                </data>
            </str-tunarray-element>
            <str-tunarray-element str-tunarray-key="18">
                <data>
                    <name>NO GPS</name>
                    <dataTypeColor>
                        <cmpType3>
                            <typeColor>1</typeColor>
                            <var>
                                <vref-var>
                                    <type>0</type>
                                    <id>4101</id>
                                </vref-var>
                            </var>
                            <arrayColores/>
                        </cmpType3>
                    </dataTypeColor>
                    <check>
                        <data>
                            <icon>10</icon>
                            <timeControl>0.0</timeControl>
                            <check>0</check>
                            <checkTime>0</checkTime>
                        </data>
                    </check>
                </data>
            </str-tunarray-element>
            <str-tunarray-element str-tunarray-key="19">
                <data>
                    <name>Flight Phases</name>
                    <dataTypeColor>
                        <cmpType3>
                            <typeColor>1</typeColor>
                            <var>
                                <vref-var>
                                    <type>0</type>
                                    <id>4101</id>
                                </vref-var>
                            </var>
                            <arrayColores/>
                        </cmpType3>
                    </dataTypeColor>
                    <check>
                        <data>
                            <icon>10</icon>
                            <timeControl>0.0</timeControl>
                            <check>0</check>
                            <checkTime>0</checkTime>
                        </data>
                    </check>
                </data>
            </str-tunarray-element>
            <str-tunarray-element str-tunarray-key="20">
                <data>
                    <name>Stick Error</name>
                    <dataTypeColor>
                        <cmpType3>
                            <typeColor>1</typeColor>
                            <var>
                                <vref-var>
                                    <type>0</type>
                                    <id>4101</id>
                                </vref-var>
                            </var>
                            <arrayColores/>
                        </cmpType3>
                    </dataTypeColor>
                    <check>
                        <data>
                            <icon>10</icon>
                            <timeControl>0.0</timeControl>
                            <check>0</check>
                            <checkTime>0</checkTime>
                        </data>
                    </check>
                </data>
            </str-tunarray-element>
            <str-tunarray-element str-tunarray-key="22">
                <data>
                    <name>Stick r6 Down</name>
                    <dataTypeColor>
                        <cmpType3>
                            <typeColor>1</typeColor>
                            <var>
                                <vref-var>
                                    <type>0</type>
                                    <id>4101</id>
                                </vref-var>
                            </var>
                            <arrayColores/>
                        </cmpType3>
                    </dataTypeColor>
                    <check>
                        <data>
                            <icon>10</icon>
                            <timeControl>0.0</timeControl>
                            <check>0</check>
                            <checkTime>0</checkTime>
                        </data>
                    </check>
                </data>
            </str-tunarray-element>
            <str-tunarray-element str-tunarray-key="24">
                <data>
                    <name>Power Input &lt; 21.0V</name>
                    <dataTypeColor>
                        <cmpType3>
                            <typeColor>1</typeColor>
                            <var>
                                <vref-var>
                                    <type>0</type>
                                    <id>4101</id>
                                </vref-var>
                            </var>
                            <arrayColores/>
                        </cmpType3>
                    </dataTypeColor>
                    <check>
                        <data>
                            <icon>10</icon>
                            <timeControl>0.0</timeControl>
                            <check>0</check>
                            <checkTime>0</checkTime>
                        </data>
                    </check>
                </data>
            </str-tunarray-element>
            <str-tunarray-element str-tunarray-key="25">
                <data>
                    <name>Trim Button</name>
                    <dataTypeColor>
                        <cmpType3>
                            <typeColor>1</typeColor>
                            <var>
                                <vref-var>
                                    <type>0</type>
                                    <id>4101</id>
                                </vref-var>
                            </var>
                            <arrayColores/>
                        </cmpType3>
                    </dataTypeColor>
                    <check>
                        <data>
                            <icon>10</icon>
                            <timeControl>0.0</timeControl>
                            <check>0</check>
                            <checkTime>0</checkTime>
                        </data>
                    </check>
                </data>
            </str-tunarray-element>
            <str-tunarray-element str-tunarray-key="26">
                <data>
                    <name>AG &lt; 10</name>
                    <dataTypeColor>
                        <cmpType3>
                            <typeColor>1</typeColor>
                            <var>
                                <vref-var>
                                    <type>0</type>
                                    <id>4101</id>
                                </vref-var>
                            </var>
                            <arrayColores/>
                        </cmpType3>
                    </dataTypeColor>
                    <check>
                        <data>
                            <icon>10</icon>
                            <timeControl>0.0</timeControl>
                            <check>0</check>
                            <checkTime>0</checkTime>
                        </data>
                    </check>
                </data>
            </str-tunarray-element>
            <str-tunarray-element str-tunarray-key="28">
                <data>
                    <name>Phase LND</name>
                    <dataTypeColor>
                        <cmpType3>
                            <typeColor>1</typeColor>
                            <var>
                                <vref-var>
                                    <type>0</type>
                                    <id>4101</id>
                                </vref-var>
                            </var>
                            <arrayColores/>
                        </cmpType3>
                    </dataTypeColor>
                    <check>
                        <data>
                            <icon>10</icon>
                            <timeControl>0.0</timeControl>
                            <check>0</check>
                            <checkTime>0</checkTime>
                        </data>
                    </check>
                </data>
            </str-tunarray-element>
            <str-tunarray-element str-tunarray-key="29">
                <data>
                    <name>Reset Time button</name>
                    <dataTypeColor>
                        <cmpType3>
                            <typeColor>1</typeColor>
                            <var>
                                <vref-var>
                                    <type>0</type>
                                    <id>4101</id>
                                </vref-var>
                            </var>
                            <arrayColores/>
                        </cmpType3>
                    </dataTypeColor>
                    <check>
                        <data>
                            <icon>0</icon>
                            <timeControl>0.0</timeControl>
                            <check>0</check>
                            <checkTime>0</checkTime>
                        </data>
                    </check>
                </data>
            </str-tunarray-element>
            <str-tunarray-element str-tunarray-key="31">
                <data>
                    <name>FLARE Phase</name>
                    <dataTypeColor>
                        <cmpType3>
                            <typeColor>1</typeColor>
                            <var>
                                <vref-var>
                                    <type>0</type>
                                    <id>4101</id>
                                </vref-var>
                            </var>
                            <arrayColores/>
                        </cmpType3>
                    </dataTypeColor>
                    <check>
                        <data>
                            <icon>10</icon>
                            <timeControl>0.0</timeControl>
                            <check>0</check>
                            <checkTime>0</checkTime>
                        </data>
                    </check>
                </data>
            </str-tunarray-element>
            <str-tunarray-element str-tunarray-key="32">
                <data>
                    <name>Flight time &gt;2000</name>
                    <dataTypeColor>
                        <cmpType3>
                            <typeColor>1</typeColor>
                            <var>
                                <vref-var>
                                    <type>0</type>
                                    <id>4101</id>
                                </vref-var>
                            </var>
                            <arrayColores/>
                        </cmpType3>
                    </dataTypeColor>
                    <check>
                        <data>
                            <icon>10</icon>
                            <timeControl>0.0</timeControl>
                            <check>0</check>
                            <checkTime>0</checkTime>
                        </data>
                    </check>
                </data>
            </str-tunarray-element>
            <str-tunarray-element str-tunarray-key="35">
                <data>
                    <name>HLD Button</name>
                    <dataTypeColor>
                        <cmpType3>
                            <typeColor>1</typeColor>
                            <var>
                                <vref-var>
                                    <type>0</type>
                                    <id>4101</id>
                                </vref-var>
                            </var>
                            <arrayColores/>
                        </cmpType3>
                    </dataTypeColor>
                    <check>
                        <data>
                            <icon>10</icon>
                            <timeControl>0.0</timeControl>
                            <check>0</check>
                            <checkTime>0</checkTime>
                        </data>
                    </check>
                </data>
            </str-tunarray-element>
            <str-tunarray-element str-tunarray-key="42">
                <data>
                    <name>SBY Phase</name>
                    <dataTypeColor>
                        <cmpType3>
                            <typeColor>1</typeColor>
                            <var>
                                <vref-var>
                                    <type>0</type>
                                    <id>4101</id>
                                </vref-var>
                            </var>
                            <arrayColores/>
                        </cmpType3>
                    </dataTypeColor>
                    <check>
                        <data>
                            <icon>10</icon>
                            <timeControl>0.0</timeControl>
                            <check>0</check>
                            <checkTime>0</checkTime>
                        </data>
                    </check>
                </data>
            </str-tunarray-element>
            <str-tunarray-element str-tunarray-key="44">
                <data>
                    <name>Auto Mode</name>
                    <dataTypeColor>
                        <cmpType3>
                            <typeColor>1</typeColor>
                            <var>
                                <vref-var>
                                    <type>0</type>
                                    <id>4101</id>
                                </vref-var>
                            </var>
                            <arrayColores/>
                        </cmpType3>
                    </dataTypeColor>
                    <check>
                        <data>
                            <icon>10</icon>
                            <timeControl>0.0</timeControl>
                            <check>0</check>
                            <checkTime>0</checkTime>
                        </data>
                    </check>
                </data>
            </str-tunarray-element>
            <str-tunarray-element str-tunarray-key="45">
                <data>
                    <name>Stick 8 up</name>
                    <dataTypeColor>
                        <cmpType3>
                            <typeColor>1</typeColor>
                            <var>
                                <vref-var>
                                    <type>0</type>
                                    <id>4101</id>
                                </vref-var>
                            </var>
                            <arrayColores/>
                        </cmpType3>
                    </dataTypeColor>
                    <check>
                        <data>
                            <icon>10</icon>
                            <timeControl>0.0</timeControl>
                            <check>0</check>
                            <checkTime>0</checkTime>
                        </data>
                    </check>
                </data>
            </str-tunarray-element>
            <str-tunarray-element str-tunarray-key="53">
                <data>
                    <name>All Phases</name>
                    <dataTypeColor>
                        <cmpType3>
                            <typeColor>1</typeColor>
                            <var>
                                <vref-var>
                                    <type>0</type>
                                    <id>4101</id>
                                </vref-var>
                            </var>
                            <arrayColores/>
                        </cmpType3>
                    </dataTypeColor>
                    <check>
                        <data>
                            <icon>10</icon>
                            <timeControl>0.0</timeControl>
                            <check>0</check>
                            <checkTime>0</checkTime>
                        </data>
                    </check>
                </data>
            </str-tunarray-element>
            <str-tunarray-element str-tunarray-key="54">
                <data>
                    <name>Hold Trim Button</name>
                    <dataTypeColor>
                        <cmpType3>
                            <typeColor>1</typeColor>
                            <var>
                                <vref-var>
                                    <type>0</type>
                                    <id>4101</id>
                                </vref-var>
                            </var>
                            <arrayColores/>
                        </cmpType3>
                    </dataTypeColor>
                    <check>
                        <data>
                            <icon>11</icon>
                            <timeControl>0.0</timeControl>
                            <check>0</check>
                            <checkTime>0</checkTime>
                        </data>
                    </check>
                </data>
            </str-tunarray-element>
            <str-tunarray-element str-tunarray-key="57">
                <data>
                    <name>CRS Phases</name>
                    <dataTypeColor>
                        <cmpType3>
                            <typeColor>1</typeColor>
                            <var>
                                <vref-var>
                                    <type>0</type>
                                    <id>4101</id>
                                </vref-var>
                            </var>
                            <arrayColores/>
                        </cmpType3>
                    </dataTypeColor>
                    <check>
                        <data>
                            <icon>10</icon>
                            <timeControl>0.0</timeControl>
                            <check>0</check>
                            <checkTime>0</checkTime>
                        </data>
                    </check>
                </data>
            </str-tunarray-element>
            <str-tunarray-element str-tunarray-key="60">
                <data>
                    <name>IAS &lt; 14</name>
                    <dataTypeColor>
                        <cmpType3>
                            <typeColor>1</typeColor>
                            <var>
                                <vref-var>
                                    <type>0</type>
                                    <id>4101</id>
                                </vref-var>
                            </var>
                            <arrayColores/>
                        </cmpType3>
                    </dataTypeColor>
                    <check>
                        <data>
                            <icon>10</icon>
                            <timeControl>0.0</timeControl>
                            <check>0</check>
                            <checkTime>0</checkTime>
                        </data>
                    </check>
                </data>
            </str-tunarray-element>
            <str-tunarray-element str-tunarray-key="62">
                <data>
                    <name>Stick r6 UP</name>
                    <dataTypeColor>
                        <cmpType3>
                            <typeColor>1</typeColor>
                            <var>
                                <vref-var>
                                    <type>0</type>
                                    <id>4101</id>
                                </vref-var>
                            </var>
                            <arrayColores/>
                        </cmpType3>
                    </dataTypeColor>
                    <check>
                        <data>
                            <icon>10</icon>
                            <timeControl>0.0</timeControl>
                            <check>0</check>
                            <checkTime>0</checkTime>
                        </data>
                    </check>
                </data>
            </str-tunarray-element>
            <str-tunarray-element str-tunarray-key="64">
                <data>
                    <name>Stick r6 mid</name>
                    <dataTypeColor>
                        <cmpType3>
                            <typeColor>1</typeColor>
                            <var>
                                <vref-var>
                                    <type>0</type>
                                    <id>4101</id>
                                </vref-var>
                            </var>
                            <arrayColores/>
                        </cmpType3>
                    </dataTypeColor>
                    <check>
                        <data>
                            <icon>10</icon>
                            <timeControl>0.0</timeControl>
                            <check>0</check>
                            <checkTime>0</checkTime>
                        </data>
                    </check>
                </data>
            </str-tunarray-element>
            <str-tunarray-element str-tunarray-key="65">
                <data>
                    <name>Xplane Bit On</name>
                    <dataTypeColor>
                        <cmpType3>
                            <typeColor>1</typeColor>
                            <var>
                                <vref-var>
                                    <type>0</type>
                                    <id>4101</id>
                                </vref-var>
                            </var>
                            <arrayColores/>
                        </cmpType3>
                    </dataTypeColor>
                    <check>
                        <data>
                            <icon>10</icon>
                            <timeControl>0.0</timeControl>
                            <check>0</check>
                            <checkTime>0</checkTime>
                        </data>
                    </check>
                </data>
            </str-tunarray-element>
            <str-tunarray-element str-tunarray-key="66">
                <data>
                    <name>Xplane Bit Off</name>
                    <dataTypeColor>
                        <cmpType3>
                            <typeColor>1</typeColor>
                            <var>
                                <vref-var>
                                    <type>0</type>
                                    <id>4101</id>
                                </vref-var>
                            </var>
                            <arrayColores/>
                        </cmpType3>
                    </dataTypeColor>
                    <check>
                        <data>
                            <icon>10</icon>
                            <timeControl>0.0</timeControl>
                            <check>0</check>
                            <checkTime>0</checkTime>
                        </data>
                    </check>
                </data>
            </str-tunarray-element>
            <str-tunarray-element str-tunarray-key="82">
                <data>
                    <name>Button</name>
                    <dataTypeColor>
                        <cmpType3>
                            <typeColor>1</typeColor>
                            <var>
                                <vref-var>
                                    <type>0</type>
                                    <id>4101</id>
                                </vref-var>
                            </var>
                            <arrayColores/>
                        </cmpType3>
                    </dataTypeColor>
                    <check>
                        <data>
                            <icon>10</icon>
                            <timeControl>0.0</timeControl>
                            <check>0</check>
                            <checkTime>0</checkTime>
                        </data>
                    </check>
                </data>
            </str-tunarray-element>
            <str-tunarray-element str-tunarray-key="84">
                <data>
                    <name>Button</name>
                    <dataTypeColor>
                        <cmpType3>
                            <typeColor>1</typeColor>
                            <var>
                                <vref-var>
                                    <type>0</type>
                                    <id>4101</id>
                                </vref-var>
                            </var>
                            <arrayColores/>
                        </cmpType3>
                    </dataTypeColor>
                    <check>
                        <data>
                            <icon>10</icon>
                            <timeControl>0.0</timeControl>
                            <check>0</check>
                            <checkTime>0</checkTime>
                        </data>
                    </check>
                </data>
            </str-tunarray-element>
            <str-tunarray-element str-tunarray-key="85">
                <data>
                    <name>Button</name>
                    <dataTypeColor>
                        <cmpType3>
                            <typeColor>1</typeColor>
                            <var>
                                <vref-var>
                                    <type>0</type>
                                    <id>4101</id>
                                </vref-var>
                            </var>
                            <arrayColores/>
                        </cmpType3>
                    </dataTypeColor>
                    <check>
                        <data>
                            <icon>10</icon>
                            <timeControl>0.0</timeControl>
                            <check>0</check>
                            <checkTime>0</checkTime>
                        </data>
                    </check>
                </data>
            </str-tunarray-element>
            <str-tunarray-element str-tunarray-key="86">
                <data>
                    <name>ALT mode</name>
                    <dataTypeColor>
                        <cmpType3>
                            <typeColor>1</typeColor>
                            <var>
                                <vref-var>
                                    <type>0</type>
                                    <id>4101</id>
                                </vref-var>
                            </var>
                            <arrayColores/>
                        </cmpType3>
                    </dataTypeColor>
                    <check>
                        <data>
                            <icon>10</icon>
                            <timeControl>0.0</timeControl>
                            <check>0</check>
                            <checkTime>0</checkTime>
                        </data>
                    </check>
                </data>
            </str-tunarray-element>
            <str-tunarray-element str-tunarray-key="87">
                <data>
                    <name>Stick down</name>
                    <dataTypeColor>
                        <cmpType3>
                            <typeColor>1</typeColor>
                            <var>
                                <vref-var>
                                    <type>0</type>
                                    <id>4101</id>
                                </vref-var>
                            </var>
                            <arrayColores/>
                        </cmpType3>
                    </dataTypeColor>
                    <check>
                        <data>
                            <icon>10</icon>
                            <timeControl>0.0</timeControl>
                            <check>0</check>
                            <checkTime>0</checkTime>
                        </data>
                    </check>
                </data>
            </str-tunarray-element>
            <str-tunarray-element str-tunarray-key="88">
                <data>
                    <name>Stick up</name>
                    <dataTypeColor>
                        <cmpType3>
                            <typeColor>1</typeColor>
                            <var>
                                <vref-var>
                                    <type>0</type>
                                    <id>4101</id>
                                </vref-var>
                            </var>
                            <arrayColores/>
                        </cmpType3>
                    </dataTypeColor>
                    <check>
                        <data>
                            <icon>10</icon>
                            <timeControl>0.0</timeControl>
                            <check>0</check>
                            <checkTime>0</checkTime>
                        </data>
                    </check>
                </data>
            </str-tunarray-element>
            <str-tunarray-element str-tunarray-key="89">
                <data>
                    <name>Lower bound</name>
                    <dataTypeColor>
                        <cmpType3>
                            <typeColor>1</typeColor>
                            <var>
                                <vref-var>
                                    <type>0</type>
                                    <id>4101</id>
                                </vref-var>
                            </var>
                            <arrayColores/>
                        </cmpType3>
                    </dataTypeColor>
                    <check>
                        <data>
                            <icon>10</icon>
                            <timeControl>0.0</timeControl>
                            <check>0</check>
                            <checkTime>0</checkTime>
                        </data>
                    </check>
                </data>
            </str-tunarray-element>
            <str-tunarray-element str-tunarray-key="90">
                <data>
                    <name>No name</name>
                    <dataTypeColor>
                        <cmpType2>
                            <typeColor>0</typeColor>
                            <color>
                                <r>255</r>
                                <g>255</g>
                                <b>255</b>
                                <a>255</a>
                            </color>
                        </cmpType2>
                    </dataTypeColor>
                    <check>
                        <data>
                            <icon>26</icon>
                            <timeControl>0.0</timeControl>
                            <check>0</check>
                            <checkTime>0</checkTime>
                        </data>
                    </check>
                </data>
            </str-tunarray-element>
        </map>
    </data>
</entry-mevent>
