<entry-multienvelope>
    <id>90</id>
    <filename>envelope.bin</filename>
    <version>
        <major>5</major>
        <minor>38</minor>
        <revision>21</revision>
    </version>
    <data>
        <envelopes>
            <str-tunarray-element str-tunarray-key="0">
                <data>
                    <wstall>
                        <minEnabled>1</minEnabled>
                        <min>18.0</min>
                        <maxEnabled>1</maxEnabled>
                        <max>30.0</max>
                    </wstall>
                    <wgs>
                        <minEnabled>1</minEnabled>
                        <min>5.0</min>
                        <maxEnabled>1</maxEnabled>
                        <max>30.0</max>
                    </wgs>
                    <vtol>0</vtol>
                    <wvdown>
                        <minEnabled>0</minEnabled>
                        <min>-2.0</min>
                        <maxEnabled>0</maxEnabled>
                        <max>2.0</max>
                    </wvdown>
                    <wfpa>
                        <minEnabled>1</minEnabled>
                        <min>-0.12217305</min>
                        <maxEnabled>1</maxEnabled>
                        <max>0.17453292</max>
                    </wfpa>
                    <isLimitAcc>1</isLimitAcc>
                    <accenv>
                        <acc-limit-type>1</acc-limit-type>
                        <acc-falling-x>5.0</acc-falling-x>
                        <acc-rising-x>5.0</acc-rising-x>
                        <acc-falling-y>5.0</acc-falling-y>
                        <acc-rising-y>5.0</acc-rising-y>
                        <acc-falling-z>5.0</acc-falling-z>
                        <acc-rising-z>5.0</acc-rising-z>
                    </accenv>
                    <isLimitJerk>0</isLimitJerk>
                    <jerkenv>
                        <jerk-falling-x>3.0</jerk-falling-x>
                        <jerk-rising-x>3.0</jerk-rising-x>
                        <jerk-falling-y>3.0</jerk-falling-y>
                        <jerk-rising-y>3.0</jerk-rising-y>
                        <jerk-falling-z>0.8</jerk-falling-z>
                        <jerk-rising-z>0.8</jerk-rising-z>
                    </jerkenv>
                    <servolim>
                        <str-tunarray-element str-tunarray-key="0">
                            <data>
                                <minEnabled>0</minEnabled>
                                <min>0.0</min>
                                <maxEnabled>0</maxEnabled>
                                <max>0.0</max>
                            </data>
                        </str-tunarray-element>
                        <str-tunarray-element str-tunarray-key="1">
                            <data>
                                <minEnabled>0</minEnabled>
                                <min>0.0</min>
                                <maxEnabled>0</maxEnabled>
                                <max>0.0</max>
                            </data>
                        </str-tunarray-element>
                        <str-tunarray-element str-tunarray-key="2">
                            <data>
                                <minEnabled>0</minEnabled>
                                <min>0.0</min>
                                <maxEnabled>0</maxEnabled>
                                <max>0.0</max>
                            </data>
                        </str-tunarray-element>
                        <str-tunarray-element str-tunarray-key="3">
                            <data>
                                <minEnabled>0</minEnabled>
                                <min>0.0</min>
                                <maxEnabled>0</maxEnabled>
                                <max>0.0</max>
                            </data>
                        </str-tunarray-element>
                        <str-tunarray-element str-tunarray-key="4">
                            <data>
                                <minEnabled>0</minEnabled>
                                <min>0.0</min>
                                <maxEnabled>0</maxEnabled>
                                <max>0.0</max>
                            </data>
                        </str-tunarray-element>
                        <str-tunarray-element str-tunarray-key="5">
                            <data>
                                <minEnabled>0</minEnabled>
                                <min>0.0</min>
                                <maxEnabled>0</maxEnabled>
                                <max>0.0</max>
                            </data>
                        </str-tunarray-element>
                        <str-tunarray-element str-tunarray-key="6">
                            <data>
                                <minEnabled>0</minEnabled>
                                <min>0.0</min>
                                <maxEnabled>0</maxEnabled>
                                <max>0.0</max>
                            </data>
                        </str-tunarray-element>
                        <str-tunarray-element str-tunarray-key="7">
                            <data>
                                <minEnabled>0</minEnabled>
                                <min>0.0</min>
                                <maxEnabled>0</maxEnabled>
                                <max>0.0</max>
                            </data>
                        </str-tunarray-element>
                    </servolim>
                </data>
            </str-tunarray-element>
        </envelopes>
    </data>
</entry-multienvelope>
