<entry-arctrim>
    <id>24</id>
    <filename>arctrim.bin</filename>
    <version>
        <major>5</major>
        <minor>38</minor>
        <revision>21</revision>
    </version>
    <data>
        <u0>
            <str-tunarray-element>0.004081726</str-tunarray-element>
            <str-tunarray-element>0.1669249</str-tunarray-element>
            <str-tunarray-element>0.007681608</str-tunarray-element>
            <str-tunarray-element>-0.0064471364</str-tunarray-element>
            <str-tunarray-element>5.0472136E-17</str-tunarray-element>
            <str-tunarray-element>-1.0</str-tunarray-element>
            <str-tunarray-element>0.0</str-tunarray-element>
            <str-tunarray-element>0.0</str-tunarray-element>
            <str-tunarray-element>0.0</str-tunarray-element>
            <str-tunarray-element>0.0</str-tunarray-element>
            <str-tunarray-element>0.0</str-tunarray-element>
            <str-tunarray-element>0.0</str-tunarray-element>
            <str-tunarray-element>0.0</str-tunarray-element>
            <str-tunarray-element>0.0</str-tunarray-element>
            <str-tunarray-element>0.0</str-tunarray-element>
            <str-tunarray-element>0.0</str-tunarray-element>
            <str-tunarray-element>0.0</str-tunarray-element>
            <str-tunarray-element>0.0</str-tunarray-element>
            <str-tunarray-element>0.0</str-tunarray-element>
            <str-tunarray-element>0.0</str-tunarray-element>
        </u0>
    </data>
</entry-arctrim>
