<entry-actuator>
    <id>26</id>
    <filename>actuator.bin</filename>
    <version>
        <major>5</major>
        <minor>38</minor>
        <revision>21</revision>
    </version>
    <data>
        <su>
            <rmat-column>
                <rmat-element>0.0</rmat-element>
                <rmat-element>0.0</rmat-element>
                <rmat-element>0.0</rmat-element>
                <rmat-element>0.0</rmat-element>
                <rmat-element>1.0</rmat-element>
                <rmat-element>1.0</rmat-element>
                <rmat-element>0.0</rmat-element>
                <rmat-element>0.0</rmat-element>
            </rmat-column>
            <rmat-column>
                <rmat-element>0.0</rmat-element>
                <rmat-element>0.0</rmat-element>
                <rmat-element>0.0</rmat-element>
                <rmat-element>0.0</rmat-element>
                <rmat-element>0.0</rmat-element>
                <rmat-element>0.0</rmat-element>
                <rmat-element>0.0</rmat-element>
                <rmat-element>1.0</rmat-element>
            </rmat-column>
            <rmat-column>
                <rmat-element>1.0</rmat-element>
                <rmat-element>-1.0</rmat-element>
                <rmat-element>0.0</rmat-element>
                <rmat-element>0.0</rmat-element>
                <rmat-element>0.0</rmat-element>
                <rmat-element>0.0</rmat-element>
                <rmat-element>0.0</rmat-element>
                <rmat-element>0.0</rmat-element>
            </rmat-column>
            <rmat-column>
                <rmat-element>0.0</rmat-element>
                <rmat-element>0.0</rmat-element>
                <rmat-element>0.0</rmat-element>
                <rmat-element>0.0</rmat-element>
                <rmat-element>-1.0</rmat-element>
                <rmat-element>1.0</rmat-element>
                <rmat-element>0.0</rmat-element>
                <rmat-element>0.0</rmat-element>
            </rmat-column>
            <rmat-column>
                <rmat-element>0.0</rmat-element>
                <rmat-element>0.0</rmat-element>
                <rmat-element>1.0</rmat-element>
                <rmat-element>1.0</rmat-element>
                <rmat-element>0.0</rmat-element>
                <rmat-element>0.0</rmat-element>
                <rmat-element>0.0</rmat-element>
                <rmat-element>0.0</rmat-element>
            </rmat-column>
            <rmat-column>
                <rmat-element>0.0</rmat-element>
                <rmat-element>0.0</rmat-element>
                <rmat-element>0.0</rmat-element>
                <rmat-element>0.0</rmat-element>
                <rmat-element>0.0</rmat-element>
                <rmat-element>0.0</rmat-element>
                <rmat-element>1.0</rmat-element>
                <rmat-element>0.0</rmat-element>
            </rmat-column>
        </su>
        <us>
            <rmat-column>
                <rmat-element>-0.0</rmat-element>
                <rmat-element>-0.0</rmat-element>
                <rmat-element>0.5</rmat-element>
                <rmat-element>-0.0</rmat-element>
                <rmat-element>-1.5700924E-16</rmat-element>
                <rmat-element>-0.0</rmat-element>
            </rmat-column>
            <rmat-column>
                <rmat-element>-0.0</rmat-element>
                <rmat-element>-0.0</rmat-element>
                <rmat-element>-0.5</rmat-element>
                <rmat-element>-0.0</rmat-element>
                <rmat-element>-0.0</rmat-element>
                <rmat-element>-0.0</rmat-element>
            </rmat-column>
            <rmat-column>
                <rmat-element>-0.0</rmat-element>
                <rmat-element>-0.0</rmat-element>
                <rmat-element>-0.0</rmat-element>
                <rmat-element>-0.0</rmat-element>
                <rmat-element>0.5</rmat-element>
                <rmat-element>-0.0</rmat-element>
            </rmat-column>
            <rmat-column>
                <rmat-element>-0.0</rmat-element>
                <rmat-element>-0.0</rmat-element>
                <rmat-element>-0.0</rmat-element>
                <rmat-element>-0.0</rmat-element>
                <rmat-element>0.5</rmat-element>
                <rmat-element>-0.0</rmat-element>
            </rmat-column>
            <rmat-column>
                <rmat-element>0.5</rmat-element>
                <rmat-element>-0.0</rmat-element>
                <rmat-element>-5.8878465E-17</rmat-element>
                <rmat-element>-0.5</rmat-element>
                <rmat-element>1.1894746E-16</rmat-element>
                <rmat-element>-0.0</rmat-element>
            </rmat-column>
            <rmat-column>
                <rmat-element>0.5</rmat-element>
                <rmat-element>-0.0</rmat-element>
                <rmat-element>-5.8878465E-17</rmat-element>
                <rmat-element>0.5</rmat-element>
                <rmat-element>-7.73141E-17</rmat-element>
                <rmat-element>-0.0</rmat-element>
            </rmat-column>
            <rmat-column>
                <rmat-element>-0.0</rmat-element>
                <rmat-element>-0.0</rmat-element>
                <rmat-element>-0.0</rmat-element>
                <rmat-element>-0.0</rmat-element>
                <rmat-element>-0.0</rmat-element>
                <rmat-element>1.0</rmat-element>
            </rmat-column>
            <rmat-column>
                <rmat-element>-0.0</rmat-element>
                <rmat-element>1.0</rmat-element>
                <rmat-element>-0.0</rmat-element>
                <rmat-element>-0.0</rmat-element>
                <rmat-element>-0.0</rmat-element>
                <rmat-element>-0.0</rmat-element>
            </rmat-column>
        </us>
    </data>
</entry-actuator>
