<entry-fmgr>
    <id>79</id>
    <filename>fmgr.bin</filename>
    <version>
        <major>5</major>
        <minor>38</minor>
        <revision>21</revision>
    </version>
    <data>
        <genericOp>
            <str-tunarray-element str-tunarray-key="0">
                <data>
                    <wrt-choice>
                        <wrt-choice-abs>
                            <wrt>65535</wrt>
                            <pos>
                                <lon>-5671157</lon>
                                <lat>382938692</lat>
                                <alt>250389</alt>
                            </pos>
                        </wrt-choice-abs>
                    </wrt-choice>
                </data>
            </str-tunarray-element>
            <str-tunarray-element str-tunarray-key="1">
                <data>
                    <wrt-choice>
                        <wrt-choice-abs>
                            <wrt>65535</wrt>
                            <pos>
                                <lon>-5687034</lon>
                                <lat>382868778</lat>
                                <alt>250382</alt>
                            </pos>
                        </wrt-choice-abs>
                    </wrt-choice>
                </data>
            </str-tunarray-element>
            <str-tunarray-element str-tunarray-key="2">
                <data>
                    <wrt-choice>
                        <wrt-choice-abs>
                            <wrt>65535</wrt>
                            <pos>
                                <lon>-5407225</lon>
                                <lat>382831419</lat>
                                <alt>250365</alt>
                            </pos>
                        </wrt-choice-abs>
                    </wrt-choice>
                </data>
            </str-tunarray-element>
            <str-tunarray-element str-tunarray-key="3">
                <data>
                    <wrt-choice>
                        <wrt-choice-abs>
                            <wrt>65535</wrt>
                            <pos>
                                <lon>-5388343</lon>
                                <lat>382902967</lat>
                                <alt>250371</alt>
                            </pos>
                        </wrt-choice-abs>
                    </wrt-choice>
                </data>
            </str-tunarray-element>
        </genericOp>
        <specifiedOp/>
    </data>
</entry-fmgr>
