<entry-mevent>
    <id>128</id>
    <filename>mevent.bin</filename>
    <version>
        <major>5</major>
        <minor>38</minor>
        <revision>21</revision>
    </version>
    <data>
        <map>
            <str-tunarray-element str-tunarray-key="0">
                <data>
                    <name>SBY Button</name>
                    <dataTypeColor>
                        <cmpType3>
                            <typeColor>1</typeColor>
                            <var>
                                <vref-var>
                                    <type>0</type>
                                    <id>4101</id>
                                </vref-var>
                            </var>
                            <arrayColores/>
                        </cmpType3>
                    </dataTypeColor>
                    <check>
                        <data>
                            <icon>10</icon>
                            <timeControl>1.0</timeControl>
                            <check>0</check>
                            <checkTime>0</checkTime>
                        </data>
                    </check>
                </data>
            </str-tunarray-element>
            <str-tunarray-element str-tunarray-key="1">
                <data>
                    <name>RTH Phases</name>
                    <dataTypeColor>
                        <cmpType3>
                            <typeColor>1</typeColor>
                            <var>
                                <vref-var>
                                    <type>0</type>
                                    <id>4101</id>
                                </vref-var>
                            </var>
                            <arrayColores/>
                        </cmpType3>
                    </dataTypeColor>
                    <check>
                        <data>
                            <icon>10</icon>
                            <timeControl>0.0</timeControl>
                            <check>0</check>
                            <checkTime>0</checkTime>
                        </data>
                    </check>
                </data>
            </str-tunarray-element>
            <str-tunarray-element str-tunarray-key="2">
                <data>
                    <name>STB(Q) Button</name>
                    <dataTypeColor>
                        <cmpType3>
                            <typeColor>1</typeColor>
                            <var>
                                <vref-var>
                                    <type>0</type>
                                    <id>4101</id>
                                </vref-var>
                            </var>
                            <arrayColores/>
                        </cmpType3>
                    </dataTypeColor>
                    <check>
                        <data>
                            <icon>10</icon>
                            <timeControl>0.0</timeControl>
                            <check>0</check>
                            <checkTime>0</checkTime>
                        </data>
                    </check>
                </data>
            </str-tunarray-element>
            <str-tunarray-element str-tunarray-key="3">
                <data>
                    <name>HVR Button</name>
                    <dataTypeColor>
                        <cmpType3>
                            <typeColor>1</typeColor>
                            <var>
                                <vref-var>
                                    <type>0</type>
                                    <id>4101</id>
                                </vref-var>
                            </var>
                            <arrayColores/>
                        </cmpType3>
                    </dataTypeColor>
                    <check>
                        <data>
                            <icon>10</icon>
                            <timeControl>0.0</timeControl>
                            <check>0</check>
                            <checkTime>0</checkTime>
                        </data>
                    </check>
                </data>
            </str-tunarray-element>
            <str-tunarray-element str-tunarray-key="4">
                <data>
                    <name>LND Button</name>
                    <dataTypeColor>
                        <cmpType3>
                            <typeColor>1</typeColor>
                            <var>
                                <vref-var>
                                    <type>0</type>
                                    <id>4101</id>
                                </vref-var>
                            </var>
                            <arrayColores/>
                        </cmpType3>
                    </dataTypeColor>
                    <check>
                        <data>
                            <icon>10</icon>
                            <timeControl>0.0</timeControl>
                            <check>0</check>
                            <checkTime>0</checkTime>
                        </data>
                    </check>
                </data>
            </str-tunarray-element>
            <str-tunarray-element str-tunarray-key="5">
                <data>
                    <name>IAS &lt; 18</name>
                    <dataTypeColor>
                        <cmpType3>
                            <typeColor>1</typeColor>
                            <var>
                                <vref-var>
                                    <type>0</type>
                                    <id>4101</id>
                                </vref-var>
                            </var>
                            <arrayColores/>
                        </cmpType3>
                    </dataTypeColor>
                    <check>
                        <data>
                            <icon>10</icon>
                            <timeControl>0.0</timeControl>
                            <check>0</check>
                            <checkTime>0</checkTime>
                        </data>
                    </check>
                </data>
            </str-tunarray-element>
            <str-tunarray-element str-tunarray-key="6">
                <data>
                    <name>TKO Button</name>
                    <dataTypeColor>
                        <cmpType3>
                            <typeColor>1</typeColor>
                            <var>
                                <vref-var>
                                    <type>0</type>
                                    <id>4101</id>
                                </vref-var>
                            </var>
                            <arrayColores/>
                        </cmpType3>
                    </dataTypeColor>
                    <check>
                        <data>
                            <icon>10</icon>
                            <timeControl>0.0</timeControl>
                            <check>0</check>
                            <checkTime>0</checkTime>
                        </data>
                    </check>
                </data>
            </str-tunarray-element>
            <str-tunarray-element str-tunarray-key="7">
                <data>
                    <name>IAS &gt; 18</name>
                    <dataTypeColor>
                        <cmpType3>
                            <typeColor>1</typeColor>
                            <var>
                                <vref-var>
                                    <type>0</type>
                                    <id>4101</id>
                                </vref-var>
                            </var>
                            <arrayColores/>
                        </cmpType3>
                    </dataTypeColor>
                    <check>
                        <data>
                            <icon>10</icon>
                            <timeControl>0.0</timeControl>
                            <check>0</check>
                            <checkTime>0</checkTime>
                        </data>
                    </check>
                </data>
            </str-tunarray-element>
            <str-tunarray-element str-tunarray-key="8">
                <data>
                    <name>Not INI</name>
                    <dataTypeColor>
                        <cmpType3>
                            <typeColor>1</typeColor>
                            <var>
                                <vref-var>
                                    <type>0</type>
                                    <id>4101</id>
                                </vref-var>
                            </var>
                            <arrayColores/>
                        </cmpType3>
                    </dataTypeColor>
                    <check>
                        <data>
                            <icon>10</icon>
                            <timeControl>0.0</timeControl>
                            <check>0</check>
                            <checkTime>0</checkTime>
                        </data>
                    </check>
                </data>
            </str-tunarray-element>
            <str-tunarray-element str-tunarray-key="9">
                <data>
                    <name>STB(Q) Phases</name>
                    <dataTypeColor>
                        <cmpType3>
                            <typeColor>1</typeColor>
                            <var>
                                <vref-var>
                                    <type>0</type>
                                    <id>4101</id>
                                </vref-var>
                            </var>
                            <arrayColores/>
                        </cmpType3>
                    </dataTypeColor>
                    <check>
                        <data>
                            <icon>10</icon>
                            <timeControl>0.0</timeControl>
                            <check>0</check>
                            <checkTime>0</checkTime>
                        </data>
                    </check>
                </data>
            </str-tunarray-element>
            <str-tunarray-element str-tunarray-key="10">
                <data>
                    <name>HVR Phases</name>
                    <dataTypeColor>
                        <cmpType3>
                            <typeColor>1</typeColor>
                            <var>
                                <vref-var>
                                    <type>0</type>
                                    <id>4101</id>
                                </vref-var>
                            </var>
                            <arrayColores/>
                        </cmpType3>
                    </dataTypeColor>
                    <check>
                        <data>
                            <icon>10</icon>
                            <timeControl>0.0</timeControl>
                            <check>0</check>
                            <checkTime>0</checkTime>
                        </data>
                    </check>
                </data>
            </str-tunarray-element>
            <str-tunarray-element str-tunarray-key="11">
                <data>
                    <name>LND Phases</name>
                    <dataTypeColor>
                        <cmpType3>
                            <typeColor>1</typeColor>
                            <var>
                                <vref-var>
                                    <type>0</type>
                                    <id>4101</id>
                                </vref-var>
                            </var>
                            <arrayColores/>
                        </cmpType3>
                    </dataTypeColor>
                    <check>
                        <data>
                            <icon>10</icon>
                            <timeControl>0.0</timeControl>
                            <check>0</check>
                            <checkTime>0</checkTime>
                        </data>
                    </check>
                </data>
            </str-tunarray-element>
            <str-tunarray-element str-tunarray-key="12">
                <data>
                    <name>Ground Phases</name>
                    <dataTypeColor>
                        <cmpType3>
                            <typeColor>1</typeColor>
                            <var>
                                <vref-var>
                                    <type>0</type>
                                    <id>4101</id>
                                </vref-var>
                            </var>
                            <arrayColores/>
                        </cmpType3>
                    </dataTypeColor>
                    <check>
                        <data>
                            <icon>10</icon>
                            <timeControl>0.0</timeControl>
                            <check>0</check>
                            <checkTime>0</checkTime>
                        </data>
                    </check>
                </data>
            </str-tunarray-element>
            <str-tunarray-element str-tunarray-key="13">
                <data>
                    <name>TKO Phases</name>
                    <dataTypeColor>
                        <cmpType3>
                            <typeColor>1</typeColor>
                            <var>
                                <vref-var>
                                    <type>0</type>
                                    <id>4101</id>
                                </vref-var>
                            </var>
                            <arrayColores/>
                        </cmpType3>
                    </dataTypeColor>
                    <check>
                        <data>
                            <icon>10</icon>
                            <timeControl>0.0</timeControl>
                            <check>0</check>
                            <checkTime>0</checkTime>
                        </data>
                    </check>
                </data>
            </str-tunarray-element>
            <str-tunarray-element str-tunarray-key="14">
                <data>
                    <name>HVR-A</name>
                    <dataTypeColor>
                        <cmpType3>
                            <typeColor>1</typeColor>
                            <var>
                                <vref-var>
                                    <type>0</type>
                                    <id>4101</id>
                                </vref-var>
                            </var>
                            <arrayColores/>
                        </cmpType3>
                    </dataTypeColor>
                    <check>
                        <data>
                            <icon>10</icon>
                            <timeControl>0.0</timeControl>
                            <check>0</check>
                            <checkTime>0</checkTime>
                        </data>
                    </check>
                </data>
            </str-tunarray-element>
            <str-tunarray-element str-tunarray-key="15">
                <data>
                    <name>TX Error</name>
                    <dataTypeColor>
                        <cmpType3>
                            <typeColor>1</typeColor>
                            <var>
                                <vref-var>
                                    <type>0</type>
                                    <id>4101</id>
                                </vref-var>
                            </var>
                            <arrayColores/>
                        </cmpType3>
                    </dataTypeColor>
                    <check>
                        <data>
                            <icon>10</icon>
                            <timeControl>0.0</timeControl>
                            <check>0</check>
                            <checkTime>0</checkTime>
                        </data>
                    </check>
                </data>
            </str-tunarray-element>
            <str-tunarray-element str-tunarray-key="16">
                <data>
                    <name>RX Error</name>
                    <dataTypeColor>
                        <cmpType3>
                            <typeColor>1</typeColor>
                            <var>
                                <vref-var>
                                    <type>0</type>
                                    <id>4101</id>
                                </vref-var>
                            </var>
                            <arrayColores/>
                        </cmpType3>
                    </dataTypeColor>
                    <check>
                        <data>
                            <icon>10</icon>
                            <timeControl>0.0</timeControl>
                            <check>0</check>
                            <checkTime>0</checkTime>
                        </data>
                    </check>
                </data>
            </str-tunarray-element>
            <str-tunarray-element str-tunarray-key="18">
                <data>
                    <name>NO GPS</name>
                    <dataTypeColor>
                        <cmpType3>
                            <typeColor>1</typeColor>
                            <var>
                                <vref-var>
                                    <type>0</type>
                                    <id>4101</id>
                                </vref-var>
                            </var>
                            <arrayColores/>
                        </cmpType3>
                    </dataTypeColor>
                    <check>
                        <data>
                            <icon>10</icon>
                            <timeControl>0.0</timeControl>
                            <check>0</check>
                            <checkTime>0</checkTime>
                        </data>
                    </check>
                </data>
            </str-tunarray-element>
            <str-tunarray-element str-tunarray-key="19">
                <data>
                    <name>Plane Phases</name>
                    <dataTypeColor>
                        <cmpType3>
                            <typeColor>1</typeColor>
                            <var>
                                <vref-var>
                                    <type>0</type>
                                    <id>4101</id>
                                </vref-var>
                            </var>
                            <arrayColores/>
                        </cmpType3>
                    </dataTypeColor>
                    <check>
                        <data>
                            <icon>10</icon>
                            <timeControl>0.0</timeControl>
                            <check>0</check>
                            <checkTime>0</checkTime>
                        </data>
                    </check>
                </data>
            </str-tunarray-element>
            <str-tunarray-element str-tunarray-key="20">
                <data>
                    <name>Stick Error</name>
                    <dataTypeColor>
                        <cmpType3>
                            <typeColor>1</typeColor>
                            <var>
                                <vref-var>
                                    <type>0</type>
                                    <id>4101</id>
                                </vref-var>
                            </var>
                            <arrayColores/>
                        </cmpType3>
                    </dataTypeColor>
                    <check>
                        <data>
                            <icon>10</icon>
                            <timeControl>0.0</timeControl>
                            <check>0</check>
                            <checkTime>0</checkTime>
                        </data>
                    </check>
                </data>
            </str-tunarray-element>
            <str-tunarray-element str-tunarray-key="21">
                <data>
                    <name>Stick UP</name>
                    <dataTypeColor>
                        <cmpType3>
                            <typeColor>1</typeColor>
                            <var>
                                <vref-var>
                                    <type>0</type>
                                    <id>4101</id>
                                </vref-var>
                            </var>
                            <arrayColores/>
                        </cmpType3>
                    </dataTypeColor>
                    <check>
                        <data>
                            <icon>10</icon>
                            <timeControl>0.0</timeControl>
                            <check>0</check>
                            <checkTime>0</checkTime>
                        </data>
                    </check>
                </data>
            </str-tunarray-element>
            <str-tunarray-element str-tunarray-key="22">
                <data>
                    <name>Stick Mid</name>
                    <dataTypeColor>
                        <cmpType3>
                            <typeColor>1</typeColor>
                            <var>
                                <vref-var>
                                    <type>0</type>
                                    <id>4101</id>
                                </vref-var>
                            </var>
                            <arrayColores/>
                        </cmpType3>
                    </dataTypeColor>
                    <check>
                        <data>
                            <icon>10</icon>
                            <timeControl>0.0</timeControl>
                            <check>0</check>
                            <checkTime>0</checkTime>
                        </data>
                    </check>
                </data>
            </str-tunarray-element>
            <str-tunarray-element str-tunarray-key="24">
                <data>
                    <name>YR &lt; 0.01</name>
                    <dataTypeColor>
                        <cmpType3>
                            <typeColor>1</typeColor>
                            <var>
                                <vref-var>
                                    <type>0</type>
                                    <id>4101</id>
                                </vref-var>
                            </var>
                            <arrayColores/>
                        </cmpType3>
                    </dataTypeColor>
                    <check>
                        <data>
                            <icon>10</icon>
                            <timeControl>0.0</timeControl>
                            <check>0</check>
                            <checkTime>0</checkTime>
                        </data>
                    </check>
                </data>
            </str-tunarray-element>
            <str-tunarray-element str-tunarray-key="25">
                <data>
                    <name>Trim Button</name>
                    <dataTypeColor>
                        <cmpType3>
                            <typeColor>1</typeColor>
                            <var>
                                <vref-var>
                                    <type>0</type>
                                    <id>4101</id>
                                </vref-var>
                            </var>
                            <arrayColores/>
                        </cmpType3>
                    </dataTypeColor>
                    <check>
                        <data>
                            <icon>11</icon>
                            <timeControl>0.0</timeControl>
                            <check>1</check>
                            <checkTime>0</checkTime>
                        </data>
                    </check>
                </data>
            </str-tunarray-element>
            <str-tunarray-element str-tunarray-key="26">
                <data>
                    <name>DYR &lt; 0.01</name>
                    <dataTypeColor>
                        <cmpType3>
                            <typeColor>1</typeColor>
                            <var>
                                <vref-var>
                                    <type>0</type>
                                    <id>4101</id>
                                </vref-var>
                            </var>
                            <arrayColores/>
                        </cmpType3>
                    </dataTypeColor>
                    <check>
                        <data>
                            <icon>10</icon>
                            <timeControl>0.0</timeControl>
                            <check>0</check>
                            <checkTime>0</checkTime>
                        </data>
                    </check>
                </data>
            </str-tunarray-element>
            <str-tunarray-element str-tunarray-key="27">
                <data>
                    <name>CRU Button</name>
                    <dataTypeColor>
                        <cmpType3>
                            <typeColor>1</typeColor>
                            <var>
                                <vref-var>
                                    <type>0</type>
                                    <id>4101</id>
                                </vref-var>
                            </var>
                            <arrayColores/>
                        </cmpType3>
                    </dataTypeColor>
                    <check>
                        <data>
                            <icon>10</icon>
                            <timeControl>0.0</timeControl>
                            <check>0</check>
                            <checkTime>0</checkTime>
                        </data>
                    </check>
                </data>
            </str-tunarray-element>
            <str-tunarray-element str-tunarray-key="28">
                <data>
                    <name>CRU Phases</name>
                    <dataTypeColor>
                        <cmpType3>
                            <typeColor>1</typeColor>
                            <var>
                                <vref-var>
                                    <type>0</type>
                                    <id>4101</id>
                                </vref-var>
                            </var>
                            <arrayColores/>
                        </cmpType3>
                    </dataTypeColor>
                    <check>
                        <data>
                            <icon>10</icon>
                            <timeControl>0.0</timeControl>
                            <check>0</check>
                            <checkTime>0</checkTime>
                        </data>
                    </check>
                </data>
            </str-tunarray-element>
            <str-tunarray-element str-tunarray-key="29">
                <data>
                    <name>APP Button</name>
                    <dataTypeColor>
                        <cmpType3>
                            <typeColor>1</typeColor>
                            <var>
                                <vref-var>
                                    <type>0</type>
                                    <id>4101</id>
                                </vref-var>
                            </var>
                            <arrayColores/>
                        </cmpType3>
                    </dataTypeColor>
                    <check>
                        <data>
                            <icon>10</icon>
                            <timeControl>0.0</timeControl>
                            <check>0</check>
                            <checkTime>0</checkTime>
                        </data>
                    </check>
                </data>
            </str-tunarray-element>
            <str-tunarray-element str-tunarray-key="30">
                <data>
                    <name>APP Phases</name>
                    <dataTypeColor>
                        <cmpType3>
                            <typeColor>1</typeColor>
                            <var>
                                <vref-var>
                                    <type>0</type>
                                    <id>4101</id>
                                </vref-var>
                            </var>
                            <arrayColores/>
                        </cmpType3>
                    </dataTypeColor>
                    <check>
                        <data>
                            <icon>10</icon>
                            <timeControl>0.0</timeControl>
                            <check>0</check>
                            <checkTime>0</checkTime>
                        </data>
                    </check>
                </data>
            </str-tunarray-element>
            <str-tunarray-element str-tunarray-key="31">
                <data>
                    <name>CMB Button</name>
                    <dataTypeColor>
                        <cmpType3>
                            <typeColor>1</typeColor>
                            <var>
                                <vref-var>
                                    <type>0</type>
                                    <id>4101</id>
                                </vref-var>
                            </var>
                            <arrayColores/>
                        </cmpType3>
                    </dataTypeColor>
                    <check>
                        <data>
                            <icon>10</icon>
                            <timeControl>0.0</timeControl>
                            <check>0</check>
                            <checkTime>0</checkTime>
                        </data>
                    </check>
                </data>
            </str-tunarray-element>
            <str-tunarray-element str-tunarray-key="32">
                <data>
                    <name>CMB Phases</name>
                    <dataTypeColor>
                        <cmpType3>
                            <typeColor>1</typeColor>
                            <var>
                                <vref-var>
                                    <type>0</type>
                                    <id>4101</id>
                                </vref-var>
                            </var>
                            <arrayColores/>
                        </cmpType3>
                    </dataTypeColor>
                    <check>
                        <data>
                            <icon>10</icon>
                            <timeControl>0.0</timeControl>
                            <check>0</check>
                            <checkTime>0</checkTime>
                        </data>
                    </check>
                </data>
            </str-tunarray-element>
            <str-tunarray-element str-tunarray-key="33">
                <data>
                    <name>Pre-TKO Button</name>
                    <dataTypeColor>
                        <cmpType3>
                            <typeColor>1</typeColor>
                            <var>
                                <vref-var>
                                    <type>0</type>
                                    <id>4101</id>
                                </vref-var>
                            </var>
                            <arrayColores/>
                        </cmpType3>
                    </dataTypeColor>
                    <check>
                        <data>
                            <icon>10</icon>
                            <timeControl>0.0</timeControl>
                            <check>0</check>
                            <checkTime>0</checkTime>
                        </data>
                    </check>
                </data>
            </str-tunarray-element>
            <str-tunarray-element str-tunarray-key="34">
                <data>
                    <name>Pre-TKO Phases</name>
                    <dataTypeColor>
                        <cmpType3>
                            <typeColor>1</typeColor>
                            <var>
                                <vref-var>
                                    <type>0</type>
                                    <id>4101</id>
                                </vref-var>
                            </var>
                            <arrayColores/>
                        </cmpType3>
                    </dataTypeColor>
                    <check>
                        <data>
                            <icon>10</icon>
                            <timeControl>0.0</timeControl>
                            <check>0</check>
                            <checkTime>0</checkTime>
                        </data>
                    </check>
                </data>
            </str-tunarray-element>
            <str-tunarray-element str-tunarray-key="35">
                <data>
                    <name>Q2P Button</name>
                    <dataTypeColor>
                        <cmpType3>
                            <typeColor>1</typeColor>
                            <var>
                                <vref-var>
                                    <type>0</type>
                                    <id>4101</id>
                                </vref-var>
                            </var>
                            <arrayColores/>
                        </cmpType3>
                    </dataTypeColor>
                    <check>
                        <data>
                            <icon>10</icon>
                            <timeControl>0.0</timeControl>
                            <check>0</check>
                            <checkTime>0</checkTime>
                        </data>
                    </check>
                </data>
            </str-tunarray-element>
            <str-tunarray-element str-tunarray-key="36">
                <data>
                    <name>Q2P Phases</name>
                    <dataTypeColor>
                        <cmpType3>
                            <typeColor>1</typeColor>
                            <var>
                                <vref-var>
                                    <type>0</type>
                                    <id>4101</id>
                                </vref-var>
                            </var>
                            <arrayColores/>
                        </cmpType3>
                    </dataTypeColor>
                    <check>
                        <data>
                            <icon>10</icon>
                            <timeControl>0.0</timeControl>
                            <check>0</check>
                            <checkTime>0</checkTime>
                        </data>
                    </check>
                </data>
            </str-tunarray-element>
            <str-tunarray-element str-tunarray-key="37">
                <data>
                    <name>P2Q Button</name>
                    <dataTypeColor>
                        <cmpType3>
                            <typeColor>1</typeColor>
                            <var>
                                <vref-var>
                                    <type>0</type>
                                    <id>4101</id>
                                </vref-var>
                            </var>
                            <arrayColores/>
                        </cmpType3>
                    </dataTypeColor>
                    <check>
                        <data>
                            <icon>10</icon>
                            <timeControl>0.0</timeControl>
                            <check>0</check>
                            <checkTime>0</checkTime>
                        </data>
                    </check>
                </data>
            </str-tunarray-element>
            <str-tunarray-element str-tunarray-key="38">
                <data>
                    <name>P2Q Phases</name>
                    <dataTypeColor>
                        <cmpType3>
                            <typeColor>1</typeColor>
                            <var>
                                <vref-var>
                                    <type>0</type>
                                    <id>4101</id>
                                </vref-var>
                            </var>
                            <arrayColores/>
                        </cmpType3>
                    </dataTypeColor>
                    <check>
                        <data>
                            <icon>10</icon>
                            <timeControl>0.0</timeControl>
                            <check>0</check>
                            <checkTime>0</checkTime>
                        </data>
                    </check>
                </data>
            </str-tunarray-element>
            <str-tunarray-element str-tunarray-key="39">
                <data>
                    <name>L TRANSITIONS ON</name>
                    <dataTypeColor>
                        <cmpType3>
                            <typeColor>1</typeColor>
                            <var>
                                <vref-var>
                                    <type>0</type>
                                    <id>4101</id>
                                </vref-var>
                            </var>
                            <arrayColores/>
                        </cmpType3>
                    </dataTypeColor>
                    <check>
                        <data>
                            <icon>10</icon>
                            <timeControl>0.0</timeControl>
                            <check>0</check>
                            <checkTime>0</checkTime>
                        </data>
                    </check>
                </data>
            </str-tunarray-element>
            <str-tunarray-element str-tunarray-key="40">
                <data>
                    <name>P TRANSITIONS ON</name>
                    <dataTypeColor>
                        <cmpType3>
                            <typeColor>1</typeColor>
                            <var>
                                <vref-var>
                                    <type>0</type>
                                    <id>4101</id>
                                </vref-var>
                            </var>
                            <arrayColores/>
                        </cmpType3>
                    </dataTypeColor>
                    <check>
                        <data>
                            <icon>10</icon>
                            <timeControl>0.0</timeControl>
                            <check>0</check>
                            <checkTime>0</checkTime>
                        </data>
                    </check>
                </data>
            </str-tunarray-element>
            <str-tunarray-element str-tunarray-key="41">
                <data>
                    <name>Flight Phases</name>
                    <dataTypeColor>
                        <cmpType3>
                            <typeColor>1</typeColor>
                            <var>
                                <vref-var>
                                    <type>0</type>
                                    <id>4101</id>
                                </vref-var>
                            </var>
                            <arrayColores/>
                        </cmpType3>
                    </dataTypeColor>
                    <check>
                        <data>
                            <icon>10</icon>
                            <timeControl>0.0</timeControl>
                            <check>0</check>
                            <checkTime>0</checkTime>
                        </data>
                    </check>
                </data>
            </str-tunarray-element>
            <str-tunarray-element str-tunarray-key="43">
                <data>
                    <name>Plane Phases</name>
                    <dataTypeColor>
                        <cmpType3>
                            <typeColor>1</typeColor>
                            <var>
                                <vref-var>
                                    <type>0</type>
                                    <id>4101</id>
                                </vref-var>
                            </var>
                            <arrayColores/>
                        </cmpType3>
                    </dataTypeColor>
                    <check>
                        <data>
                            <icon>10</icon>
                            <timeControl>0.0</timeControl>
                            <check>0</check>
                            <checkTime>0</checkTime>
                        </data>
                    </check>
                </data>
            </str-tunarray-element>
            <str-tunarray-element str-tunarray-key="44">
                <data>
                    <name>P2Q Phase</name>
                    <dataTypeColor>
                        <cmpType3>
                            <typeColor>1</typeColor>
                            <var>
                                <vref-var>
                                    <type>0</type>
                                    <id>4101</id>
                                </vref-var>
                            </var>
                            <arrayColores/>
                        </cmpType3>
                    </dataTypeColor>
                    <check>
                        <data>
                            <icon>10</icon>
                            <timeControl>0.0</timeControl>
                            <check>0</check>
                            <checkTime>0</checkTime>
                        </data>
                    </check>
                </data>
            </str-tunarray-element>
            <str-tunarray-element str-tunarray-key="45">
                <data>
                    <name>FGV &lt; 2</name>
                    <dataTypeColor>
                        <cmpType3>
                            <typeColor>1</typeColor>
                            <var>
                                <vref-var>
                                    <type>0</type>
                                    <id>4101</id>
                                </vref-var>
                            </var>
                            <arrayColores/>
                        </cmpType3>
                    </dataTypeColor>
                    <check>
                        <data>
                            <icon>10</icon>
                            <timeControl>0.0</timeControl>
                            <check>0</check>
                            <checkTime>0</checkTime>
                        </data>
                    </check>
                </data>
            </str-tunarray-element>
            <str-tunarray-element str-tunarray-key="46">
                <data>
                    <name>IAS &gt; 25 m/s</name>
                    <dataTypeColor>
                        <cmpType3>
                            <typeColor>1</typeColor>
                            <var>
                                <vref-var>
                                    <type>0</type>
                                    <id>4101</id>
                                </vref-var>
                            </var>
                            <arrayColores/>
                        </cmpType3>
                    </dataTypeColor>
                    <check>
                        <data>
                            <icon>10</icon>
                            <timeControl>0.0</timeControl>
                            <check>0</check>
                            <checkTime>0</checkTime>
                        </data>
                    </check>
                </data>
            </str-tunarray-element>
            <str-tunarray-element str-tunarray-key="47">
                <data>
                    <name>Q2P Phase</name>
                    <dataTypeColor>
                        <cmpType3>
                            <typeColor>1</typeColor>
                            <var>
                                <vref-var>
                                    <type>0</type>
                                    <id>4101</id>
                                </vref-var>
                            </var>
                            <arrayColores/>
                        </cmpType3>
                    </dataTypeColor>
                    <check>
                        <data>
                            <icon>10</icon>
                            <timeControl>0.0</timeControl>
                            <check>0</check>
                            <checkTime>0</checkTime>
                        </data>
                    </check>
                </data>
            </str-tunarray-element>
            <str-tunarray-element str-tunarray-key="48">
                <data>
                    <name>Plane Phases</name>
                    <dataTypeColor>
                        <cmpType3>
                            <typeColor>1</typeColor>
                            <var>
                                <vref-var>
                                    <type>0</type>
                                    <id>4101</id>
                                </vref-var>
                            </var>
                            <arrayColores/>
                        </cmpType3>
                    </dataTypeColor>
                    <check>
                        <data>
                            <icon>10</icon>
                            <timeControl>0.0</timeControl>
                            <check>0</check>
                            <checkTime>0</checkTime>
                        </data>
                    </check>
                </data>
            </str-tunarray-element>
            <str-tunarray-element str-tunarray-key="49">
                <data>
                    <name>Quad Phases</name>
                    <dataTypeColor>
                        <cmpType3>
                            <typeColor>1</typeColor>
                            <var>
                                <vref-var>
                                    <type>0</type>
                                    <id>4101</id>
                                </vref-var>
                            </var>
                            <arrayColores/>
                        </cmpType3>
                    </dataTypeColor>
                    <check>
                        <data>
                            <icon>10</icon>
                            <timeControl>0.0</timeControl>
                            <check>0</check>
                            <checkTime>0</checkTime>
                        </data>
                    </check>
                </data>
            </str-tunarray-element>
            <str-tunarray-element str-tunarray-key="50">
                <data>
                    <name>Transitions</name>
                    <dataTypeColor>
                        <cmpType3>
                            <typeColor>1</typeColor>
                            <var>
                                <vref-var>
                                    <type>0</type>
                                    <id>4101</id>
                                </vref-var>
                            </var>
                            <arrayColores/>
                        </cmpType3>
                    </dataTypeColor>
                    <check>
                        <data>
                            <icon>10</icon>
                            <timeControl>0.0</timeControl>
                            <check>0</check>
                            <checkTime>0</checkTime>
                        </data>
                    </check>
                </data>
            </str-tunarray-element>
            <str-tunarray-element str-tunarray-key="51">
                <data>
                    <name>STB(P) Button</name>
                    <dataTypeColor>
                        <cmpType3>
                            <typeColor>1</typeColor>
                            <var>
                                <vref-var>
                                    <type>0</type>
                                    <id>4101</id>
                                </vref-var>
                            </var>
                            <arrayColores/>
                        </cmpType3>
                    </dataTypeColor>
                    <check>
                        <data>
                            <icon>10</icon>
                            <timeControl>0.0</timeControl>
                            <check>0</check>
                            <checkTime>0</checkTime>
                        </data>
                    </check>
                </data>
            </str-tunarray-element>
            <str-tunarray-element str-tunarray-key="52">
                <data>
                    <name>STB(P) Phases</name>
                    <dataTypeColor>
                        <cmpType3>
                            <typeColor>1</typeColor>
                            <var>
                                <vref-var>
                                    <type>0</type>
                                    <id>4101</id>
                                </vref-var>
                            </var>
                            <arrayColores/>
                        </cmpType3>
                    </dataTypeColor>
                    <check>
                        <data>
                            <icon>10</icon>
                            <timeControl>0.0</timeControl>
                            <check>0</check>
                            <checkTime>0</checkTime>
                        </data>
                    </check>
                </data>
            </str-tunarray-element>
            <str-tunarray-element str-tunarray-key="58">
                <data>
                    <name>TKO</name>
                    <dataTypeColor>
                        <cmpType3>
                            <typeColor>1</typeColor>
                            <var>
                                <vref-var>
                                    <type>0</type>
                                    <id>4101</id>
                                </vref-var>
                            </var>
                            <arrayColores/>
                        </cmpType3>
                    </dataTypeColor>
                    <check>
                        <data>
                            <icon>10</icon>
                            <timeControl>0.0</timeControl>
                            <check>0</check>
                            <checkTime>0</checkTime>
                        </data>
                    </check>
                </data>
            </str-tunarray-element>
            <str-tunarray-element str-tunarray-key="59">
                <data>
                    <name>AGL &gt; 25 m</name>
                    <dataTypeColor>
                        <cmpType3>
                            <typeColor>1</typeColor>
                            <var>
                                <vref-var>
                                    <type>0</type>
                                    <id>4101</id>
                                </vref-var>
                            </var>
                            <arrayColores/>
                        </cmpType3>
                    </dataTypeColor>
                    <check>
                        <data>
                            <icon>10</icon>
                            <timeControl>0.0</timeControl>
                            <check>0</check>
                            <checkTime>0</checkTime>
                        </data>
                    </check>
                </data>
            </str-tunarray-element>
            <str-tunarray-element str-tunarray-key="61">
                <data>
                    <name>RTH Button</name>
                    <dataTypeColor>
                        <cmpType3>
                            <typeColor>1</typeColor>
                            <var>
                                <vref-var>
                                    <type>0</type>
                                    <id>4101</id>
                                </vref-var>
                            </var>
                            <arrayColores/>
                        </cmpType3>
                    </dataTypeColor>
                    <check>
                        <data>
                            <icon>10</icon>
                            <timeControl>0.0</timeControl>
                            <check>0</check>
                            <checkTime>0</checkTime>
                        </data>
                    </check>
                </data>
            </str-tunarray-element>
            <str-tunarray-element str-tunarray-key="64">
                <data>
                    <name>P-CMB</name>
                    <dataTypeColor>
                        <cmpType3>
                            <typeColor>1</typeColor>
                            <var>
                                <vref-var>
                                    <type>0</type>
                                    <id>4101</id>
                                </vref-var>
                            </var>
                            <arrayColores/>
                        </cmpType3>
                    </dataTypeColor>
                    <check>
                        <data>
                            <icon>10</icon>
                            <timeControl>0.0</timeControl>
                            <check>0</check>
                            <checkTime>0</checkTime>
                        </data>
                    </check>
                </data>
            </str-tunarray-element>
            <str-tunarray-element str-tunarray-key="65">
                <data>
                    <name>RTH</name>
                    <dataTypeColor>
                        <cmpType3>
                            <typeColor>1</typeColor>
                            <var>
                                <vref-var>
                                    <type>0</type>
                                    <id>4101</id>
                                </vref-var>
                            </var>
                            <arrayColores/>
                        </cmpType3>
                    </dataTypeColor>
                    <check>
                        <data>
                            <icon>10</icon>
                            <timeControl>0.0</timeControl>
                            <check>0</check>
                            <checkTime>0</checkTime>
                        </data>
                    </check>
                </data>
            </str-tunarray-element>
            <str-tunarray-element str-tunarray-key="66">
                <data>
                    <name>APP</name>
                    <dataTypeColor>
                        <cmpType3>
                            <typeColor>1</typeColor>
                            <var>
                                <vref-var>
                                    <type>0</type>
                                    <id>4101</id>
                                </vref-var>
                            </var>
                            <arrayColores/>
                        </cmpType3>
                    </dataTypeColor>
                    <check>
                        <data>
                            <icon>10</icon>
                            <timeControl>0.0</timeControl>
                            <check>0</check>
                            <checkTime>0</checkTime>
                        </data>
                    </check>
                </data>
            </str-tunarray-element>
            <str-tunarray-element str-tunarray-key="67">
                <data>
                    <name>AGL &gt; 120</name>
                    <dataTypeColor>
                        <cmpType3>
                            <typeColor>1</typeColor>
                            <var>
                                <vref-var>
                                    <type>0</type>
                                    <id>4101</id>
                                </vref-var>
                            </var>
                            <arrayColores/>
                        </cmpType3>
                    </dataTypeColor>
                    <check>
                        <data>
                            <icon>10</icon>
                            <timeControl>0.0</timeControl>
                            <check>0</check>
                            <checkTime>0</checkTime>
                        </data>
                    </check>
                </data>
            </str-tunarray-element>
            <str-tunarray-element str-tunarray-key="68">
                <data>
                    <name>Transition point</name>
                    <dataTypeColor>
                        <cmpType2>
                            <typeColor>0</typeColor>
                            <color>
                                <r>255</r>
                                <g>255</g>
                                <b>255</b>
                                <a>255</a>
                            </color>
                        </cmpType2>
                    </dataTypeColor>
                    <check>
                        <data>
                            <icon>26</icon>
                            <timeControl>0.0</timeControl>
                            <check>0</check>
                            <checkTime>0</checkTime>
                        </data>
                    </check>
                </data>
            </str-tunarray-element>
            <str-tunarray-element str-tunarray-key="69">
                <data>
                    <name>GS &lt; 0.1</name>
                    <dataTypeColor>
                        <cmpType3>
                            <typeColor>1</typeColor>
                            <var>
                                <vref-var>
                                    <type>0</type>
                                    <id>4101</id>
                                </vref-var>
                            </var>
                            <arrayColores/>
                        </cmpType3>
                    </dataTypeColor>
                    <check>
                        <data>
                            <icon>10</icon>
                            <timeControl>0.0</timeControl>
                            <check>0</check>
                            <checkTime>0</checkTime>
                        </data>
                    </check>
                </data>
            </str-tunarray-element>
            <str-tunarray-element str-tunarray-key="70">
                <data>
                    <name>LND</name>
                    <dataTypeColor>
                        <cmpType3>
                            <typeColor>1</typeColor>
                            <var>
                                <vref-var>
                                    <type>0</type>
                                    <id>4101</id>
                                </vref-var>
                            </var>
                            <arrayColores/>
                        </cmpType3>
                    </dataTypeColor>
                    <check>
                        <data>
                            <icon>10</icon>
                            <timeControl>0.0</timeControl>
                            <check>0</check>
                            <checkTime>0</checkTime>
                        </data>
                    </check>
                </data>
            </str-tunarray-element>
            <str-tunarray-element str-tunarray-key="71">
                <data>
                    <name>GV Down &lt; 0.2</name>
                    <dataTypeColor>
                        <cmpType3>
                            <typeColor>1</typeColor>
                            <var>
                                <vref-var>
                                    <type>0</type>
                                    <id>4101</id>
                                </vref-var>
                            </var>
                            <arrayColores/>
                        </cmpType3>
                    </dataTypeColor>
                    <check>
                        <data>
                            <icon>10</icon>
                            <timeControl>0.0</timeControl>
                            <check>0</check>
                            <checkTime>0</checkTime>
                        </data>
                    </check>
                </data>
            </str-tunarray-element>
            <str-tunarray-element str-tunarray-key="72">
                <data>
                    <name>PreTKO</name>
                    <dataTypeColor>
                        <cmpType3>
                            <typeColor>1</typeColor>
                            <var>
                                <vref-var>
                                    <type>0</type>
                                    <id>4101</id>
                                </vref-var>
                            </var>
                            <arrayColores/>
                        </cmpType3>
                    </dataTypeColor>
                    <check>
                        <data>
                            <icon>10</icon>
                            <timeControl>0.0</timeControl>
                            <check>0</check>
                            <checkTime>0</checkTime>
                        </data>
                    </check>
                </data>
            </str-tunarray-element>
            <str-tunarray-element str-tunarray-key="73">
                <data>
                    <name>Pre-TKO</name>
                    <dataTypeColor>
                        <cmpType3>
                            <typeColor>1</typeColor>
                            <var>
                                <vref-var>
                                    <type>0</type>
                                    <id>4101</id>
                                </vref-var>
                            </var>
                            <arrayColores/>
                        </cmpType3>
                    </dataTypeColor>
                    <check>
                        <data>
                            <icon>10</icon>
                            <timeControl>0.0</timeControl>
                            <check>0</check>
                            <checkTime>0</checkTime>
                        </data>
                    </check>
                </data>
            </str-tunarray-element>
            <str-tunarray-element str-tunarray-key="75">
                <data>
                    <name>Stick down</name>
                    <dataTypeColor>
                        <cmpType3>
                            <typeColor>1</typeColor>
                            <var>
                                <vref-var>
                                    <type>0</type>
                                    <id>4101</id>
                                </vref-var>
                            </var>
                            <arrayColores/>
                        </cmpType3>
                    </dataTypeColor>
                    <check>
                        <data>
                            <icon>10</icon>
                            <timeControl>0.0</timeControl>
                            <check>0</check>
                            <checkTime>0</checkTime>
                        </data>
                    </check>
                </data>
            </str-tunarray-element>
            <str-tunarray-element str-tunarray-key="76">
                <data>
                    <name>DGV Down &lt; 0.2</name>
                    <dataTypeColor>
                        <cmpType3>
                            <typeColor>1</typeColor>
                            <var>
                                <vref-var>
                                    <type>0</type>
                                    <id>4101</id>
                                </vref-var>
                            </var>
                            <arrayColores/>
                        </cmpType3>
                    </dataTypeColor>
                    <check>
                        <data>
                            <icon>10</icon>
                            <timeControl>0.0</timeControl>
                            <check>0</check>
                            <checkTime>0</checkTime>
                        </data>
                    </check>
                </data>
            </str-tunarray-element>
            <str-tunarray-element str-tunarray-key="77">
                <data>
                    <name>Stick OK</name>
                    <dataTypeColor>
                        <cmpType3>
                            <typeColor>1</typeColor>
                            <var>
                                <vref-var>
                                    <type>0</type>
                                    <id>4101</id>
                                </vref-var>
                            </var>
                            <arrayColores/>
                        </cmpType3>
                    </dataTypeColor>
                    <check>
                        <data>
                            <icon>10</icon>
                            <timeControl>0.0</timeControl>
                            <check>0</check>
                            <checkTime>0</checkTime>
                        </data>
                    </check>
                </data>
            </str-tunarray-element>
            <str-tunarray-element str-tunarray-key="79">
                <data>
                    <name>DGS &lt; 0.1</name>
                    <dataTypeColor>
                        <cmpType3>
                            <typeColor>1</typeColor>
                            <var>
                                <vref-var>
                                    <type>0</type>
                                    <id>4101</id>
                                </vref-var>
                            </var>
                            <arrayColores/>
                        </cmpType3>
                    </dataTypeColor>
                    <check>
                        <data>
                            <icon>10</icon>
                            <timeControl>0.0</timeControl>
                            <check>0</check>
                            <checkTime>0</checkTime>
                        </data>
                    </check>
                </data>
            </str-tunarray-element>
            <str-tunarray-element str-tunarray-key="80">
                <data>
                    <name>DDGV &lt; 0.1</name>
                    <dataTypeColor>
                        <cmpType3>
                            <typeColor>1</typeColor>
                            <var>
                                <vref-var>
                                    <type>0</type>
                                    <id>4101</id>
                                </vref-var>
                            </var>
                            <arrayColores/>
                        </cmpType3>
                    </dataTypeColor>
                    <check>
                        <data>
                            <icon>10</icon>
                            <timeControl>0.0</timeControl>
                            <check>0</check>
                            <checkTime>0</checkTime>
                        </data>
                    </check>
                </data>
            </str-tunarray-element>
            <str-tunarray-element str-tunarray-key="81">
                <data>
                    <name>DGV &lt; 0.1</name>
                    <dataTypeColor>
                        <cmpType3>
                            <typeColor>1</typeColor>
                            <var>
                                <vref-var>
                                    <type>0</type>
                                    <id>4101</id>
                                </vref-var>
                            </var>
                            <arrayColores/>
                        </cmpType3>
                    </dataTypeColor>
                    <check>
                        <data>
                            <icon>10</icon>
                            <timeControl>0.0</timeControl>
                            <check>0</check>
                            <checkTime>0</checkTime>
                        </data>
                    </check>
                </data>
            </str-tunarray-element>
            <str-tunarray-element str-tunarray-key="82">
                <data>
                    <name>STAQ</name>
                    <dataTypeColor>
                        <cmpType3>
                            <typeColor>1</typeColor>
                            <var>
                                <vref-var>
                                    <type>0</type>
                                    <id>4101</id>
                                </vref-var>
                            </var>
                            <arrayColores/>
                        </cmpType3>
                    </dataTypeColor>
                    <check>
                        <data>
                            <icon>10</icon>
                            <timeControl>0.0</timeControl>
                            <check>0</check>
                            <checkTime>0</checkTime>
                        </data>
                    </check>
                </data>
            </str-tunarray-element>
        </map>
    </data>
</entry-mevent>
