<entry-automations-gname>
    <id>150</id>
    <filename>agname.bin</filename>
    <version>
        <major>5</major>
        <minor>38</minor>
        <revision>21</revision>
    </version>
    <data>
        <map>
            <str-tunarray-element str-tunarray-key="0">
                <data>
                    <string>Buttons</string>
                </data>
            </str-tunarray-element>
            <str-tunarray-element str-tunarray-key="1">
                <data>
                    <string>Envelope</string>
                </data>
            </str-tunarray-element>
            <str-tunarray-element str-tunarray-key="2">
                <data>
                    <string>Stick</string>
                </data>
            </str-tunarray-element>
            <str-tunarray-element str-tunarray-key="3">
                <data>
                    <string>Failsafe</string>
                </data>
            </str-tunarray-element>
            <str-tunarray-element str-tunarray-key="4">
                <data>
                    <string>Landing</string>
                </data>
            </str-tunarray-element>
            <str-tunarray-element str-tunarray-key="5">
                <data>
                    <string>Transitions</string>
                </data>
            </str-tunarray-element>
        </map>
    </data>
</entry-automations-gname>
