<entry-metatc>
    <id>139</id>
    <filename>metatc.bin</filename>
    <version>
        <major>5</major>
        <minor>38</minor>
        <revision>21</revision>
    </version>
    <data>
        <data>
            <str-tunarray-element str-tunarray-key="0">
                <data-phases-expand>
                    <data-pages/>
                    <data-tc-panels/>
                </data-phases-expand>
            </str-tunarray-element>
            <str-tunarray-element str-tunarray-key="1">
                <data-phases-expand>
                    <data-pages/>
                    <data-tc-panels/>
                </data-phases-expand>
            </str-tunarray-element>
            <str-tunarray-element str-tunarray-key="2">
                <data-phases-expand>
                    <data-pages/>
                    <data-tc-panels>
                        <data>
                            <typeControl>2</typeControl>
                            <page>0</page>
                            <posX>0</posX>
                            <posY>0</posY>
                            <sizeX>14</sizeX>
                            <sizeY>5</sizeY>
                            <min_value>0.0</min_value>
                            <max_value>1.0</max_value>
                            <idAddress>205</idAddress>
                            <address>
                                <str-tunarray-element>3</str-tunarray-element>
                                <str-tunarray-element>0</str-tunarray-element>
                            </address>
                            <metaName>Pitching (Q) (Block 0)</metaName>
                            <vref>
                                <vref-kval>
                                    <type>65534</type>
                                    <kval>0.0</kval>
                                </vref-kval>
                            </vref>
                            <unit>0</unit>
                        </data>
                        <data>
                            <typeControl>2</typeControl>
                            <page>0</page>
                            <posX>0</posX>
                            <posY>5</posY>
                            <sizeX>14</sizeX>
                            <sizeY>5</sizeY>
                            <min_value>0.0</min_value>
                            <max_value>1.0</max_value>
                            <idAddress>205</idAddress>
                            <address>
                                <str-tunarray-element>3</str-tunarray-element>
                                <str-tunarray-element>1</str-tunarray-element>
                            </address>
                            <metaName>Pitching (Q) (Block 1)</metaName>
                            <vref>
                                <vref-kval>
                                    <type>65534</type>
                                    <kval>0.0</kval>
                                </vref-kval>
                            </vref>
                            <unit>0</unit>
                        </data>
                        <data>
                            <typeControl>2</typeControl>
                            <page>0</page>
                            <posX>0</posX>
                            <posY>10</posY>
                            <sizeX>14</sizeX>
                            <sizeY>5</sizeY>
                            <min_value>0.0</min_value>
                            <max_value>1.0</max_value>
                            <idAddress>205</idAddress>
                            <address>
                                <str-tunarray-element>3</str-tunarray-element>
                                <str-tunarray-element>2</str-tunarray-element>
                            </address>
                            <metaName>Pitching (Q) (Block 2)</metaName>
                            <vref>
                                <vref-kval>
                                    <type>65534</type>
                                    <kval>0.0</kval>
                                </vref-kval>
                            </vref>
                            <unit>0</unit>
                        </data>
                        <data>
                            <typeControl>2</typeControl>
                            <page>1</page>
                            <posX>0</posX>
                            <posY>0</posY>
                            <sizeX>14</sizeX>
                            <sizeY>5</sizeY>
                            <min_value>0.0</min_value>
                            <max_value>1.0</max_value>
                            <idAddress>205</idAddress>
                            <address>
                                <str-tunarray-element>5</str-tunarray-element>
                                <str-tunarray-element>0</str-tunarray-element>
                            </address>
                            <metaName>Rolling (Q) (Block 0)</metaName>
                            <vref>
                                <vref-kval>
                                    <type>65534</type>
                                    <kval>0.0</kval>
                                </vref-kval>
                            </vref>
                            <unit>0</unit>
                        </data>
                        <data>
                            <typeControl>2</typeControl>
                            <page>1</page>
                            <posX>0</posX>
                            <posY>5</posY>
                            <sizeX>14</sizeX>
                            <sizeY>5</sizeY>
                            <min_value>0.0</min_value>
                            <max_value>1.0</max_value>
                            <idAddress>205</idAddress>
                            <address>
                                <str-tunarray-element>5</str-tunarray-element>
                                <str-tunarray-element>1</str-tunarray-element>
                            </address>
                            <metaName>Rolling (Q) (Block 1)</metaName>
                            <vref>
                                <vref-kval>
                                    <type>65534</type>
                                    <kval>0.0</kval>
                                </vref-kval>
                            </vref>
                            <unit>0</unit>
                        </data>
                        <data>
                            <typeControl>2</typeControl>
                            <page>1</page>
                            <posX>0</posX>
                            <posY>10</posY>
                            <sizeX>14</sizeX>
                            <sizeY>5</sizeY>
                            <min_value>0.0</min_value>
                            <max_value>1.0</max_value>
                            <idAddress>205</idAddress>
                            <address>
                                <str-tunarray-element>5</str-tunarray-element>
                                <str-tunarray-element>2</str-tunarray-element>
                            </address>
                            <metaName>Rolling (Q) (Block 2)</metaName>
                            <vref>
                                <vref-kval>
                                    <type>65534</type>
                                    <kval>0.0</kval>
                                </vref-kval>
                            </vref>
                            <unit>0</unit>
                        </data>
                        <data>
                            <typeControl>2</typeControl>
                            <page>2</page>
                            <posX>0</posX>
                            <posY>0</posY>
                            <sizeX>14</sizeX>
                            <sizeY>5</sizeY>
                            <min_value>0.0</min_value>
                            <max_value>1.0</max_value>
                            <idAddress>205</idAddress>
                            <address>
                                <str-tunarray-element>4</str-tunarray-element>
                                <str-tunarray-element>0</str-tunarray-element>
                            </address>
                            <metaName>Throttle (Q) (Block 0)</metaName>
                            <vref>
                                <vref-kval>
                                    <type>65534</type>
                                    <kval>0.0</kval>
                                </vref-kval>
                            </vref>
                            <unit>0</unit>
                        </data>
                        <data>
                            <typeControl>2</typeControl>
                            <page>2</page>
                            <posX>0</posX>
                            <posY>5</posY>
                            <sizeX>14</sizeX>
                            <sizeY>5</sizeY>
                            <min_value>0.0</min_value>
                            <max_value>1.0</max_value>
                            <idAddress>205</idAddress>
                            <address>
                                <str-tunarray-element>6</str-tunarray-element>
                                <str-tunarray-element>0</str-tunarray-element>
                            </address>
                            <metaName>Yawing (Q) (Block 0)</metaName>
                            <vref>
                                <vref-kval>
                                    <type>65534</type>
                                    <kval>0.0</kval>
                                </vref-kval>
                            </vref>
                            <unit>0</unit>
                        </data>
                        <data>
                            <typeControl>2</typeControl>
                            <page>2</page>
                            <posX>0</posX>
                            <posY>10</posY>
                            <sizeX>14</sizeX>
                            <sizeY>5</sizeY>
                            <min_value>0.0</min_value>
                            <max_value>1.0</max_value>
                            <idAddress>205</idAddress>
                            <address>
                                <str-tunarray-element>6</str-tunarray-element>
                                <str-tunarray-element>1</str-tunarray-element>
                            </address>
                            <metaName>Yawing (Q) (Block 1)</metaName>
                            <vref>
                                <vref-kval>
                                    <type>65534</type>
                                    <kval>0.0</kval>
                                </vref-kval>
                            </vref>
                            <unit>0</unit>
                        </data>
                    </data-tc-panels>
                </data-phases-expand>
            </str-tunarray-element>
            <str-tunarray-element str-tunarray-key="3">
                <data-phases-expand>
                    <data-pages/>
                    <data-tc-panels/>
                </data-phases-expand>
            </str-tunarray-element>
            <str-tunarray-element str-tunarray-key="4">
                <data-phases-expand>
                    <data-pages/>
                    <data-tc-panels>
                        <data>
                            <typeControl>2</typeControl>
                            <page>0</page>
                            <posX>0</posX>
                            <posY>0</posY>
                            <sizeX>14</sizeX>
                            <sizeY>5</sizeY>
                            <min_value>0.0</min_value>
                            <max_value>1.0</max_value>
                            <idAddress>205</idAddress>
                            <address>
                                <str-tunarray-element>5</str-tunarray-element>
                                <str-tunarray-element>0</str-tunarray-element>
                            </address>
                            <metaName>Rolling (Quad) (Block 0)</metaName>
                            <vref>
                                <vref-kval>
                                    <type>65534</type>
                                    <kval>0.0</kval>
                                </vref-kval>
                            </vref>
                            <unit>0</unit>
                        </data>
                        <data>
                            <typeControl>2</typeControl>
                            <page>0</page>
                            <posX>0</posX>
                            <posY>5</posY>
                            <sizeX>14</sizeX>
                            <sizeY>5</sizeY>
                            <min_value>0.0</min_value>
                            <max_value>1.0</max_value>
                            <idAddress>205</idAddress>
                            <address>
                                <str-tunarray-element>5</str-tunarray-element>
                                <str-tunarray-element>1</str-tunarray-element>
                            </address>
                            <metaName>Rolling (Quad) (Block 1)</metaName>
                            <vref>
                                <vref-kval>
                                    <type>65534</type>
                                    <kval>0.0</kval>
                                </vref-kval>
                            </vref>
                            <unit>0</unit>
                        </data>
                        <data>
                            <typeControl>2</typeControl>
                            <page>1</page>
                            <posX>0</posX>
                            <posY>0</posY>
                            <sizeX>14</sizeX>
                            <sizeY>5</sizeY>
                            <min_value>0.0</min_value>
                            <max_value>1.0</max_value>
                            <idAddress>205</idAddress>
                            <address>
                                <str-tunarray-element>3</str-tunarray-element>
                                <str-tunarray-element>0</str-tunarray-element>
                            </address>
                            <metaName>Pitching (Quad) (Block 0)</metaName>
                            <vref>
                                <vref-kval>
                                    <type>65534</type>
                                    <kval>0.0</kval>
                                </vref-kval>
                            </vref>
                            <unit>0</unit>
                        </data>
                        <data>
                            <typeControl>2</typeControl>
                            <page>1</page>
                            <posX>0</posX>
                            <posY>5</posY>
                            <sizeX>14</sizeX>
                            <sizeY>5</sizeY>
                            <min_value>0.0</min_value>
                            <max_value>1.0</max_value>
                            <idAddress>205</idAddress>
                            <address>
                                <str-tunarray-element>3</str-tunarray-element>
                                <str-tunarray-element>1</str-tunarray-element>
                            </address>
                            <metaName>Pitching (Quad) (Block 1)</metaName>
                            <vref>
                                <vref-kval>
                                    <type>65534</type>
                                    <kval>0.0</kval>
                                </vref-kval>
                            </vref>
                            <unit>0</unit>
                        </data>
                        <data>
                            <typeControl>2</typeControl>
                            <page>2</page>
                            <posX>0</posX>
                            <posY>0</posY>
                            <sizeX>14</sizeX>
                            <sizeY>5</sizeY>
                            <min_value>0.0</min_value>
                            <max_value>1.0</max_value>
                            <idAddress>205</idAddress>
                            <address>
                                <str-tunarray-element>6</str-tunarray-element>
                                <str-tunarray-element>0</str-tunarray-element>
                            </address>
                            <metaName>Yawing (Quad) (Block 0)</metaName>
                            <vref>
                                <vref-kval>
                                    <type>65534</type>
                                    <kval>0.0</kval>
                                </vref-kval>
                            </vref>
                            <unit>0</unit>
                        </data>
                    </data-tc-panels>
                </data-phases-expand>
            </str-tunarray-element>
            <str-tunarray-element str-tunarray-key="5">
                <data-phases-expand>
                    <data-pages/>
                    <data-tc-panels/>
                </data-phases-expand>
            </str-tunarray-element>
            <str-tunarray-element str-tunarray-key="6">
                <data-phases-expand>
                    <data-pages/>
                    <data-tc-panels/>
                </data-phases-expand>
            </str-tunarray-element>
            <str-tunarray-element str-tunarray-key="7">
                <data-phases-expand>
                    <data-pages/>
                    <data-tc-panels/>
                </data-phases-expand>
            </str-tunarray-element>
            <str-tunarray-element str-tunarray-key="8">
                <data-phases-expand>
                    <data-pages/>
                    <data-tc-panels/>
                </data-phases-expand>
            </str-tunarray-element>
            <str-tunarray-element str-tunarray-key="9">
                <data-phases-expand>
                    <data-pages/>
                    <data-tc-panels/>
                </data-phases-expand>
            </str-tunarray-element>
            <str-tunarray-element str-tunarray-key="10">
                <data-phases-expand>
                    <data-pages/>
                    <data-tc-panels/>
                </data-phases-expand>
            </str-tunarray-element>
            <str-tunarray-element str-tunarray-key="11">
                <data-phases-expand>
                    <data-pages/>
                    <data-tc-panels/>
                </data-phases-expand>
            </str-tunarray-element>
            <str-tunarray-element str-tunarray-key="12">
                <data-phases-expand>
                    <data-pages/>
                    <data-tc-panels/>
                </data-phases-expand>
            </str-tunarray-element>
            <str-tunarray-element str-tunarray-key="13">
                <data-phases-expand>
                    <data-pages/>
                    <data-tc-panels>
                        <data>
                            <typeControl>2</typeControl>
                            <page>0</page>
                            <posX>0</posX>
                            <posY>5</posY>
                            <sizeX>14</sizeX>
                            <sizeY>5</sizeY>
                            <min_value>0.0</min_value>
                            <max_value>1.0</max_value>
                            <idAddress>205</idAddress>
                            <address>
                                <str-tunarray-element>1</str-tunarray-element>
                                <str-tunarray-element>1</str-tunarray-element>
                            </address>
                            <metaName>Rolling (Plane) (Block 1)</metaName>
                            <vref>
                                <vref-kval>
                                    <type>65534</type>
                                    <kval>0.0</kval>
                                </vref-kval>
                            </vref>
                            <unit>0</unit>
                        </data>
                        <data>
                            <typeControl>2</typeControl>
                            <page>1</page>
                            <posX>0</posX>
                            <posY>5</posY>
                            <sizeX>14</sizeX>
                            <sizeY>5</sizeY>
                            <min_value>0.0</min_value>
                            <max_value>1.0</max_value>
                            <idAddress>205</idAddress>
                            <address>
                                <str-tunarray-element>0</str-tunarray-element>
                                <str-tunarray-element>1</str-tunarray-element>
                            </address>
                            <metaName>Pitching (Plane) (Block 1)</metaName>
                            <vref>
                                <vref-kval>
                                    <type>65534</type>
                                    <kval>0.0</kval>
                                </vref-kval>
                            </vref>
                            <unit>0</unit>
                        </data>
                        <data>
                            <typeControl>2</typeControl>
                            <page>2</page>
                            <posX>0</posX>
                            <posY>0</posY>
                            <sizeX>14</sizeX>
                            <sizeY>5</sizeY>
                            <min_value>0.0</min_value>
                            <max_value>1.0</max_value>
                            <idAddress>205</idAddress>
                            <address>
                                <str-tunarray-element>7</str-tunarray-element>
                                <str-tunarray-element>0</str-tunarray-element>
                            </address>
                            <metaName>Throttle (Plane) (Block 0)</metaName>
                            <vref>
                                <vref-kval>
                                    <type>65534</type>
                                    <kval>0.0</kval>
                                </vref-kval>
                            </vref>
                            <unit>0</unit>
                        </data>
                        <data>
                            <typeControl>2</typeControl>
                            <page>2</page>
                            <posX>0</posX>
                            <posY>5</posY>
                            <sizeX>14</sizeX>
                            <sizeY>5</sizeY>
                            <min_value>0.0</min_value>
                            <max_value>1.0</max_value>
                            <idAddress>205</idAddress>
                            <address>
                                <str-tunarray-element>2</str-tunarray-element>
                                <str-tunarray-element>0</str-tunarray-element>
                            </address>
                            <metaName>Yawing (Plane) (Block 0)</metaName>
                            <vref>
                                <vref-kval>
                                    <type>65534</type>
                                    <kval>0.0</kval>
                                </vref-kval>
                            </vref>
                            <unit>0</unit>
                        </data>
                    </data-tc-panels>
                </data-phases-expand>
            </str-tunarray-element>
            <str-tunarray-element str-tunarray-key="14">
                <data-phases-expand>
                    <data-pages/>
                    <data-tc-panels/>
                </data-phases-expand>
            </str-tunarray-element>
        </data>
    </data>
</entry-metatc>
