<entry-blocks>
    <id>51</id>
    <filename>blocks.bin</filename>
    <version>
        <major>5</major>
        <minor>38</minor>
        <revision>21</revision>
    </version>
    <data>
        <programs>
            <str-tunarray-element>
                <str-tunarray-element>
                    <rvarget>
                        <block-type>100</block-type>
                        <rvarid>202</rvarid>
                    </rvarget>
                </str-tunarray-element>
                <str-tunarray-element>
                    <const-real>
                        <block-type>150</block-type>
                        <value>
                            <str-tunarray-element>0.0</str-tunarray-element>
                        </value>
                    </const-real>
                </str-tunarray-element>
                <str-tunarray-element>
                    <rtable3d>
                        <block-type>600</block-type>
                        <data>
                            <input_x>
                                <block>0</block>
                                <out>0</out>
                            </input_x>
                            <input_y>
                                <block>1</block>
                                <out>0</out>
                            </input_y>
                            <table>
                                <extraploate>0</extraploate>
                                <i2method>0</i2method>
                                <table>
                                    <xrow-header>
                                        <str-tunarray-element>-6.0</str-tunarray-element>
                                        <str-tunarray-element>-3.0</str-tunarray-element>
                                        <str-tunarray-element>-1.0</str-tunarray-element>
                                        <str-tunarray-element>0.0</str-tunarray-element>
                                        <str-tunarray-element>1.0</str-tunarray-element>
                                        <str-tunarray-element>3.0</str-tunarray-element>
                                    </xrow-header>
                                    <ycol-header>
                                        <str-tunarray-element>0.0</str-tunarray-element>
                                        <str-tunarray-element>1.0</str-tunarray-element>
                                    </ycol-header>
                                    <zdata>
                                        <zcolumn>
                                            <zelement>0.58</zelement>
                                            <zelement>0.0</zelement>
                                            <zelement>0.43</zelement>
                                            <zelement>0.0</zelement>
                                            <zelement>0.4</zelement>
                                            <zelement>0.0</zelement>
                                        </zcolumn>
                                        <zcolumn>
                                            <zelement>0.39</zelement>
                                            <zelement>0.0</zelement>
                                            <zelement>0.35</zelement>
                                            <zelement>0.0</zelement>
                                            <zelement>0.26</zelement>
                                            <zelement>0.0</zelement>
                                        </zcolumn>
                                    </zdata>
                                </table>
                            </table>
                        </data>
                    </rtable3d>
                </str-tunarray-element>
                <str-tunarray-element>
                    <rvarset>
                        <block-type>101</block-type>
                        <data>
                            <input>
                                <block>2</block>
                                <out>0</out>
                            </input>
                            <rvarid>3104</rvarid>
                        </data>
                    </rvarset>
                </str-tunarray-element>
            </str-tunarray-element>
            <str-tunarray-element>
                <str-tunarray-element>
                    <rvarget>
                        <block-type>100</block-type>
                        <rvarid>2407</rvarid>
                    </rvarget>
                </str-tunarray-element>
                <str-tunarray-element>
                    <const-real>
                        <block-type>150</block-type>
                        <value>
                            <str-tunarray-element>0.3</str-tunarray-element>
                        </value>
                    </const-real>
                </str-tunarray-element>
                <str-tunarray-element>
                    <func-r2xr1>
                        <block-type>201</block-type>
                        <data>
                            <input0>
                                <block>0</block>
                                <out>0</out>
                            </input0>
                            <input1>
                                <block>1</block>
                                <out>0</out>
                            </input1>
                            <type>2</type>
                        </data>
                    </func-r2xr1>
                </str-tunarray-element>
                <str-tunarray-element>
                    <rvarset>
                        <block-type>101</block-type>
                        <data>
                            <input>
                                <block>2</block>
                                <out>0</out>
                            </input>
                            <rvarid>3106</rvarid>
                        </data>
                    </rvarset>
                </str-tunarray-element>
            </str-tunarray-element>
            <str-tunarray-element>
                <str-tunarray-element>
                    <rvarget>
                        <block-type>100</block-type>
                        <rvarid>100</rvarid>
                    </rvarget>
                </str-tunarray-element>
                <str-tunarray-element>
                    <rvarget>
                        <block-type>100</block-type>
                        <rvarid>202</rvarid>
                    </rvarget>
                </str-tunarray-element>
                <str-tunarray-element>
                    <rtable3d>
                        <block-type>600</block-type>
                        <data>
                            <input_x>
                                <block>0</block>
                                <out>0</out>
                            </input_x>
                            <input_y>
                                <block>1</block>
                                <out>0</out>
                            </input_y>
                            <table>
                                <extraploate>0</extraploate>
                                <i2method>0</i2method>
                                <table>
                                    <xrow-header>
                                        <str-tunarray-element>20.0</str-tunarray-element>
                                        <str-tunarray-element>25.0</str-tunarray-element>
                                        <str-tunarray-element>30.0</str-tunarray-element>
                                        <str-tunarray-element>35.0</str-tunarray-element>
                                    </xrow-header>
                                    <ycol-header>
                                        <str-tunarray-element>-4.0</str-tunarray-element>
                                        <str-tunarray-element>-1.0</str-tunarray-element>
                                        <str-tunarray-element>0.0</str-tunarray-element>
                                        <str-tunarray-element>1.0</str-tunarray-element>
                                    </ycol-header>
                                    <zdata>
                                        <zcolumn>
                                            <zelement>0.62</zelement>
                                            <zelement>0.62</zelement>
                                            <zelement>0.26</zelement>
                                            <zelement>0.0</zelement>
                                        </zcolumn>
                                        <zcolumn>
                                            <zelement>0.62</zelement>
                                            <zelement>0.62</zelement>
                                            <zelement>0.26</zelement>
                                            <zelement>0.08</zelement>
                                        </zcolumn>
                                        <zcolumn>
                                            <zelement>0.53</zelement>
                                            <zelement>0.35</zelement>
                                            <zelement>0.26</zelement>
                                            <zelement>0.08</zelement>
                                        </zcolumn>
                                        <zcolumn>
                                            <zelement>0.6</zelement>
                                            <zelement>0.45</zelement>
                                            <zelement>0.38</zelement>
                                            <zelement>0.08</zelement>
                                        </zcolumn>
                                    </zdata>
                                </table>
                            </table>
                        </data>
                    </rtable3d>
                </str-tunarray-element>
                <str-tunarray-element>
                    <rvarget>
                        <block-type>100</block-type>
                        <rvarid>108</rvarid>
                    </rvarget>
                </str-tunarray-element>
                <str-tunarray-element>
                    <func-r1xr1>
                        <block-type>200</block-type>
                        <data>
                            <input>
                                <block>3</block>
                                <out>0</out>
                            </input>
                            <type>0</type>
                        </data>
                    </func-r1xr1>
                </str-tunarray-element>
                <str-tunarray-element>
                    <const-real>
                        <block-type>150</block-type>
                        <value>
                            <str-tunarray-element>0.15</str-tunarray-element>
                        </value>
                    </const-real>
                </str-tunarray-element>
                <str-tunarray-element>
                    <func-r2xr1>
                        <block-type>201</block-type>
                        <data>
                            <input0>
                                <block>4</block>
                                <out>0</out>
                            </input0>
                            <input1>
                                <block>5</block>
                                <out>0</out>
                            </input1>
                            <type>2</type>
                        </data>
                    </func-r2xr1>
                </str-tunarray-element>
                <str-tunarray-element>
                    <func-r2xr1>
                        <block-type>201</block-type>
                        <data>
                            <input0>
                                <block>2</block>
                                <out>0</out>
                            </input0>
                            <input1>
                                <block>6</block>
                                <out>0</out>
                            </input1>
                            <type>0</type>
                        </data>
                    </func-r2xr1>
                </str-tunarray-element>
                <str-tunarray-element>
                    <rvarset>
                        <block-type>101</block-type>
                        <data>
                            <input>
                                <block>7</block>
                                <out>0</out>
                            </input>
                            <rvarid>3107</rvarid>
                        </data>
                    </rvarset>
                </str-tunarray-element>
            </str-tunarray-element>
        </programs>
        <steps>
            <str-tunarray-element>2</str-tunarray-element>
            <str-tunarray-element>0</str-tunarray-element>
            <str-tunarray-element>1</str-tunarray-element>
        </steps>
    </data>
</entry-blocks>
