<entry-mblocks>
    <id>174</id>
    <filename>mblocks.bin</filename>
    <version>
        <major>5</major>
        <minor>38</minor>
        <revision>21</revision>
    </version>
    <data>
        <map>
            <str-tunarray-element>
                <x-pos>0</x-pos>
                <y-pos>0</y-pos>
            </str-tunarray-element>
            <str-tunarray-element>
                <x-pos>0</x-pos>
                <y-pos>150</y-pos>
            </str-tunarray-element>
            <str-tunarray-element>
                <x-pos>300</x-pos>
                <y-pos>150</y-pos>
            </str-tunarray-element>
            <str-tunarray-element>
                <x-pos>600</x-pos>
                <y-pos>150</y-pos>
            </str-tunarray-element>
            <str-tunarray-element>
                <x-pos>0</x-pos>
                <y-pos>0</y-pos>
            </str-tunarray-element>
            <str-tunarray-element>
                <x-pos>0</x-pos>
                <y-pos>150</y-pos>
            </str-tunarray-element>
            <str-tunarray-element>
                <x-pos>300</x-pos>
                <y-pos>150</y-pos>
            </str-tunarray-element>
            <str-tunarray-element>
                <x-pos>600</x-pos>
                <y-pos>150</y-pos>
            </str-tunarray-element>
            <str-tunarray-element>
                <x-pos>30</x-pos>
                <y-pos>0</y-pos>
            </str-tunarray-element>
            <str-tunarray-element>
                <x-pos>13</x-pos>
                <y-pos>121</y-pos>
            </str-tunarray-element>
            <str-tunarray-element>
                <x-pos>280</x-pos>
                <y-pos>73</y-pos>
            </str-tunarray-element>
            <str-tunarray-element>
                <x-pos>0</x-pos>
                <y-pos>229</y-pos>
            </str-tunarray-element>
            <str-tunarray-element>
                <x-pos>250</x-pos>
                <y-pos>243</y-pos>
            </str-tunarray-element>
            <str-tunarray-element>
                <x-pos>219</x-pos>
                <y-pos>294</y-pos>
            </str-tunarray-element>
            <str-tunarray-element>
                <x-pos>440</x-pos>
                <y-pos>280</y-pos>
            </str-tunarray-element>
            <str-tunarray-element>
                <x-pos>536</x-pos>
                <y-pos>69</y-pos>
            </str-tunarray-element>
            <str-tunarray-element>
                <x-pos>708</x-pos>
                <y-pos>52</y-pos>
            </str-tunarray-element>
        </map>
    </data>
</entry-mblocks>
