<entry-limits>
    <id>88</id>
    <filename>limits.bin</filename>
    <version>
        <major>5</major>
        <minor>38</minor>
        <revision>21</revision>
    </version>
    <data>
        <str-tunarray-element str-tunarray-key="0">
            <data>
                <variable>905</variable>
                <type>0</type>
                <value>
                    <vref-kval>
                        <type>65534</type>
                        <kval>0.25</kval>
                    </vref-kval>
                </value>
            </data>
        </str-tunarray-element>
        <str-tunarray-element str-tunarray-key="1">
            <data>
                <variable>905</variable>
                <type>1</type>
                <value>
                    <vref-kval>
                        <type>65534</type>
                        <kval>0.75</kval>
                    </vref-kval>
                </value>
            </data>
        </str-tunarray-element>
        <str-tunarray-element str-tunarray-key="2">
            <data>
                <variable>14</variable>
                <type>1</type>
                <value>
                    <vref-kval>
                        <type>65534</type>
                        <kval>0.01</kval>
                    </vref-kval>
                </value>
            </data>
        </str-tunarray-element>
        <str-tunarray-element str-tunarray-key="3">
            <data>
                <variable>0</variable>
                <type>1</type>
                <value>
                    <vref-kval>
                        <type>65534</type>
                        <kval>18.0</kval>
                    </vref-kval>
                </value>
            </data>
        </str-tunarray-element>
        <str-tunarray-element str-tunarray-key="4">
            <data>
                <variable>19</variable>
                <type>1</type>
                <value>
                    <vref-kval>
                        <type>65534</type>
                        <kval>2.0</kval>
                    </vref-kval>
                </value>
            </data>
        </str-tunarray-element>
        <str-tunarray-element str-tunarray-key="5">
            <data>
                <variable>0</variable>
                <type>1</type>
                <value>
                    <vref-kval>
                        <type>65534</type>
                        <kval>25.0</kval>
                    </vref-kval>
                </value>
            </data>
        </str-tunarray-element>
        <str-tunarray-element str-tunarray-key="6">
            <data>
                <variable>504</variable>
                <type>1</type>
                <value>
                    <vref-kval>
                        <type>65534</type>
                        <kval>25.0</kval>
                    </vref-kval>
                </value>
            </data>
        </str-tunarray-element>
        <str-tunarray-element str-tunarray-key="7">
            <data>
                <variable>504</variable>
                <type>1</type>
                <value>
                    <vref-kval>
                        <type>65534</type>
                        <kval>160.0</kval>
                    </vref-kval>
                </value>
            </data>
        </str-tunarray-element>
        <str-tunarray-element str-tunarray-key="8">
            <data>
                <variable>2</variable>
                <type>1</type>
                <value>
                    <vref-kval>
                        <type>65534</type>
                        <kval>0.1</kval>
                    </vref-kval>
                </value>
            </data>
        </str-tunarray-element>
        <str-tunarray-element str-tunarray-key="9">
            <data>
                <variable>0</variable>
                <type>0</type>
                <value>
                    <vref-kval>
                        <type>65534</type>
                        <kval>18.0</kval>
                    </vref-kval>
                </value>
            </data>
        </str-tunarray-element>
        <str-tunarray-element str-tunarray-key="10">
            <data>
                <variable>507</variable>
                <type>1</type>
                <value>
                    <vref-kval>
                        <type>65534</type>
                        <kval>0.1</kval>
                    </vref-kval>
                </value>
            </data>
        </str-tunarray-element>
        <str-tunarray-element str-tunarray-key="11">
            <data>
                <variable>905</variable>
                <type>1</type>
                <value>
                    <vref-kval>
                        <type>65534</type>
                        <kval>0.75</kval>
                    </vref-kval>
                </value>
            </data>
        </str-tunarray-element>
        <str-tunarray-element str-tunarray-key="12">
            <data>
                <variable>905</variable>
                <type>0</type>
                <value>
                    <vref-kval>
                        <type>65534</type>
                        <kval>0.25</kval>
                    </vref-kval>
                </value>
            </data>
        </str-tunarray-element>
        <str-tunarray-element str-tunarray-key="13">
            <data>
                <variable>507</variable>
                <type>1</type>
                <value>
                    <vref-kval>
                        <type>65534</type>
                        <kval>0.1</kval>
                    </vref-kval>
                </value>
            </data>
        </str-tunarray-element>
        <str-tunarray-element str-tunarray-key="14">
            <data>
                <variable>14</variable>
                <type>0</type>
                <value>
                    <vref-kval>
                        <type>65534</type>
                        <kval>-0.01</kval>
                    </vref-kval>
                </value>
            </data>
        </str-tunarray-element>
        <str-tunarray-element str-tunarray-key="15">
            <data>
                <variable>102</variable>
                <type>1</type>
                <value>
                    <vref-kval>
                        <type>65534</type>
                        <kval>0.1</kval>
                    </vref-kval>
                </value>
            </data>
        </str-tunarray-element>
        <str-tunarray-element str-tunarray-key="16">
            <data>
                <variable>202</variable>
                <type>1</type>
                <value>
                    <vref-kval>
                        <type>65534</type>
                        <kval>0.1</kval>
                    </vref-kval>
                </value>
            </data>
        </str-tunarray-element>
        <str-tunarray-element str-tunarray-key="17">
            <data>
                <variable>507</variable>
                <type>1</type>
                <value>
                    <vref-kval>
                        <type>65534</type>
                        <kval>0.1</kval>
                    </vref-kval>
                </value>
            </data>
        </str-tunarray-element>
        <str-tunarray-element str-tunarray-key="18">
            <data>
                <variable>114</variable>
                <type>1</type>
                <value>
                    <vref-kval>
                        <type>65534</type>
                        <kval>0.01</kval>
                    </vref-kval>
                </value>
            </data>
        </str-tunarray-element>
        <str-tunarray-element str-tunarray-key="19">
            <data>
                <variable>114</variable>
                <type>0</type>
                <value>
                    <vref-kval>
                        <type>65534</type>
                        <kval>-0.01</kval>
                    </vref-kval>
                </value>
            </data>
        </str-tunarray-element>
        <str-tunarray-element str-tunarray-key="20">
            <data>
                <variable>2001</variable>
                <type>0</type>
                <value>
                    <vref-kval>
                        <type>65534</type>
                        <kval>0.8</kval>
                    </vref-kval>
                </value>
            </data>
        </str-tunarray-element>
        <str-tunarray-element str-tunarray-key="21">
            <data>
                <variable>2000</variable>
                <type>0</type>
                <value>
                    <vref-kval>
                        <type>65534</type>
                        <kval>0.8</kval>
                    </vref-kval>
                </value>
            </data>
        </str-tunarray-element>
    </data>
</entry-limits>
