<entry-evact>
    <id>84</id>
    <filename>evact.bin</filename>
    <version>
        <major>5</major>
        <minor>38</minor>
        <revision>21</revision>
    </version>
    <data>
        <str-tunarray-element str-tunarray-key="0">
            <data>
                <enabled>1</enabled>
                <delay>0.0</delay>
                <delay_max>0</delay_max>
                <xclk>
                    <period>
                        <fixed-disable>
                            <mode>0</mode>
                        </fixed-disable>
                    </period>
                    <type>
                        <type-no-vector>
                            <type>0</type>
                        </type-no-vector>
                    </type>
                </xclk>
                <node>
                    <map>
                        <and-or>
                            <type>1</type>
                            <list-nodes>
                                <str-tunarray-element>
                                    <data-elem-list-nodes>
                                        <event>
                                            <type>2</type>
                                            <param>14</param>
                                        </event>
                                    </data-elem-list-nodes>
                                </str-tunarray-element>
                                <str-tunarray-element>
                                    <data-elem-list-nodes>
                                        <event>
                                            <type>2</type>
                                            <param>24</param>
                                        </event>
                                    </data-elem-list-nodes>
                                </str-tunarray-element>
                                <str-tunarray-element>
                                    <data-elem-list-nodes>
                                        <event>
                                            <type>2</type>
                                            <param>26</param>
                                        </event>
                                    </data-elem-list-nodes>
                                </str-tunarray-element>
                                <str-tunarray-element>
                                    <data-elem-list-nodes>
                                        <event>
                                            <type>2</type>
                                            <param>40</param>
                                        </event>
                                    </data-elem-list-nodes>
                                </str-tunarray-element>
                            </list-nodes>
                        </and-or>
                    </map>
                </node>
                <actions>
                    <str-tunarray-element>17</str-tunarray-element>
                </actions>
            </data>
        </str-tunarray-element>
        <str-tunarray-element str-tunarray-key="1">
            <data>
                <enabled>1</enabled>
                <delay>0.0</delay>
                <delay_max>0</delay_max>
                <xclk>
                    <period>
                        <fixed-disable>
                            <mode>0</mode>
                        </fixed-disable>
                    </period>
                    <type>
                        <type-no-vector>
                            <type>0</type>
                        </type-no-vector>
                    </type>
                </xclk>
                <node>
                    <map>
                        <and-or>
                            <type>1</type>
                            <list-nodes>
                                <str-tunarray-element>
                                    <data-elem-list-nodes>
                                        <event>
                                            <type>2</type>
                                            <param>82</param>
                                        </event>
                                    </data-elem-list-nodes>
                                </str-tunarray-element>
                                <str-tunarray-element>
                                    <data-elem-list-nodes>
                                        <event>
                                            <type>2</type>
                                            <param>39</param>
                                        </event>
                                    </data-elem-list-nodes>
                                </str-tunarray-element>
                                <str-tunarray-element>
                                    <data-elem-list-nodes>
                                        <event>
                                            <type>2</type>
                                            <param>69</param>
                                        </event>
                                    </data-elem-list-nodes>
                                </str-tunarray-element>
                                <str-tunarray-element>
                                    <data-elem-list-nodes>
                                        <event>
                                            <type>2</type>
                                            <param>79</param>
                                        </event>
                                    </data-elem-list-nodes>
                                </str-tunarray-element>
                            </list-nodes>
                        </and-or>
                    </map>
                </node>
                <actions>
                    <str-tunarray-element>31</str-tunarray-element>
                </actions>
            </data>
        </str-tunarray-element>
        <str-tunarray-element str-tunarray-key="2">
            <data>
                <enabled>1</enabled>
                <delay>0.0</delay>
                <delay_max>0</delay_max>
                <xclk>
                    <period>
                        <fixed-disable>
                            <mode>0</mode>
                        </fixed-disable>
                    </period>
                    <type>
                        <type-no-vector>
                            <type>0</type>
                        </type-no-vector>
                    </type>
                </xclk>
                <node>
                    <map>
                        <and-or>
                            <type>1</type>
                            <list-nodes>
                                <str-tunarray-element>
                                    <data-elem-list-nodes>
                                        <event>
                                            <type>2</type>
                                            <param>2</param>
                                        </event>
                                    </data-elem-list-nodes>
                                </str-tunarray-element>
                                <str-tunarray-element>
                                    <data-elem-list-nodes>
                                        <event>
                                            <type>2</type>
                                            <param>9</param>
                                        </event>
                                    </data-elem-list-nodes>
                                </str-tunarray-element>
                            </list-nodes>
                        </and-or>
                    </map>
                </node>
                <actions>
                    <str-tunarray-element>2</str-tunarray-element>
                    <str-tunarray-element>8</str-tunarray-element>
                    <str-tunarray-element>5</str-tunarray-element>
                </actions>
            </data>
        </str-tunarray-element>
        <str-tunarray-element str-tunarray-key="3">
            <data>
                <enabled>1</enabled>
                <delay>0.0</delay>
                <delay_max>0</delay_max>
                <xclk>
                    <period>
                        <fixed-disable>
                            <mode>0</mode>
                        </fixed-disable>
                    </period>
                    <type>
                        <type-no-vector>
                            <type>0</type>
                        </type-no-vector>
                    </type>
                </xclk>
                <node>
                    <map>
                        <and-or>
                            <type>1</type>
                            <list-nodes>
                                <str-tunarray-element>
                                    <data-elem-list-nodes>
                                        <event>
                                            <type>2</type>
                                            <param>3</param>
                                        </event>
                                    </data-elem-list-nodes>
                                </str-tunarray-element>
                                <str-tunarray-element>
                                    <data-elem-list-nodes>
                                        <event>
                                            <type>2</type>
                                            <param>10</param>
                                        </event>
                                    </data-elem-list-nodes>
                                </str-tunarray-element>
                            </list-nodes>
                        </and-or>
                    </map>
                </node>
                <actions>
                    <str-tunarray-element>3</str-tunarray-element>
                    <str-tunarray-element>8</str-tunarray-element>
                    <str-tunarray-element>5</str-tunarray-element>
                </actions>
            </data>
        </str-tunarray-element>
        <str-tunarray-element str-tunarray-key="4">
            <data>
                <enabled>1</enabled>
                <delay>0.0</delay>
                <delay_max>0</delay_max>
                <xclk>
                    <period>
                        <fixed-disable>
                            <mode>0</mode>
                        </fixed-disable>
                    </period>
                    <type>
                        <type-no-vector>
                            <type>0</type>
                        </type-no-vector>
                    </type>
                </xclk>
                <node>
                    <map>
                        <and-or>
                            <type>1</type>
                            <list-nodes>
                                <str-tunarray-element>
                                    <data-elem-list-nodes>
                                        <event>
                                            <type>2</type>
                                            <param>4</param>
                                        </event>
                                    </data-elem-list-nodes>
                                </str-tunarray-element>
                                <str-tunarray-element>
                                    <data-elem-list-nodes>
                                        <event>
                                            <type>2</type>
                                            <param>11</param>
                                        </event>
                                    </data-elem-list-nodes>
                                </str-tunarray-element>
                            </list-nodes>
                        </and-or>
                    </map>
                </node>
                <actions>
                    <str-tunarray-element>4</str-tunarray-element>
                    <str-tunarray-element>5</str-tunarray-element>
                    <str-tunarray-element>8</str-tunarray-element>
                </actions>
            </data>
        </str-tunarray-element>
        <str-tunarray-element str-tunarray-key="5">
            <data>
                <enabled>1</enabled>
                <delay>0.0</delay>
                <delay_max>0</delay_max>
                <xclk>
                    <period>
                        <fixed-disable>
                            <mode>0</mode>
                        </fixed-disable>
                    </period>
                    <type>
                        <type-no-vector>
                            <type>0</type>
                        </type-no-vector>
                    </type>
                </xclk>
                <node>
                    <map>
                        <and-or>
                            <type>1</type>
                            <list-nodes>
                                <str-tunarray-element>
                                    <data-elem-list-nodes>
                                        <event>
                                            <type>2</type>
                                            <param>14</param>
                                        </event>
                                    </data-elem-list-nodes>
                                </str-tunarray-element>
                                <str-tunarray-element>
                                    <data-elem-list-nodes>
                                        <event>
                                            <type>2</type>
                                            <param>39</param>
                                        </event>
                                    </data-elem-list-nodes>
                                </str-tunarray-element>
                                <str-tunarray-element>
                                    <data-elem-list-nodes>
                                        <event>
                                            <type>2</type>
                                            <param>24</param>
                                        </event>
                                    </data-elem-list-nodes>
                                </str-tunarray-element>
                                <str-tunarray-element>
                                    <data-elem-list-nodes>
                                        <event>
                                            <type>2</type>
                                            <param>26</param>
                                        </event>
                                    </data-elem-list-nodes>
                                </str-tunarray-element>
                            </list-nodes>
                        </and-or>
                    </map>
                </node>
                <actions>
                    <str-tunarray-element>4</str-tunarray-element>
                </actions>
            </data>
        </str-tunarray-element>
        <str-tunarray-element str-tunarray-key="6">
            <data>
                <enabled>1</enabled>
                <delay>0.0</delay>
                <delay_max>0</delay_max>
                <xclk>
                    <period>
                        <fixed-disable>
                            <mode>0</mode>
                        </fixed-disable>
                    </period>
                    <type>
                        <type-no-vector>
                            <type>0</type>
                        </type-no-vector>
                    </type>
                </xclk>
                <node>
                    <map>
                        <and-or>
                            <type>1</type>
                            <list-nodes>
                                <str-tunarray-element>
                                    <data-elem-list-nodes>
                                        <event>
                                            <type>2</type>
                                            <param>6</param>
                                        </event>
                                    </data-elem-list-nodes>
                                </str-tunarray-element>
                                <str-tunarray-element>
                                    <data-elem-list-nodes>
                                        <event>
                                            <type>2</type>
                                            <param>13</param>
                                        </event>
                                    </data-elem-list-nodes>
                                </str-tunarray-element>
                            </list-nodes>
                        </and-or>
                    </map>
                </node>
                <actions>
                    <str-tunarray-element>6</str-tunarray-element>
                    <str-tunarray-element>1</str-tunarray-element>
                    <str-tunarray-element>8</str-tunarray-element>
                </actions>
            </data>
        </str-tunarray-element>
        <str-tunarray-element str-tunarray-key="7">
            <data>
                <enabled>1</enabled>
                <delay>0.0</delay>
                <delay_max>0</delay_max>
                <xclk>
                    <period>
                        <fixed-disable>
                            <mode>0</mode>
                        </fixed-disable>
                    </period>
                    <type>
                        <type-no-vector>
                            <type>0</type>
                        </type-no-vector>
                    </type>
                </xclk>
                <node>
                    <map>
                        <event>
                            <type>2</type>
                            <param>0</param>
                        </event>
                    </map>
                </node>
                <actions>
                    <str-tunarray-element>0</str-tunarray-element>
                    <str-tunarray-element>5</str-tunarray-element>
                    <str-tunarray-element>8</str-tunarray-element>
                </actions>
            </data>
        </str-tunarray-element>
        <str-tunarray-element str-tunarray-key="8">
            <data>
                <enabled>0</enabled>
                <delay>0.0</delay>
                <delay_max>0</delay_max>
                <xclk>
                    <period>
                        <fixed-disable>
                            <mode>0</mode>
                        </fixed-disable>
                    </period>
                    <type>
                        <type-no-vector>
                            <type>0</type>
                        </type-no-vector>
                    </type>
                </xclk>
                <node>
                    <map>
                        <and-or>
                            <type>1</type>
                            <list-nodes>
                                <str-tunarray-element>
                                    <data-elem-list-nodes>
                                        <and-or>
                                            <type>0</type>
                                            <list-nodes>
                                                <str-tunarray-element>
                                                    <data-elem-list-nodes>
                                                        <event>
                                                            <type>2</type>
                                                            <param>15</param>
                                                        </event>
                                                    </data-elem-list-nodes>
                                                </str-tunarray-element>
                                                <str-tunarray-element>
                                                    <data-elem-list-nodes>
                                                        <event>
                                                            <type>2</type>
                                                            <param>16</param>
                                                        </event>
                                                    </data-elem-list-nodes>
                                                </str-tunarray-element>
                                            </list-nodes>
                                        </and-or>
                                    </data-elem-list-nodes>
                                </str-tunarray-element>
                                <str-tunarray-element>
                                    <data-elem-list-nodes>
                                        <event>
                                            <type>2</type>
                                            <param>49</param>
                                        </event>
                                    </data-elem-list-nodes>
                                </str-tunarray-element>
                            </list-nodes>
                        </and-or>
                    </map>
                </node>
                <actions>
                    <str-tunarray-element>9</str-tunarray-element>
                    <str-tunarray-element>31</str-tunarray-element>
                    <str-tunarray-element>7</str-tunarray-element>
                    <str-tunarray-element>5</str-tunarray-element>
                </actions>
            </data>
        </str-tunarray-element>
        <str-tunarray-element str-tunarray-key="9">
            <data>
                <enabled>0</enabled>
                <delay>0.0</delay>
                <delay_max>0</delay_max>
                <xclk>
                    <period>
                        <fixed-disable>
                            <mode>0</mode>
                        </fixed-disable>
                    </period>
                    <type>
                        <type-no-vector>
                            <type>0</type>
                        </type-no-vector>
                    </type>
                </xclk>
                <node>
                    <map>
                        <and-or>
                            <type>1</type>
                            <list-nodes>
                                <str-tunarray-element>
                                    <data-elem-list-nodes>
                                        <event>
                                            <type>2</type>
                                            <param>18</param>
                                        </event>
                                    </data-elem-list-nodes>
                                </str-tunarray-element>
                                <str-tunarray-element>
                                    <data-elem-list-nodes>
                                        <event>
                                            <type>2</type>
                                            <param>19</param>
                                        </event>
                                    </data-elem-list-nodes>
                                </str-tunarray-element>
                            </list-nodes>
                        </and-or>
                    </map>
                </node>
                <actions>
                    <str-tunarray-element>27</str-tunarray-element>
                </actions>
            </data>
        </str-tunarray-element>
        <str-tunarray-element str-tunarray-key="10">
            <data>
                <enabled>1</enabled>
                <delay>0.0</delay>
                <delay_max>0</delay_max>
                <xclk>
                    <period>
                        <fixed-any>
                            <mode>2</mode>
                            <period_s>0.01</period_s>
                        </fixed-any>
                    </period>
                    <type>
                        <type-no-vector>
                            <type>0</type>
                        </type-no-vector>
                    </type>
                </xclk>
                <node>
                    <map>
                        <event>
                            <type>2</type>
                            <param>20</param>
                        </event>
                    </map>
                </node>
                <actions>
                    <str-tunarray-element>9</str-tunarray-element>
                </actions>
            </data>
        </str-tunarray-element>
        <str-tunarray-element str-tunarray-key="11">
            <data>
                <enabled>1</enabled>
                <delay>0.0</delay>
                <delay_max>0</delay_max>
                <xclk>
                    <period>
                        <fixed-any>
                            <mode>2</mode>
                            <period_s>0.01</period_s>
                        </fixed-any>
                    </period>
                    <type>
                        <type-no-vector>
                            <type>0</type>
                        </type-no-vector>
                    </type>
                </xclk>
                <node>
                    <map>
                        <and-or>
                            <type>1</type>
                            <list-nodes>
                                <str-tunarray-element>
                                    <data-elem-list-nodes>
                                        <event>
                                            <type>2</type>
                                            <param>21</param>
                                        </event>
                                    </data-elem-list-nodes>
                                </str-tunarray-element>
                                <str-tunarray-element>
                                    <data-elem-list-nodes>
                                        <event>
                                            <type>2</type>
                                            <param>77</param>
                                        </event>
                                    </data-elem-list-nodes>
                                </str-tunarray-element>
                            </list-nodes>
                        </and-or>
                    </map>
                </node>
                <actions>
                    <str-tunarray-element>9</str-tunarray-element>
                </actions>
            </data>
        </str-tunarray-element>
        <str-tunarray-element str-tunarray-key="12">
            <data>
                <enabled>1</enabled>
                <delay>0.0</delay>
                <delay_max>0</delay_max>
                <xclk>
                    <period>
                        <fixed-disable>
                            <mode>0</mode>
                        </fixed-disable>
                    </period>
                    <type>
                        <type-no-vector>
                            <type>0</type>
                        </type-no-vector>
                    </type>
                </xclk>
                <node>
                    <map>
                        <and-or>
                            <type>1</type>
                            <list-nodes>
                                <str-tunarray-element>
                                    <data-elem-list-nodes>
                                        <event>
                                            <type>2</type>
                                            <param>22</param>
                                        </event>
                                    </data-elem-list-nodes>
                                </str-tunarray-element>
                                <str-tunarray-element>
                                    <data-elem-list-nodes>
                                        <event>
                                            <type>2</type>
                                            <param>77</param>
                                        </event>
                                    </data-elem-list-nodes>
                                </str-tunarray-element>
                                <str-tunarray-element>
                                    <data-elem-list-nodes>
                                        <event>
                                            <type>2</type>
                                            <param>7</param>
                                        </event>
                                    </data-elem-list-nodes>
                                </str-tunarray-element>
                                <str-tunarray-element>
                                    <data-elem-list-nodes>
                                        <event>
                                            <type>2</type>
                                            <param>41</param>
                                        </event>
                                    </data-elem-list-nodes>
                                </str-tunarray-element>
                            </list-nodes>
                        </and-or>
                    </map>
                </node>
                <actions>
                    <str-tunarray-element>11</str-tunarray-element>
                    <str-tunarray-element>27</str-tunarray-element>
                </actions>
            </data>
        </str-tunarray-element>
        <str-tunarray-element str-tunarray-key="13">
            <data>
                <enabled>1</enabled>
                <delay>0.0</delay>
                <delay_max>0</delay_max>
                <xclk>
                    <period>
                        <fixed-disable>
                            <mode>0</mode>
                        </fixed-disable>
                    </period>
                    <type>
                        <type-no-vector>
                            <type>0</type>
                        </type-no-vector>
                    </type>
                </xclk>
                <node>
                    <map>
                        <and-or>
                            <type>1</type>
                            <list-nodes>
                                <str-tunarray-element>
                                    <data-elem-list-nodes>
                                        <event>
                                            <type>2</type>
                                            <param>22</param>
                                        </event>
                                    </data-elem-list-nodes>
                                </str-tunarray-element>
                                <str-tunarray-element>
                                    <data-elem-list-nodes>
                                        <event>
                                            <type>2</type>
                                            <param>77</param>
                                        </event>
                                    </data-elem-list-nodes>
                                </str-tunarray-element>
                                <str-tunarray-element>
                                    <data-elem-list-nodes>
                                        <event>
                                            <type>2</type>
                                            <param>5</param>
                                        </event>
                                    </data-elem-list-nodes>
                                </str-tunarray-element>
                                <str-tunarray-element>
                                    <data-elem-list-nodes>
                                        <event>
                                            <type>2</type>
                                            <param>41</param>
                                        </event>
                                    </data-elem-list-nodes>
                                </str-tunarray-element>
                            </list-nodes>
                        </and-or>
                    </map>
                </node>
                <actions>
                    <str-tunarray-element>11</str-tunarray-element>
                    <str-tunarray-element>2</str-tunarray-element>
                </actions>
            </data>
        </str-tunarray-element>
        <str-tunarray-element str-tunarray-key="14">
            <data>
                <enabled>1</enabled>
                <delay>0.0</delay>
                <delay_max>0</delay_max>
                <xclk>
                    <period>
                        <fixed-disable>
                            <mode>0</mode>
                        </fixed-disable>
                    </period>
                    <type>
                        <type-no-vector>
                            <type>0</type>
                        </type-no-vector>
                    </type>
                </xclk>
                <node>
                    <map>
                        <and-or>
                            <type>1</type>
                            <list-nodes>
                                <str-tunarray-element>
                                    <data-elem-list-nodes>
                                        <event>
                                            <type>2</type>
                                            <param>61</param>
                                        </event>
                                    </data-elem-list-nodes>
                                </str-tunarray-element>
                                <str-tunarray-element>
                                    <data-elem-list-nodes>
                                        <event>
                                            <type>2</type>
                                            <param>1</param>
                                        </event>
                                    </data-elem-list-nodes>
                                </str-tunarray-element>
                            </list-nodes>
                        </and-or>
                    </map>
                </node>
                <actions>
                    <str-tunarray-element>31</str-tunarray-element>
                    <str-tunarray-element>7</str-tunarray-element>
                    <str-tunarray-element>5</str-tunarray-element>
                </actions>
            </data>
        </str-tunarray-element>
        <str-tunarray-element str-tunarray-key="15">
            <data>
                <enabled>1</enabled>
                <delay>0.0</delay>
                <delay_max>0</delay_max>
                <xclk>
                    <period>
                        <fixed-disable>
                            <mode>0</mode>
                        </fixed-disable>
                    </period>
                    <type>
                        <type-no-vector>
                            <type>0</type>
                        </type-no-vector>
                    </type>
                </xclk>
                <node>
                    <map>
                        <event>
                            <type>2</type>
                            <param>25</param>
                        </event>
                    </map>
                </node>
                <actions>
                    <str-tunarray-element>12</str-tunarray-element>
                </actions>
            </data>
        </str-tunarray-element>
        <str-tunarray-element str-tunarray-key="16">
            <data>
                <enabled>1</enabled>
                <delay>0.0</delay>
                <delay_max>0</delay_max>
                <xclk>
                    <period>
                        <fixed-disable>
                            <mode>0</mode>
                        </fixed-disable>
                    </period>
                    <type>
                        <type-no-vector>
                            <type>0</type>
                        </type-no-vector>
                    </type>
                </xclk>
                <node>
                    <map>
                        <and-or>
                            <type>1</type>
                            <list-nodes>
                                <str-tunarray-element>
                                    <data-elem-list-nodes>
                                        <event>
                                            <type>2</type>
                                            <param>27</param>
                                        </event>
                                    </data-elem-list-nodes>
                                </str-tunarray-element>
                                <str-tunarray-element>
                                    <data-elem-list-nodes>
                                        <event>
                                            <type>2</type>
                                            <param>28</param>
                                        </event>
                                    </data-elem-list-nodes>
                                </str-tunarray-element>
                            </list-nodes>
                        </and-or>
                    </map>
                </node>
                <actions>
                    <str-tunarray-element>13</str-tunarray-element>
                    <str-tunarray-element>5</str-tunarray-element>
                    <str-tunarray-element>8</str-tunarray-element>
                </actions>
            </data>
        </str-tunarray-element>
        <str-tunarray-element str-tunarray-key="17">
            <data>
                <enabled>1</enabled>
                <delay>0.0</delay>
                <delay_max>0</delay_max>
                <xclk>
                    <period>
                        <fixed-disable>
                            <mode>0</mode>
                        </fixed-disable>
                    </period>
                    <type>
                        <type-no-vector>
                            <type>0</type>
                        </type-no-vector>
                    </type>
                </xclk>
                <node>
                    <map>
                        <and-or>
                            <type>1</type>
                            <list-nodes>
                                <str-tunarray-element>
                                    <data-elem-list-nodes>
                                        <event>
                                            <type>2</type>
                                            <param>29</param>
                                        </event>
                                    </data-elem-list-nodes>
                                </str-tunarray-element>
                                <str-tunarray-element>
                                    <data-elem-list-nodes>
                                        <event>
                                            <type>2</type>
                                            <param>30</param>
                                        </event>
                                    </data-elem-list-nodes>
                                </str-tunarray-element>
                            </list-nodes>
                        </and-or>
                    </map>
                </node>
                <actions>
                    <str-tunarray-element>14</str-tunarray-element>
                    <str-tunarray-element>7</str-tunarray-element>
                    <str-tunarray-element>5</str-tunarray-element>
                </actions>
            </data>
        </str-tunarray-element>
        <str-tunarray-element str-tunarray-key="18">
            <data>
                <enabled>1</enabled>
                <delay>0.0</delay>
                <delay_max>0</delay_max>
                <xclk>
                    <period>
                        <fixed-disable>
                            <mode>0</mode>
                        </fixed-disable>
                    </period>
                    <type>
                        <type-no-vector>
                            <type>0</type>
                        </type-no-vector>
                    </type>
                </xclk>
                <node>
                    <map>
                        <and-or>
                            <type>1</type>
                            <list-nodes>
                                <str-tunarray-element>
                                    <data-elem-list-nodes>
                                        <event>
                                            <type>2</type>
                                            <param>31</param>
                                        </event>
                                    </data-elem-list-nodes>
                                </str-tunarray-element>
                                <str-tunarray-element>
                                    <data-elem-list-nodes>
                                        <event>
                                            <type>2</type>
                                            <param>32</param>
                                        </event>
                                    </data-elem-list-nodes>
                                </str-tunarray-element>
                            </list-nodes>
                        </and-or>
                    </map>
                </node>
                <actions>
                    <str-tunarray-element>15</str-tunarray-element>
                    <str-tunarray-element>5</str-tunarray-element>
                    <str-tunarray-element>8</str-tunarray-element>
                </actions>
            </data>
        </str-tunarray-element>
        <str-tunarray-element str-tunarray-key="19">
            <data>
                <enabled>1</enabled>
                <delay>0.0</delay>
                <delay_max>0</delay_max>
                <xclk>
                    <period>
                        <fixed-disable>
                            <mode>0</mode>
                        </fixed-disable>
                    </period>
                    <type>
                        <type-no-vector>
                            <type>0</type>
                        </type-no-vector>
                    </type>
                </xclk>
                <node>
                    <map>
                        <and-or>
                            <type>1</type>
                            <list-nodes>
                                <str-tunarray-element>
                                    <data-elem-list-nodes>
                                        <event>
                                            <type>2</type>
                                            <param>33</param>
                                        </event>
                                    </data-elem-list-nodes>
                                </str-tunarray-element>
                                <str-tunarray-element>
                                    <data-elem-list-nodes>
                                        <event>
                                            <type>2</type>
                                            <param>34</param>
                                        </event>
                                    </data-elem-list-nodes>
                                </str-tunarray-element>
                            </list-nodes>
                        </and-or>
                    </map>
                </node>
                <actions>
                    <str-tunarray-element>16</str-tunarray-element>
                    <str-tunarray-element>8</str-tunarray-element>
                    <str-tunarray-element>1</str-tunarray-element>
                </actions>
            </data>
        </str-tunarray-element>
        <str-tunarray-element str-tunarray-key="20">
            <data>
                <enabled>1</enabled>
                <delay>0.0</delay>
                <delay_max>0</delay_max>
                <xclk>
                    <period>
                        <fixed-disable>
                            <mode>0</mode>
                        </fixed-disable>
                    </period>
                    <type>
                        <type-no-vector>
                            <type>0</type>
                        </type-no-vector>
                    </type>
                </xclk>
                <node>
                    <map>
                        <and-or>
                            <type>1</type>
                            <list-nodes>
                                <str-tunarray-element>
                                    <data-elem-list-nodes>
                                        <event>
                                            <type>2</type>
                                            <param>35</param>
                                        </event>
                                    </data-elem-list-nodes>
                                </str-tunarray-element>
                                <str-tunarray-element>
                                    <data-elem-list-nodes>
                                        <event>
                                            <type>2</type>
                                            <param>36</param>
                                        </event>
                                    </data-elem-list-nodes>
                                </str-tunarray-element>
                            </list-nodes>
                        </and-or>
                    </map>
                </node>
                <actions>
                    <str-tunarray-element>17</str-tunarray-element>
                    <str-tunarray-element>5</str-tunarray-element>
                    <str-tunarray-element>8</str-tunarray-element>
                </actions>
            </data>
        </str-tunarray-element>
        <str-tunarray-element str-tunarray-key="21">
            <data>
                <enabled>1</enabled>
                <delay>0.0</delay>
                <delay_max>0</delay_max>
                <xclk>
                    <period>
                        <fixed-disable>
                            <mode>0</mode>
                        </fixed-disable>
                    </period>
                    <type>
                        <type-no-vector>
                            <type>0</type>
                        </type-no-vector>
                    </type>
                </xclk>
                <node>
                    <map>
                        <and-or>
                            <type>1</type>
                            <list-nodes>
                                <str-tunarray-element>
                                    <data-elem-list-nodes>
                                        <event>
                                            <type>2</type>
                                            <param>37</param>
                                        </event>
                                    </data-elem-list-nodes>
                                </str-tunarray-element>
                                <str-tunarray-element>
                                    <data-elem-list-nodes>
                                        <event>
                                            <type>2</type>
                                            <param>38</param>
                                        </event>
                                    </data-elem-list-nodes>
                                </str-tunarray-element>
                            </list-nodes>
                        </and-or>
                    </map>
                </node>
                <actions>
                    <str-tunarray-element>18</str-tunarray-element>
                    <str-tunarray-element>5</str-tunarray-element>
                    <str-tunarray-element>8</str-tunarray-element>
                </actions>
            </data>
        </str-tunarray-element>
        <str-tunarray-element str-tunarray-key="22">
            <data>
                <enabled>1</enabled>
                <delay>0.0</delay>
                <delay_max>0</delay_max>
                <xclk>
                    <period>
                        <fixed-any>
                            <mode>2</mode>
                            <period_s>0.01</period_s>
                        </fixed-any>
                    </period>
                    <type>
                        <type-no-vector>
                            <type>0</type>
                        </type-no-vector>
                    </type>
                </xclk>
                <node>
                    <map>
                        <and-or>
                            <type>1</type>
                            <list-nodes>
                                <str-tunarray-element>
                                    <data-elem-list-nodes>
                                        <event>
                                            <type>2</type>
                                            <param>75</param>
                                        </event>
                                    </data-elem-list-nodes>
                                </str-tunarray-element>
                                <str-tunarray-element>
                                    <data-elem-list-nodes>
                                        <event>
                                            <type>2</type>
                                            <param>77</param>
                                        </event>
                                    </data-elem-list-nodes>
                                </str-tunarray-element>
                                <str-tunarray-element>
                                    <data-elem-list-nodes>
                                        <event>
                                            <type>2</type>
                                            <param>8</param>
                                        </event>
                                    </data-elem-list-nodes>
                                </str-tunarray-element>
                            </list-nodes>
                        </and-or>
                    </map>
                </node>
                <actions>
                    <str-tunarray-element>19</str-tunarray-element>
                </actions>
            </data>
        </str-tunarray-element>
        <str-tunarray-element str-tunarray-key="23">
            <data>
                <enabled>1</enabled>
                <delay>0.0</delay>
                <delay_max>0</delay_max>
                <xclk>
                    <period>
                        <fixed-any>
                            <mode>2</mode>
                            <period_s>0.01</period_s>
                        </fixed-any>
                    </period>
                    <type>
                        <type-no-vector>
                            <type>0</type>
                        </type-no-vector>
                    </type>
                </xclk>
                <node>
                    <map>
                        <and-or>
                            <type>1</type>
                            <list-nodes>
                                <str-tunarray-element>
                                    <data-elem-list-nodes>
                                        <not>
                                            <type>3</type>
                                            <node>
                                                <event>
                                                    <type>2</type>
                                                    <param>75</param>
                                                </event>
                                            </node>
                                        </not>
                                    </data-elem-list-nodes>
                                </str-tunarray-element>
                                <str-tunarray-element>
                                    <data-elem-list-nodes>
                                        <event>
                                            <type>2</type>
                                            <param>12</param>
                                        </event>
                                    </data-elem-list-nodes>
                                </str-tunarray-element>
                            </list-nodes>
                        </and-or>
                    </map>
                </node>
                <actions>
                    <str-tunarray-element>20</str-tunarray-element>
                </actions>
            </data>
        </str-tunarray-element>
        <str-tunarray-element str-tunarray-key="24">
            <data>
                <enabled>0</enabled>
                <delay>0.0</delay>
                <delay_max>0</delay_max>
                <xclk>
                    <period>
                        <fixed-disable>
                            <mode>0</mode>
                        </fixed-disable>
                    </period>
                    <type>
                        <type-no-vector>
                            <type>0</type>
                        </type-no-vector>
                    </type>
                </xclk>
                <node>
                    <map>
                        <and-or>
                            <type>1</type>
                            <list-nodes>
                                <str-tunarray-element>
                                    <data-elem-list-nodes>
                                        <and-or>
                                            <type>0</type>
                                            <list-nodes>
                                                <str-tunarray-element>
                                                    <data-elem-list-nodes>
                                                        <event>
                                                            <type>2</type>
                                                            <param>15</param>
                                                        </event>
                                                    </data-elem-list-nodes>
                                                </str-tunarray-element>
                                                <str-tunarray-element>
                                                    <data-elem-list-nodes>
                                                        <event>
                                                            <type>2</type>
                                                            <param>16</param>
                                                        </event>
                                                    </data-elem-list-nodes>
                                                </str-tunarray-element>
                                            </list-nodes>
                                        </and-or>
                                    </data-elem-list-nodes>
                                </str-tunarray-element>
                                <str-tunarray-element>
                                    <data-elem-list-nodes>
                                        <event>
                                            <type>2</type>
                                            <param>43</param>
                                        </event>
                                    </data-elem-list-nodes>
                                </str-tunarray-element>
                            </list-nodes>
                        </and-or>
                    </map>
                </node>
                <actions>
                    <str-tunarray-element>9</str-tunarray-element>
                    <str-tunarray-element>7</str-tunarray-element>
                    <str-tunarray-element>5</str-tunarray-element>
                    <str-tunarray-element>14</str-tunarray-element>
                </actions>
            </data>
        </str-tunarray-element>
        <str-tunarray-element str-tunarray-key="25">
            <data>
                <enabled>1</enabled>
                <delay>0.0</delay>
                <delay_max>0</delay_max>
                <xclk>
                    <period>
                        <fixed-disable>
                            <mode>0</mode>
                        </fixed-disable>
                    </period>
                    <type>
                        <type-no-vector>
                            <type>0</type>
                        </type-no-vector>
                    </type>
                </xclk>
                <node>
                    <map>
                        <and-or>
                            <type>1</type>
                            <list-nodes>
                                <str-tunarray-element>
                                    <data-elem-list-nodes>
                                        <event>
                                            <type>2</type>
                                            <param>44</param>
                                        </event>
                                    </data-elem-list-nodes>
                                </str-tunarray-element>
                                <str-tunarray-element>
                                    <data-elem-list-nodes>
                                        <event>
                                            <type>2</type>
                                            <param>45</param>
                                        </event>
                                    </data-elem-list-nodes>
                                </str-tunarray-element>
                            </list-nodes>
                        </and-or>
                    </map>
                </node>
                <actions>
                    <str-tunarray-element>2</str-tunarray-element>
                </actions>
            </data>
        </str-tunarray-element>
        <str-tunarray-element str-tunarray-key="26">
            <data>
                <enabled>1</enabled>
                <delay>0.0</delay>
                <delay_max>0</delay_max>
                <xclk>
                    <period>
                        <fixed-disable>
                            <mode>0</mode>
                        </fixed-disable>
                    </period>
                    <type>
                        <type-no-vector>
                            <type>0</type>
                        </type-no-vector>
                    </type>
                </xclk>
                <node>
                    <map>
                        <and-or>
                            <type>1</type>
                            <list-nodes>
                                <str-tunarray-element>
                                    <data-elem-list-nodes>
                                        <event>
                                            <type>2</type>
                                            <param>46</param>
                                        </event>
                                    </data-elem-list-nodes>
                                </str-tunarray-element>
                                <str-tunarray-element>
                                    <data-elem-list-nodes>
                                        <event>
                                            <type>2</type>
                                            <param>47</param>
                                        </event>
                                    </data-elem-list-nodes>
                                </str-tunarray-element>
                            </list-nodes>
                        </and-or>
                    </map>
                </node>
                <actions>
                    <str-tunarray-element>15</str-tunarray-element>
                </actions>
            </data>
        </str-tunarray-element>
        <str-tunarray-element str-tunarray-key="27">
            <data>
                <enabled>1</enabled>
                <delay>0.0</delay>
                <delay_max>0</delay_max>
                <xclk>
                    <period>
                        <fixed-disable>
                            <mode>0</mode>
                        </fixed-disable>
                    </period>
                    <type>
                        <type-no-vector>
                            <type>0</type>
                        </type-no-vector>
                    </type>
                </xclk>
                <node>
                    <map>
                        <event>
                            <type>2</type>
                            <param>48</param>
                        </event>
                    </map>
                </node>
                <actions>
                    <str-tunarray-element>24</str-tunarray-element>
                </actions>
            </data>
        </str-tunarray-element>
        <str-tunarray-element str-tunarray-key="28">
            <data>
                <enabled>1</enabled>
                <delay>0.0</delay>
                <delay_max>0</delay_max>
                <xclk>
                    <period>
                        <fixed-disable>
                            <mode>0</mode>
                        </fixed-disable>
                    </period>
                    <type>
                        <type-no-vector>
                            <type>0</type>
                        </type-no-vector>
                    </type>
                </xclk>
                <node>
                    <map>
                        <event>
                            <type>2</type>
                            <param>49</param>
                        </event>
                    </map>
                </node>
                <actions>
                    <str-tunarray-element>25</str-tunarray-element>
                </actions>
            </data>
        </str-tunarray-element>
        <str-tunarray-element str-tunarray-key="29">
            <data>
                <enabled>1</enabled>
                <delay>0.0</delay>
                <delay_max>0</delay_max>
                <xclk>
                    <period>
                        <fixed-disable>
                            <mode>0</mode>
                        </fixed-disable>
                    </period>
                    <type>
                        <type-no-vector>
                            <type>0</type>
                        </type-no-vector>
                    </type>
                </xclk>
                <node>
                    <map>
                        <event>
                            <type>2</type>
                            <param>50</param>
                        </event>
                    </map>
                </node>
                <actions>
                    <str-tunarray-element>26</str-tunarray-element>
                </actions>
            </data>
        </str-tunarray-element>
        <str-tunarray-element str-tunarray-key="30">
            <data>
                <enabled>1</enabled>
                <delay>0.0</delay>
                <delay_max>0</delay_max>
                <xclk>
                    <period>
                        <fixed-disable>
                            <mode>0</mode>
                        </fixed-disable>
                    </period>
                    <type>
                        <type-no-vector>
                            <type>0</type>
                        </type-no-vector>
                    </type>
                </xclk>
                <node>
                    <map>
                        <and-or>
                            <type>1</type>
                            <list-nodes>
                                <str-tunarray-element>
                                    <data-elem-list-nodes>
                                        <event>
                                            <type>2</type>
                                            <param>51</param>
                                        </event>
                                    </data-elem-list-nodes>
                                </str-tunarray-element>
                                <str-tunarray-element>
                                    <data-elem-list-nodes>
                                        <event>
                                            <type>2</type>
                                            <param>52</param>
                                        </event>
                                    </data-elem-list-nodes>
                                </str-tunarray-element>
                            </list-nodes>
                        </and-or>
                    </map>
                </node>
                <actions>
                    <str-tunarray-element>27</str-tunarray-element>
                    <str-tunarray-element>5</str-tunarray-element>
                    <str-tunarray-element>8</str-tunarray-element>
                </actions>
            </data>
        </str-tunarray-element>
        <str-tunarray-element str-tunarray-key="31">
            <data>
                <enabled>0</enabled>
                <delay>0.0</delay>
                <delay_max>0</delay_max>
                <xclk>
                    <period>
                        <fixed-disable>
                            <mode>0</mode>
                        </fixed-disable>
                    </period>
                    <type>
                        <type-no-vector>
                            <type>0</type>
                        </type-no-vector>
                    </type>
                </xclk>
                <node>
                    <map>
                        <and-or>
                            <type>1</type>
                            <list-nodes>
                                <str-tunarray-element>
                                    <data-elem-list-nodes>
                                        <event>
                                            <type>2</type>
                                            <param>18</param>
                                        </event>
                                    </data-elem-list-nodes>
                                </str-tunarray-element>
                                <str-tunarray-element>
                                    <data-elem-list-nodes>
                                        <event>
                                            <type>2</type>
                                            <param>49</param>
                                        </event>
                                    </data-elem-list-nodes>
                                </str-tunarray-element>
                            </list-nodes>
                        </and-or>
                    </map>
                </node>
                <actions>
                    <str-tunarray-element>2</str-tunarray-element>
                </actions>
            </data>
        </str-tunarray-element>
        <str-tunarray-element str-tunarray-key="32">
            <data>
                <enabled>0</enabled>
                <delay>0.0</delay>
                <delay_max>0</delay_max>
                <xclk>
                    <period>
                        <fixed-disable>
                            <mode>0</mode>
                        </fixed-disable>
                    </period>
                    <type>
                        <type-no-vector>
                            <type>0</type>
                        </type-no-vector>
                    </type>
                </xclk>
                <node>
                    <map>
                        <and-or>
                            <type>1</type>
                            <list-nodes>
                                <str-tunarray-element>
                                    <data-elem-list-nodes>
                                        <event>
                                            <type>2</type>
                                            <param>18</param>
                                        </event>
                                    </data-elem-list-nodes>
                                </str-tunarray-element>
                                <str-tunarray-element>
                                    <data-elem-list-nodes>
                                        <event>
                                            <type>2</type>
                                            <param>73</param>
                                        </event>
                                    </data-elem-list-nodes>
                                </str-tunarray-element>
                            </list-nodes>
                        </and-or>
                    </map>
                </node>
                <actions>
                    <str-tunarray-element>0</str-tunarray-element>
                </actions>
            </data>
        </str-tunarray-element>
        <str-tunarray-element str-tunarray-key="33">
            <data>
                <enabled>1</enabled>
                <delay>0.0</delay>
                <delay_max>0</delay_max>
                <xclk>
                    <period>
                        <fixed-disable>
                            <mode>0</mode>
                        </fixed-disable>
                    </period>
                    <type>
                        <type-no-vector>
                            <type>0</type>
                        </type-no-vector>
                    </type>
                </xclk>
                <node>
                    <map>
                        <and-or>
                            <type>1</type>
                            <list-nodes>
                                <str-tunarray-element>
                                    <data-elem-list-nodes>
                                        <event>
                                            <type>2</type>
                                            <param>58</param>
                                        </event>
                                    </data-elem-list-nodes>
                                </str-tunarray-element>
                                <str-tunarray-element>
                                    <data-elem-list-nodes>
                                        <event>
                                            <type>2</type>
                                            <param>59</param>
                                        </event>
                                    </data-elem-list-nodes>
                                </str-tunarray-element>
                            </list-nodes>
                        </and-or>
                    </map>
                </node>
                <actions>
                    <str-tunarray-element>3</str-tunarray-element>
                </actions>
            </data>
        </str-tunarray-element>
        <str-tunarray-element str-tunarray-key="34">
            <data>
                <enabled>1</enabled>
                <delay>0.0</delay>
                <delay_max>0</delay_max>
                <xclk>
                    <period>
                        <fixed-disable>
                            <mode>0</mode>
                        </fixed-disable>
                    </period>
                    <type>
                        <type-no-vector>
                            <type>0</type>
                        </type-no-vector>
                    </type>
                </xclk>
                <node>
                    <map>
                        <and-or>
                            <type>1</type>
                            <list-nodes>
                                <str-tunarray-element>
                                    <data-elem-list-nodes>
                                        <event>
                                            <type>2</type>
                                            <param>70</param>
                                        </event>
                                    </data-elem-list-nodes>
                                </str-tunarray-element>
                                <str-tunarray-element>
                                    <data-elem-list-nodes>
                                        <event>
                                            <type>2</type>
                                            <param>71</param>
                                        </event>
                                    </data-elem-list-nodes>
                                </str-tunarray-element>
                                <str-tunarray-element>
                                    <data-elem-list-nodes>
                                        <event>
                                            <type>2</type>
                                            <param>76</param>
                                        </event>
                                    </data-elem-list-nodes>
                                </str-tunarray-element>
                            </list-nodes>
                        </and-or>
                    </map>
                </node>
                <actions>
                    <str-tunarray-element>0</str-tunarray-element>
                    <str-tunarray-element>8</str-tunarray-element>
                </actions>
            </data>
        </str-tunarray-element>
        <str-tunarray-element str-tunarray-key="35">
            <data>
                <enabled>1</enabled>
                <delay>0.0</delay>
                <delay_max>0</delay_max>
                <xclk>
                    <period>
                        <fixed-disable>
                            <mode>0</mode>
                        </fixed-disable>
                    </period>
                    <type>
                        <type-no-vector>
                            <type>0</type>
                        </type-no-vector>
                    </type>
                </xclk>
                <node>
                    <map>
                        <and-or>
                            <type>1</type>
                            <list-nodes>
                                <str-tunarray-element>
                                    <data-elem-list-nodes>
                                        <event>
                                            <type>2</type>
                                            <param>64</param>
                                        </event>
                                    </data-elem-list-nodes>
                                </str-tunarray-element>
                                <str-tunarray-element>
                                    <data-elem-list-nodes>
                                        <event>
                                            <type>2</type>
                                            <param>67</param>
                                        </event>
                                    </data-elem-list-nodes>
                                </str-tunarray-element>
                            </list-nodes>
                        </and-or>
                    </map>
                </node>
                <actions>
                    <str-tunarray-element>32</str-tunarray-element>
                    <str-tunarray-element>5</str-tunarray-element>
                </actions>
            </data>
        </str-tunarray-element>
        <str-tunarray-element str-tunarray-key="36">
            <data>
                <enabled>1</enabled>
                <delay>0.0</delay>
                <delay_max>0</delay_max>
                <xclk>
                    <period>
                        <fixed-disable>
                            <mode>0</mode>
                        </fixed-disable>
                    </period>
                    <type>
                        <type-no-vector>
                            <type>0</type>
                        </type-no-vector>
                    </type>
                </xclk>
                <node>
                    <map>
                        <and-or>
                            <type>1</type>
                            <list-nodes>
                                <str-tunarray-element>
                                    <data-elem-list-nodes>
                                        <event>
                                            <type>2</type>
                                            <param>65</param>
                                        </event>
                                    </data-elem-list-nodes>
                                </str-tunarray-element>
                                <str-tunarray-element>
                                    <data-elem-list-nodes>
                                        <event>
                                            <type>2</type>
                                            <param>69</param>
                                        </event>
                                    </data-elem-list-nodes>
                                </str-tunarray-element>
                                <str-tunarray-element>
                                    <data-elem-list-nodes>
                                        <event>
                                            <type>2</type>
                                            <param>79</param>
                                        </event>
                                    </data-elem-list-nodes>
                                </str-tunarray-element>
                                <str-tunarray-element>
                                    <data-elem-list-nodes>
                                        <event>
                                            <type>2</type>
                                            <param>80</param>
                                        </event>
                                    </data-elem-list-nodes>
                                </str-tunarray-element>
                                <str-tunarray-element>
                                    <data-elem-list-nodes>
                                        <event>
                                            <type>2</type>
                                            <param>81</param>
                                        </event>
                                    </data-elem-list-nodes>
                                </str-tunarray-element>
                            </list-nodes>
                        </and-or>
                    </map>
                </node>
                <actions>
                    <str-tunarray-element>3</str-tunarray-element>
                </actions>
            </data>
        </str-tunarray-element>
        <str-tunarray-element str-tunarray-key="37">
            <data>
                <enabled>1</enabled>
                <delay>0.0</delay>
                <delay_max>0</delay_max>
                <xclk>
                    <period>
                        <fixed-disable>
                            <mode>0</mode>
                        </fixed-disable>
                    </period>
                    <type>
                        <type-no-vector>
                            <type>0</type>
                        </type-no-vector>
                    </type>
                </xclk>
                <node>
                    <map>
                        <and-or>
                            <type>1</type>
                            <list-nodes>
                                <str-tunarray-element>
                                    <data-elem-list-nodes>
                                        <event>
                                            <type>2</type>
                                            <param>66</param>
                                        </event>
                                    </data-elem-list-nodes>
                                </str-tunarray-element>
                                <str-tunarray-element>
                                    <data-elem-list-nodes>
                                        <event>
                                            <type>2</type>
                                            <param>68</param>
                                        </event>
                                    </data-elem-list-nodes>
                                </str-tunarray-element>
                            </list-nodes>
                        </and-or>
                    </map>
                </node>
                <actions>
                    <str-tunarray-element>18</str-tunarray-element>
                </actions>
            </data>
        </str-tunarray-element>
        <str-tunarray-element str-tunarray-key="38">
            <data>
                <enabled>1</enabled>
                <delay>0.0</delay>
                <delay_max>0</delay_max>
                <xclk>
                    <period>
                        <fixed-disable>
                            <mode>0</mode>
                        </fixed-disable>
                    </period>
                    <type>
                        <type-no-vector>
                            <type>0</type>
                        </type-no-vector>
                    </type>
                </xclk>
                <node>
                    <map>
                        <event>
                            <type>2</type>
                            <param>72</param>
                        </event>
                    </map>
                </node>
                <actions>
                    <str-tunarray-element>6</str-tunarray-element>
                </actions>
            </data>
        </str-tunarray-element>
        <str-tunarray-element str-tunarray-key="39">
            <data>
                <enabled>1</enabled>
                <delay>0.0</delay>
                <delay_max>0</delay_max>
                <xclk>
                    <period>
                        <fixed-disable>
                            <mode>0</mode>
                        </fixed-disable>
                    </period>
                    <type>
                        <type-no-vector>
                            <type>0</type>
                        </type-no-vector>
                    </type>
                </xclk>
                <node>
                    <map>
                        <event>
                            <type>2</type>
                            <param>73</param>
                        </event>
                    </map>
                </node>
                <actions>
                    <str-tunarray-element>30</str-tunarray-element>
                </actions>
            </data>
        </str-tunarray-element>
    </data>
</entry-evact>
