<entry-mrvar>
    <id>136</id>
    <filename>mrvar.bin</filename>
    <version>
        <major>5</major>
        <minor>38</minor>
        <revision>21</revision>
    </version>
    <data>
        <map>
            <str-tunarray-element>
                <id>3176</id>
                <value>
                    <description>
                        <name>Desired RPM</name>
                    </description>
                    <unit>
                        <exist-unit>
                            <exist>1</exist>
                            <id>46</id>
                        </exist-unit>
                    </unit>
                </value>
            </str-tunarray-element>
            <str-tunarray-element>
                <id>1706</id>
                <value>
                    <description>
                        <name>Motor 2</name>
                    </description>
                    <unit>
                        <no-exist-unit>
                            <exist>0</exist>
                        </no-exist-unit>
                    </unit>
                </value>
            </str-tunarray-element>
            <str-tunarray-element>
                <id>1700</id>
                <value>
                    <description>
                        <name>Left Aileron</name>
                    </description>
                    <unit>
                        <no-exist-unit>
                            <exist>0</exist>
                        </no-exist-unit>
                    </unit>
                </value>
            </str-tunarray-element>
            <str-tunarray-element>
                <id>1701</id>
                <value>
                    <description>
                        <name>Right Aileron</name>
                    </description>
                    <unit>
                        <no-exist-unit>
                            <exist>0</exist>
                        </no-exist-unit>
                    </unit>
                </value>
            </str-tunarray-element>
            <str-tunarray-element>
                <id>1702</id>
                <value>
                    <description>
                        <name>Throttle</name>
                    </description>
                    <unit>
                        <no-exist-unit>
                            <exist>0</exist>
                        </no-exist-unit>
                    </unit>
                </value>
            </str-tunarray-element>
            <str-tunarray-element>
                <id>1703</id>
                <value>
                    <description>
                        <name>Left Elevator</name>
                    </description>
                    <unit>
                        <no-exist-unit>
                            <exist>0</exist>
                        </no-exist-unit>
                    </unit>
                </value>
            </str-tunarray-element>
            <str-tunarray-element>
                <id>1704</id>
                <value>
                    <description>
                        <name>Right Elevator</name>
                    </description>
                    <unit>
                        <no-exist-unit>
                            <exist>0</exist>
                        </no-exist-unit>
                    </unit>
                </value>
            </str-tunarray-element>
            <str-tunarray-element>
                <id>1705</id>
                <value>
                    <description>
                        <name>Motor 1</name>
                    </description>
                    <unit>
                        <no-exist-unit>
                            <exist>0</exist>
                        </no-exist-unit>
                    </unit>
                </value>
            </str-tunarray-element>
            <str-tunarray-element>
                <id>1707</id>
                <value>
                    <description>
                        <name>Motor 3</name>
                    </description>
                    <unit>
                        <no-exist-unit>
                            <exist>0</exist>
                        </no-exist-unit>
                    </unit>
                </value>
            </str-tunarray-element>
            <str-tunarray-element>
                <id>1708</id>
                <value>
                    <description>
                        <name>Motor 4</name>
                    </description>
                    <unit>
                        <no-exist-unit>
                            <exist>0</exist>
                        </no-exist-unit>
                    </unit>
                </value>
            </str-tunarray-element>
            <str-tunarray-element>
                <id>1709</id>
                <value>
                    <description>
                        <name>Motor 4</name>
                    </description>
                    <unit>
                        <no-exist-unit>
                            <exist>0</exist>
                        </no-exist-unit>
                    </unit>
                </value>
            </str-tunarray-element>
            <str-tunarray-element>
                <id>3100</id>
                <value>
                    <description>
                        <name>UF u1</name>
                    </description>
                    <unit>
                        <no-exist-unit>
                            <exist>0</exist>
                        </no-exist-unit>
                    </unit>
                </value>
            </str-tunarray-element>
            <str-tunarray-element>
                <id>3101</id>
                <value>
                    <description>
                        <name>UF u2</name>
                    </description>
                    <unit>
                        <no-exist-unit>
                            <exist>0</exist>
                        </no-exist-unit>
                    </unit>
                </value>
            </str-tunarray-element>
            <str-tunarray-element>
                <id>3102</id>
                <value>
                    <description>
                        <name>UF u3</name>
                    </description>
                    <unit>
                        <no-exist-unit>
                            <exist>0</exist>
                        </no-exist-unit>
                    </unit>
                </value>
            </str-tunarray-element>
            <str-tunarray-element>
                <id>3103</id>
                <value>
                    <description>
                        <name>UF u4</name>
                    </description>
                    <unit>
                        <no-exist-unit>
                            <exist>0</exist>
                        </no-exist-unit>
                    </unit>
                </value>
            </str-tunarray-element>
            <str-tunarray-element>
                <id>3104</id>
                <value>
                    <description>
                        <name>UF u5</name>
                    </description>
                    <unit>
                        <no-exist-unit>
                            <exist>0</exist>
                        </no-exist-unit>
                    </unit>
                </value>
            </str-tunarray-element>
            <str-tunarray-element>
                <id>3105</id>
                <value>
                    <description>
                        <name>UF u6</name>
                    </description>
                    <unit>
                        <no-exist-unit>
                            <exist>0</exist>
                        </no-exist-unit>
                    </unit>
                </value>
            </str-tunarray-element>
            <str-tunarray-element>
                <id>3106</id>
                <value>
                    <description>
                        <name>UF u7</name>
                    </description>
                    <unit>
                        <no-exist-unit>
                            <exist>0</exist>
                        </no-exist-unit>
                    </unit>
                </value>
            </str-tunarray-element>
            <str-tunarray-element>
                <id>3107</id>
                <value>
                    <description>
                        <name>U8 FF</name>
                    </description>
                    <unit>
                        <no-exist-unit>
                            <exist>0</exist>
                        </no-exist-unit>
                    </unit>
                </value>
            </str-tunarray-element>
            <str-tunarray-element>
                <id>3219</id>
                <value>
                    <description>
                        <name>Desired Pitch Rate (Quad)</name>
                    </description>
                    <unit>
                        <no-exist-unit>
                            <exist>0</exist>
                        </no-exist-unit>
                    </unit>
                </value>
            </str-tunarray-element>
            <str-tunarray-element>
                <id>3220</id>
                <value>
                    <description>
                        <name>Desired Roll Rate (Quad)</name>
                    </description>
                    <unit>
                        <no-exist-unit>
                            <exist>0</exist>
                        </no-exist-unit>
                    </unit>
                </value>
            </str-tunarray-element>
            <str-tunarray-element>
                <id>3221</id>
                <value>
                    <description>
                        <name>Desired Yaw Rate (Quad)</name>
                    </description>
                    <unit>
                        <no-exist-unit>
                            <exist>0</exist>
                        </no-exist-unit>
                    </unit>
                </value>
            </str-tunarray-element>
            <str-tunarray-element>
                <id>3108</id>
                <value>
                    <description>
                        <name/>
                    </description>
                    <unit>
                        <no-exist-unit>
                            <exist>0</exist>
                        </no-exist-unit>
                    </unit>
                </value>
            </str-tunarray-element>
        </map>
    </data>
</entry-mrvar>
