<entry-calgyr0>
    <id>111</id>
    <filename>calgyr0.bin</filename>
    <version>
        <major>5</major>
        <minor>38</minor>
        <revision>21</revision>
    </version>
    <data>
        <cal_range>34.906586</cal_range>
        <temp_hyst>1.0</temp_hyst>
        <cal_data>
            <str-tunarray-element>
                <x>320.0</x>
                <y1>0.0</y1>
                <y2>0.0</y2>
                <y3>0.0</y3>
                <y4>0.0</y4>
                <y5>0.0</y5>
                <y6>0.0</y6>
                <y7>0.0</y7>
                <y8>0.0</y8>
                <y9>0.0</y9>
            </str-tunarray-element>
        </cal_data>
    </data>
</entry-calgyr0>
