<entry-stpcal>
    <id>251</id>
    <filename>stpcal.bin</filename>
    <version>
        <major>5</major>
        <minor>38</minor>
        <revision>21</revision>
    </version>
    <data>
        <c0>
            <bias>0.0</bias>
            <scale-factor>0.0</scale-factor>
            <variance>0.0</variance>
        </c0>
        <c1>
            <bias>0.0</bias>
            <scale-factor>0.0</scale-factor>
            <variance>0.0</variance>
        </c1>
        <c2>
            <bias>0.0</bias>
            <scale-factor>0.0</scale-factor>
            <variance>0.0</variance>
        </c2>
        <c3>
            <bias>0.0</bias>
            <scale-factor>0.0</scale-factor>
            <variance>0.0</variance>
        </c3>
        <c4>
            <bias>0.0</bias>
            <scale-factor>0.0</scale-factor>
            <variance>0.0</variance>
        </c4>
        <c5>
            <bias>0.0</bias>
            <scale-factor>0.0</scale-factor>
            <variance>0.0</variance>
        </c5>
        <c6>
            <bias>0.0</bias>
            <scale-factor>0.0</scale-factor>
            <variance>0.0</variance>
        </c6>
    </data>
</entry-stpcal>
