<entry-altmeter>
    <id>6</id>
    <filename>altmeter.bin</filename>
    <version>
        <major>5</major>
        <minor>38</minor>
        <revision>21</revision>
    </version>
    <data>
        <enabled>0</enabled>
        <type>1</type>
        <eh2>
            <vref-kval>
                <type>65534</type>
                <kval>0.01</kval>
            </vref-kval>
        </eh2>
        <var-agl>1100</var-agl>
        <min_dt>0.1</min_dt>
        <rGL>
            <x>0.0</x>
            <y>0.0</y>
            <z>0.0</z>
        </rGL>
        <limit-agl-enabled>0</limit-agl-enabled>
        <limit-agl-min>0.0</limit-agl-min>
        <limit-agl-max>0.0</limit-agl-max>
        <limit-tilt-enabled>0</limit-tilt-enabled>
        <limit-tilt-max>0.0</limit-tilt-max>
        <smooth-var>
            <e2max>0.01</e2max>
            <e2min>0.01</e2min>
            <tau>1.0</tau>
            <max-time>1.0</max-time>
        </smooth-var>
    </data>
</entry-altmeter>
