<entry-xpcu8>
    <id>12</id>
    <filename>xpcu8.bin</filename>
    <version>
        <major>5</major>
        <minor>38</minor>
        <revision>21</revision>
    </version>
    <data>
        <str-tunarray-element>
            <producer>0</producer>
            <consumer>5</consumer>
            <group>0</group>
        </str-tunarray-element>
        <str-tunarray-element>
            <producer>5</producer>
            <consumer>0</consumer>
            <group>0</group>
        </str-tunarray-element>
        <str-tunarray-element>
            <producer>2</producer>
            <consumer>7</consumer>
            <group>0</group>
        </str-tunarray-element>
        <str-tunarray-element>
            <producer>7</producer>
            <consumer>2</consumer>
            <group>0</group>
        </str-tunarray-element>
        <str-tunarray-element>
            <producer>1</producer>
            <consumer>6</consumer>
            <group>0</group>
        </str-tunarray-element>
        <str-tunarray-element>
            <producer>6</producer>
            <consumer>1</consumer>
            <group>0</group>
        </str-tunarray-element>
        <str-tunarray-element>
            <producer>4</producer>
            <consumer>9</consumer>
            <group>0</group>
        </str-tunarray-element>
        <str-tunarray-element>
            <producer>9</producer>
            <consumer>4</consumer>
            <group>0</group>
        </str-tunarray-element>
        <str-tunarray-element>
            <producer>3</producer>
            <consumer>8</consumer>
            <group>0</group>
        </str-tunarray-element>
        <str-tunarray-element>
            <producer>8</producer>
            <consumer>3</consumer>
            <group>0</group>
        </str-tunarray-element>
    </data>
</entry-xpcu8>
