<entry-mvxmap>
    <id>132</id>
    <filename>mvxmap.bin</filename>
    <version>
        <major>5</major>
        <minor>38</minor>
        <revision>21</revision>
    </version>
    <data>
        <data-to-veronte-vref/>
        <meta-mvxmap>
            <map>
                <data-veronte/>
                <data-xplane>
                    <str-tunarray-element>
                        <type>0</type>
                        <id>3101</id>
                        <entry>
                            <xvar>controls.brakeAll</xvar>
                            <v2xScale>1.0</v2xScale>
                            <v2xOffset>0.0</v2xOffset>
                        </entry>
                    </str-tunarray-element>
                    <str-tunarray-element>
                        <type>0</type>
                        <id>1703</id>
                        <entry>
                            <xvar>controls.flapHandl</xvar>
                            <v2xScale>1.63</v2xScale>
                            <v2xOffset>0.0</v2xOffset>
                        </entry>
                    </str-tunarray-element>
                    <str-tunarray-element>
                        <type>0</type>
                        <id>1705</id>
                        <entry>
                            <xvar>controls.elv</xvar>
                            <v2xScale>-2.86</v2xScale>
                            <v2xOffset>0.0</v2xOffset>
                        </entry>
                    </str-tunarray-element>
                    <str-tunarray-element>
                        <type>0</type>
                        <id>1707</id>
                        <entry>
                            <xvar>engine.throttleCommand1</xvar>
                            <v2xScale>1.0</v2xScale>
                            <v2xOffset>0.0</v2xOffset>
                        </entry>
                    </str-tunarray-element>
                    <str-tunarray-element>
                        <type>0</type>
                        <id>1704</id>
                        <entry>
                            <xvar>controls.rud</xvar>
                            <v2xScale>-2.86</v2xScale>
                            <v2xOffset>0.0</v2xOffset>
                        </entry>
                    </str-tunarray-element>
                    <str-tunarray-element>
                        <type>0</type>
                        <id>1700</id>
                        <entry>
                            <xvar>controls.ail</xvar>
                            <v2xScale>2.86</v2xScale>
                            <v2xOffset>0.0</v2xOffset>
                        </entry>
                    </str-tunarray-element>
                    <str-tunarray-element>
                        <type>0</type>
                        <id>1700</id>
                        <entry>
                            <xvar>controls.cgControl</xvar>
                            <v2xScale>1.0</v2xScale>
                            <v2xOffset>0.0</v2xOffset>
                        </entry>
                    </str-tunarray-element>
                </data-xplane>
            </map>
        </meta-mvxmap>
    </data>
</entry-mvxmap>
