<entry-actions>
    <id>83</id>
    <filename>actions.bin</filename>
    <version>
        <major>5</major>
        <minor>38</minor>
        <revision>21</revision>
    </version>
    <data>
        <action-array>
            <str-tunarray-element str-tunarray-key="0">
                <data>
                    <acset-phase>
                        <type>0</type>
                        <idCfg>222</idCfg>
                        <str>
                            <phase-cmd>0</phase-cmd>
                        </str>
                    </acset-phase>
                </data>
            </str-tunarray-element>
            <str-tunarray-element str-tunarray-key="1">
                <data>
                    <acset-mode>
                        <type>0</type>
                        <idCfg>220</idCfg>
                        <str>
                            <mode>3</mode>
                        </str>
                    </acset-mode>
                </data>
            </str-tunarray-element>
            <str-tunarray-element str-tunarray-key="2">
                <data>
                    <acset-phase>
                        <type>0</type>
                        <idCfg>222</idCfg>
                        <str>
                            <phase-cmd>1</phase-cmd>
                        </str>
                    </acset-phase>
                </data>
            </str-tunarray-element>
            <str-tunarray-element str-tunarray-key="4">
                <data>
                    <acset-phase>
                        <type>0</type>
                        <idCfg>222</idCfg>
                        <str>
                            <phase-cmd>5</phase-cmd>
                        </str>
                    </acset-phase>
                </data>
            </str-tunarray-element>
            <str-tunarray-element str-tunarray-key="5">
                <data>
                    <acset-phase>
                        <type>0</type>
                        <idCfg>222</idCfg>
                        <str>
                            <phase-cmd>4</phase-cmd>
                        </str>
                    </acset-phase>
                </data>
            </str-tunarray-element>
            <str-tunarray-element str-tunarray-key="6">
                <data>
                    <acset-phase>
                        <type>0</type>
                        <idCfg>222</idCfg>
                        <str>
                            <phase-cmd>6</phase-cmd>
                        </str>
                    </acset-phase>
                </data>
            </str-tunarray-element>
            <str-tunarray-element str-tunarray-key="7">
                <data>
                    <acset-nav>
                        <type>0</type>
                        <idCfg>215</idCfg>
                        <str>
                            <type>1</type>
                        </str>
                    </acset-nav>
                </data>
            </str-tunarray-element>
            <str-tunarray-element str-tunarray-key="8">
                <data>
                    <acset-phase>
                        <type>0</type>
                        <idCfg>222</idCfg>
                        <str>
                            <phase-cmd>5</phase-cmd>
                        </str>
                    </acset-phase>
                </data>
            </str-tunarray-element>
            <str-tunarray-element str-tunarray-key="9">
                <data>
                    <acset-mode>
                        <type>0</type>
                        <idCfg>220</idCfg>
                        <str>
                            <mode>0</mode>
                        </str>
                    </acset-mode>
                </data>
            </str-tunarray-element>
            <str-tunarray-element str-tunarray-key="10">
                <data>
                    <acset-phase>
                        <type>0</type>
                        <idCfg>222</idCfg>
                        <str>
                            <phase-cmd>1</phase-cmd>
                        </str>
                    </acset-phase>
                </data>
            </str-tunarray-element>
            <str-tunarray-element str-tunarray-key="11">
                <data>
                    <acset-phase>
                        <type>0</type>
                        <idCfg>222</idCfg>
                        <str>
                            <phase-cmd>9</phase-cmd>
                        </str>
                    </acset-phase>
                </data>
            </str-tunarray-element>
            <str-tunarray-element str-tunarray-key="12">
                <data>
                    <acset-arctrim>
                        <type>0</type>
                        <idCfg>211</idCfg>
                        <str>
                            <arctrim>
                                <update>1</update>
                                <save>1</save>
                            </arctrim>
                        </str>
                    </acset-arctrim>
                </data>
            </str-tunarray-element>
            <str-tunarray-element str-tunarray-key="14">
                <data>
                    <acset-phase>
                        <type>0</type>
                        <idCfg>222</idCfg>
                        <str>
                            <phase-cmd>2</phase-cmd>
                        </str>
                    </acset-phase>
                </data>
            </str-tunarray-element>
            <str-tunarray-element str-tunarray-key="16">
                <data>
                    <acset-mode>
                        <type>0</type>
                        <idCfg>220</idCfg>
                        <str>
                            <mode>1</mode>
                        </str>
                    </acset-mode>
                </data>
            </str-tunarray-element>
            <str-tunarray-element str-tunarray-key="18">
                <data>
                    <acset-var>
                        <type>0</type>
                        <idCfg>235</idCfg>
                        <str>
                            <var>
                                <vrset>
                                    <type>0</type>
                                    <destination>
                                        <vref-var>
                                            <type>0</type>
                                            <id>3101</id>
                                        </vref-var>
                                    </destination>
                                    <source>
                                        <vref-kval>
                                            <type>65534</type>
                                            <kval>1.0</kval>
                                        </vref-kval>
                                    </source>
                                </vrset>
                            </var>
                        </str>
                    </acset-var>
                </data>
            </str-tunarray-element>
            <str-tunarray-element str-tunarray-key="19">
                <data>
                    <acset-var>
                        <type>0</type>
                        <idCfg>235</idCfg>
                        <str>
                            <var>
                                <vrset>
                                    <type>0</type>
                                    <destination>
                                        <vref-var>
                                            <type>0</type>
                                            <id>3101</id>
                                        </vref-var>
                                    </destination>
                                    <source>
                                        <vref-kval>
                                            <type>65534</type>
                                            <kval>0.0</kval>
                                        </vref-kval>
                                    </source>
                                </vrset>
                            </var>
                        </str>
                    </acset-var>
                </data>
            </str-tunarray-element>
            <str-tunarray-element str-tunarray-key="20">
                <data>
                    <acset-step>
                        <type>0</type>
                        <idCfg>231</idCfg>
                        <str>
                            <operation-id>5</operation-id>
                        </str>
                    </acset-step>
                </data>
            </str-tunarray-element>
            <str-tunarray-element str-tunarray-key="21">
                <data>
                    <acset-var>
                        <type>0</type>
                        <idCfg>235</idCfg>
                        <str>
                            <var>
                                <vrset>
                                    <type>0</type>
                                    <destination>
                                        <vref-var>
                                            <type>0</type>
                                            <id>3103</id>
                                        </vref-var>
                                    </destination>
                                    <source>
                                        <vref-var>
                                            <type>0</type>
                                            <id>8</id>
                                        </vref-var>
                                    </source>
                                </vrset>
                            </var>
                        </str>
                    </acset-var>
                </data>
            </str-tunarray-element>
            <str-tunarray-element str-tunarray-key="23">
                <data>
                    <acset-var>
                        <type>0</type>
                        <idCfg>235</idCfg>
                        <str>
                            <var>
                                <vrset>
                                    <type>0</type>
                                    <destination>
                                        <vref-var>
                                            <type>0</type>
                                            <id>3105</id>
                                        </vref-var>
                                    </destination>
                                    <source>
                                        <vref-var>
                                            <type>0</type>
                                            <id>0</id>
                                        </vref-var>
                                    </source>
                                </vrset>
                            </var>
                        </str>
                    </acset-var>
                </data>
            </str-tunarray-element>
            <str-tunarray-element str-tunarray-key="24">
                <data>
                    <acset-var>
                        <type>0</type>
                        <idCfg>235</idCfg>
                        <str>
                            <var>
                                <vrset>
                                    <type>0</type>
                                    <destination>
                                        <vref-var>
                                            <type>0</type>
                                            <id>3104</id>
                                        </vref-var>
                                    </destination>
                                    <source>
                                        <vref-var>
                                            <type>0</type>
                                            <id>7</id>
                                        </vref-var>
                                    </source>
                                </vrset>
                            </var>
                        </str>
                    </acset-var>
                </data>
            </str-tunarray-element>
            <str-tunarray-element str-tunarray-key="25">
                <data>
                    <acset-phase>
                        <type>0</type>
                        <idCfg>222</idCfg>
                        <str>
                            <phase-cmd>3</phase-cmd>
                        </str>
                    </acset-phase>
                </data>
            </str-tunarray-element>
            <str-tunarray-element str-tunarray-key="43">
                <data>
                    <acset-var>
                        <type>0</type>
                        <idCfg>235</idCfg>
                        <str>
                            <var>
                                <vrset>
                                    <type>0</type>
                                    <destination>
                                        <vref-var>
                                            <type>0</type>
                                            <id>3106</id>
                                        </vref-var>
                                    </destination>
                                    <source>
                                        <vref-var>
                                            <type>0</type>
                                            <id>503</id>
                                        </vref-var>
                                    </source>
                                </vrset>
                            </var>
                        </str>
                    </acset-var>
                </data>
            </str-tunarray-element>
            <str-tunarray-element str-tunarray-key="44">
                <data>
                    <acset-phase>
                        <type>0</type>
                        <idCfg>222</idCfg>
                        <str>
                            <phase-cmd>7</phase-cmd>
                        </str>
                    </acset-phase>
                </data>
            </str-tunarray-element>
            <str-tunarray-element str-tunarray-key="45">
                <data>
                    <acset-step>
                        <type>0</type>
                        <idCfg>231</idCfg>
                        <str>
                            <operation-id>1</operation-id>
                        </str>
                    </acset-step>
                </data>
            </str-tunarray-element>
            <str-tunarray-element str-tunarray-key="46">
                <data>
                    <acset-phase>
                        <type>0</type>
                        <idCfg>222</idCfg>
                        <str>
                            <phase-cmd>8</phase-cmd>
                        </str>
                    </acset-phase>
                </data>
            </str-tunarray-element>
            <str-tunarray-element str-tunarray-key="47">
                <data>
                    <acset-phase>
                        <type>0</type>
                        <idCfg>222</idCfg>
                        <str>
                            <phase-cmd>7</phase-cmd>
                        </str>
                    </acset-phase>
                </data>
            </str-tunarray-element>
            <str-tunarray-element str-tunarray-key="48">
                <data>
                    <acset-step>
                        <type>0</type>
                        <idCfg>231</idCfg>
                        <str>
                            <operation-id>2</operation-id>
                        </str>
                    </acset-step>
                </data>
            </str-tunarray-element>
        </action-array>
    </data>
</entry-actions>
