<entry-mblocks>
    <id>174</id>
    <filename>mblocks.bin</filename>
    <version>
        <major>5</major>
        <minor>38</minor>
        <revision>21</revision>
    </version>
    <data>
        <map>
            <str-tunarray-element>
                <x-pos>0</x-pos>
                <y-pos>0</y-pos>
            </str-tunarray-element>
            <str-tunarray-element>
                <x-pos>14</x-pos>
                <y-pos>147</y-pos>
            </str-tunarray-element>
            <str-tunarray-element>
                <x-pos>262</x-pos>
                <y-pos>67</y-pos>
            </str-tunarray-element>
            <str-tunarray-element>
                <x-pos>0</x-pos>
                <y-pos>300</y-pos>
            </str-tunarray-element>
            <str-tunarray-element>
                <x-pos>496</x-pos>
                <y-pos>119</y-pos>
            </str-tunarray-element>
            <str-tunarray-element>
                <x-pos>687</x-pos>
                <y-pos>102</y-pos>
            </str-tunarray-element>
            <str-tunarray-element>
                <x-pos>4</x-pos>
                <y-pos>0</y-pos>
            </str-tunarray-element>
            <str-tunarray-element>
                <x-pos>0</x-pos>
                <y-pos>157</y-pos>
            </str-tunarray-element>
            <str-tunarray-element>
                <x-pos>300</x-pos>
                <y-pos>7</y-pos>
            </str-tunarray-element>
            <str-tunarray-element>
                <x-pos>0</x-pos>
                <y-pos>307</y-pos>
            </str-tunarray-element>
            <str-tunarray-element>
                <x-pos>535</x-pos>
                <y-pos>137</y-pos>
            </str-tunarray-element>
            <str-tunarray-element>
                <x-pos>683</x-pos>
                <y-pos>118</y-pos>
            </str-tunarray-element>
            <str-tunarray-element>
                <x-pos>0</x-pos>
                <y-pos>0</y-pos>
            </str-tunarray-element>
            <str-tunarray-element>
                <x-pos>0</x-pos>
                <y-pos>150</y-pos>
            </str-tunarray-element>
            <str-tunarray-element>
                <x-pos>300</x-pos>
                <y-pos>0</y-pos>
            </str-tunarray-element>
            <str-tunarray-element>
                <x-pos>0</x-pos>
                <y-pos>300</y-pos>
            </str-tunarray-element>
            <str-tunarray-element>
                <x-pos>600</x-pos>
                <y-pos>150</y-pos>
            </str-tunarray-element>
            <str-tunarray-element>
                <x-pos>900</x-pos>
                <y-pos>150</y-pos>
            </str-tunarray-element>
            <str-tunarray-element>
                <x-pos>0</x-pos>
                <y-pos>0</y-pos>
            </str-tunarray-element>
            <str-tunarray-element>
                <x-pos>0</x-pos>
                <y-pos>150</y-pos>
            </str-tunarray-element>
            <str-tunarray-element>
                <x-pos>300</x-pos>
                <y-pos>150</y-pos>
            </str-tunarray-element>
            <str-tunarray-element>
                <x-pos>485</x-pos>
                <y-pos>130</y-pos>
            </str-tunarray-element>
        </map>
    </data>
</entry-mblocks>
