<entry-metatc>
    <id>139</id>
    <filename>metatc.bin</filename>
    <version>
        <major>5</major>
        <minor>38</minor>
        <revision>21</revision>
    </version>
    <data>
        <data>
            <str-tunarray-element str-tunarray-key="0">
                <data-phases-expand>
                    <data-pages/>
                    <data-tc-panels/>
                </data-phases-expand>
            </str-tunarray-element>
            <str-tunarray-element str-tunarray-key="1">
                <data-phases-expand>
                    <data-pages/>
                    <data-tc-panels/>
                </data-phases-expand>
            </str-tunarray-element>
            <str-tunarray-element str-tunarray-key="2">
                <data-phases-expand>
                    <data-pages/>
                    <data-tc-panels/>
                </data-phases-expand>
            </str-tunarray-element>
            <str-tunarray-element str-tunarray-key="3">
                <data-phases-expand>
                    <data-pages/>
                    <data-tc-panels/>
                </data-phases-expand>
            </str-tunarray-element>
            <str-tunarray-element str-tunarray-key="4">
                <data-phases-expand>
                    <data-pages/>
                    <data-tc-panels/>
                </data-phases-expand>
            </str-tunarray-element>
            <str-tunarray-element str-tunarray-key="5">
                <data-phases-expand>
                    <data-pages/>
                    <data-tc-panels/>
                </data-phases-expand>
            </str-tunarray-element>
            <str-tunarray-element str-tunarray-key="6">
                <data-phases-expand>
                    <data-pages/>
                    <data-tc-panels/>
                </data-phases-expand>
            </str-tunarray-element>
            <str-tunarray-element str-tunarray-key="7">
                <data-phases-expand>
                    <data-pages/>
                    <data-tc-panels/>
                </data-phases-expand>
            </str-tunarray-element>
            <str-tunarray-element str-tunarray-key="8">
                <data-phases-expand>
                    <data-pages/>
                    <data-tc-panels/>
                </data-phases-expand>
            </str-tunarray-element>
            <str-tunarray-element str-tunarray-key="9">
                <data-phases-expand>
                    <data-pages/>
                    <data-tc-panels/>
                </data-phases-expand>
            </str-tunarray-element>
        </data>
    </data>
</entry-metatc>
