<entry-trim>
    <id>29</id>
    <filename>trim.bin</filename>
    <version>
        <major>5</major>
        <minor>38</minor>
        <revision>21</revision>
    </version>
    <data>
        <str-tunarray-element str-tunarray-key="0">
            <data>
                <def_angle>0.0</def_angle>
                <points>
                    <str-tunarray-element>
                        <angle>-0.32</angle>
                        <pulse>0.0</pulse>
                    </str-tunarray-element>
                    <str-tunarray-element>
                        <angle>0.32</angle>
                        <pulse>1.0</pulse>
                    </str-tunarray-element>
                </points>
                <rate_limiter>
                    <lfalling>1.0</lfalling>
                    <lrising>-1.0</lrising>
                </rate_limiter>
                <enable>1</enable>
                <output>
                    <id>0</id>
                    <idx>0</idx>
                </output>
            </data>
        </str-tunarray-element>
        <str-tunarray-element str-tunarray-key="1">
            <data>
                <def_angle>0.0</def_angle>
                <points>
                    <str-tunarray-element>
                        <angle>-0.32</angle>
                        <pulse>0.0</pulse>
                    </str-tunarray-element>
                    <str-tunarray-element>
                        <angle>0.32</angle>
                        <pulse>1.0</pulse>
                    </str-tunarray-element>
                </points>
                <rate_limiter>
                    <lfalling>1.0</lfalling>
                    <lrising>-1.0</lrising>
                </rate_limiter>
                <enable>1</enable>
                <output>
                    <id>0</id>
                    <idx>7</idx>
                </output>
            </data>
        </str-tunarray-element>
        <str-tunarray-element str-tunarray-key="2">
            <data>
                <def_angle>0.0</def_angle>
                <points>
                    <str-tunarray-element>
                        <angle>0.0</angle>
                        <pulse>0.0</pulse>
                    </str-tunarray-element>
                    <str-tunarray-element>
                        <angle>0.61</angle>
                        <pulse>1.0</pulse>
                    </str-tunarray-element>
                </points>
                <rate_limiter>
                    <lfalling>1.0</lfalling>
                    <lrising>-1.0</lrising>
                </rate_limiter>
                <enable>1</enable>
                <output>
                    <id>0</id>
                    <idx>2</idx>
                </output>
            </data>
        </str-tunarray-element>
        <str-tunarray-element str-tunarray-key="3">
            <data>
                <def_angle>0.0</def_angle>
                <points>
                    <str-tunarray-element>
                        <angle>0.0</angle>
                        <pulse>0.0</pulse>
                    </str-tunarray-element>
                    <str-tunarray-element>
                        <angle>0.61</angle>
                        <pulse>1.0</pulse>
                    </str-tunarray-element>
                </points>
                <rate_limiter>
                    <lfalling>1.0</lfalling>
                    <lrising>-1.0</lrising>
                </rate_limiter>
                <enable>1</enable>
                <output>
                    <id>0</id>
                    <idx>3</idx>
                </output>
            </data>
        </str-tunarray-element>
        <str-tunarray-element str-tunarray-key="4">
            <data>
                <def_angle>0.0</def_angle>
                <points>
                    <str-tunarray-element>
                        <angle>-0.34</angle>
                        <pulse>0.0</pulse>
                    </str-tunarray-element>
                    <str-tunarray-element>
                        <angle>0.34</angle>
                        <pulse>1.0</pulse>
                    </str-tunarray-element>
                </points>
                <rate_limiter>
                    <lfalling>1.0</lfalling>
                    <lrising>-1.0</lrising>
                </rate_limiter>
                <enable>1</enable>
                <output>
                    <id>0</id>
                    <idx>4</idx>
                </output>
            </data>
        </str-tunarray-element>
        <str-tunarray-element str-tunarray-key="5">
            <data>
                <def_angle>0.0</def_angle>
                <points>
                    <str-tunarray-element>
                        <angle>-0.34</angle>
                        <pulse>0.0</pulse>
                    </str-tunarray-element>
                    <str-tunarray-element>
                        <angle>0.34</angle>
                        <pulse>1.0</pulse>
                    </str-tunarray-element>
                </points>
                <rate_limiter>
                    <lfalling>1.0</lfalling>
                    <lrising>-1.0</lrising>
                </rate_limiter>
                <enable>1</enable>
                <output>
                    <id>0</id>
                    <idx>5</idx>
                </output>
            </data>
        </str-tunarray-element>
        <str-tunarray-element str-tunarray-key="6">
            <data>
                <def_angle>0.0</def_angle>
                <points>
                    <str-tunarray-element>
                        <angle>-1.0</angle>
                        <pulse>0.0</pulse>
                    </str-tunarray-element>
                    <str-tunarray-element>
                        <angle>1.0</angle>
                        <pulse>1.0</pulse>
                    </str-tunarray-element>
                </points>
                <rate_limiter>
                    <lfalling>1.0</lfalling>
                    <lrising>-1.0</lrising>
                </rate_limiter>
                <enable>1</enable>
                <output>
                    <id>0</id>
                    <idx>6</idx>
                </output>
            </data>
        </str-tunarray-element>
        <str-tunarray-element str-tunarray-key="7">
            <data>
                <def_angle>0.0</def_angle>
                <points>
                    <str-tunarray-element>
                        <angle>0.165</angle>
                        <pulse>0.0</pulse>
                    </str-tunarray-element>
                    <str-tunarray-element>
                        <angle>1.0</angle>
                        <pulse>1.0</pulse>
                    </str-tunarray-element>
                </points>
                <rate_limiter>
                    <lfalling>1.0</lfalling>
                    <lrising>-1.0</lrising>
                </rate_limiter>
                <enable>1</enable>
                <output>
                    <id>0</id>
                    <idx>1</idx>
                </output>
            </data>
        </str-tunarray-element>
    </data>
</entry-trim>
