<entry-events>
    <id>82</id>
    <filename>events.bin</filename>
    <version>
        <major>5</major>
        <minor>38</minor>
        <revision>21</revision>
    </version>
    <data>
        <str-tunarray-element str-tunarray-key="0">
            <data>
                <type>9</type>
                <duration>0.0</duration>
                <idx>0</idx>
                <indexes/>
            </data>
        </str-tunarray-element>
        <str-tunarray-element str-tunarray-key="1">
            <data>
                <type>9</type>
                <duration>0.0</duration>
                <idx>0</idx>
                <indexes/>
            </data>
        </str-tunarray-element>
        <str-tunarray-element str-tunarray-key="2">
            <data>
                <type>1</type>
                <duration>0.0</duration>
                <idx>0</idx>
                <indexes>
                    <str-tunarray-element>6</str-tunarray-element>
                    <str-tunarray-element>5</str-tunarray-element>
                </indexes>
            </data>
        </str-tunarray-element>
        <str-tunarray-element str-tunarray-key="3">
            <data>
                <type>2</type>
                <duration>0.0</duration>
                <idx>0</idx>
                <indexes>
                    <str-tunarray-element>15</str-tunarray-element>
                </indexes>
            </data>
        </str-tunarray-element>
        <str-tunarray-element str-tunarray-key="4">
            <data>
                <type>9</type>
                <duration>0.0</duration>
                <idx>0</idx>
                <indexes/>
            </data>
        </str-tunarray-element>
        <str-tunarray-element str-tunarray-key="5">
            <data>
                <type>9</type>
                <duration>0.0</duration>
                <idx>0</idx>
                <indexes/>
            </data>
        </str-tunarray-element>
        <str-tunarray-element str-tunarray-key="6">
            <data>
                <type>9</type>
                <duration>0.0</duration>
                <idx>0</idx>
                <indexes/>
            </data>
        </str-tunarray-element>
        <str-tunarray-element str-tunarray-key="7">
            <data>
                <type>1</type>
                <duration>0.0</duration>
                <idx>0</idx>
                <indexes>
                    <str-tunarray-element>20</str-tunarray-element>
                </indexes>
            </data>
        </str-tunarray-element>
        <str-tunarray-element str-tunarray-key="8">
            <data>
                <type>1</type>
                <duration>0.0</duration>
                <idx>0</idx>
                <indexes>
                    <str-tunarray-element>1</str-tunarray-element>
                    <str-tunarray-element>2</str-tunarray-element>
                    <str-tunarray-element>3</str-tunarray-element>
                    <str-tunarray-element>4</str-tunarray-element>
                    <str-tunarray-element>5</str-tunarray-element>
                    <str-tunarray-element>6</str-tunarray-element>
                    <str-tunarray-element>0</str-tunarray-element>
                    <str-tunarray-element>7</str-tunarray-element>
                </indexes>
            </data>
        </str-tunarray-element>
        <str-tunarray-element str-tunarray-key="9">
            <data>
                <type>1</type>
                <duration>0.0</duration>
                <idx>0</idx>
                <indexes>
                    <str-tunarray-element>6</str-tunarray-element>
                </indexes>
            </data>
        </str-tunarray-element>
        <str-tunarray-element str-tunarray-key="10">
            <data>
                <type>2</type>
                <duration>0.0</duration>
                <idx>0</idx>
                <indexes>
                    <str-tunarray-element>14</str-tunarray-element>
                </indexes>
            </data>
        </str-tunarray-element>
        <str-tunarray-element str-tunarray-key="11">
            <data>
                <type>1</type>
                <duration>0.0</duration>
                <idx>0</idx>
                <indexes>
                    <str-tunarray-element>4</str-tunarray-element>
                    <str-tunarray-element>5</str-tunarray-element>
                    <str-tunarray-element>1</str-tunarray-element>
                    <str-tunarray-element>3</str-tunarray-element>
                    <str-tunarray-element>7</str-tunarray-element>
                </indexes>
            </data>
        </str-tunarray-element>
        <str-tunarray-element str-tunarray-key="12">
            <data>
                <type>1</type>
                <duration>0.0</duration>
                <idx>0</idx>
                <indexes>
                    <str-tunarray-element>4</str-tunarray-element>
                    <str-tunarray-element>1</str-tunarray-element>
                    <str-tunarray-element>3</str-tunarray-element>
                    <str-tunarray-element>7</str-tunarray-element>
                    <str-tunarray-element>5</str-tunarray-element>
                </indexes>
            </data>
        </str-tunarray-element>
        <str-tunarray-element str-tunarray-key="13">
            <data>
                <type>1</type>
                <duration>0.0</duration>
                <idx>0</idx>
                <indexes>
                    <str-tunarray-element>0</str-tunarray-element>
                </indexes>
            </data>
        </str-tunarray-element>
        <str-tunarray-element str-tunarray-key="14">
            <data>
                <type>1</type>
                <duration>0.0</duration>
                <idx>0</idx>
                <indexes>
                    <str-tunarray-element>1</str-tunarray-element>
                </indexes>
            </data>
        </str-tunarray-element>
        <str-tunarray-element str-tunarray-key="15">
            <data>
                <type>9</type>
                <duration>1.0</duration>
                <idx>0</idx>
                <indexes/>
            </data>
        </str-tunarray-element>
        <str-tunarray-element str-tunarray-key="16">
            <data>
                <type>9</type>
                <duration>1.0</duration>
                <idx>0</idx>
                <indexes/>
            </data>
        </str-tunarray-element>
        <str-tunarray-element str-tunarray-key="17">
            <data>
                <type>1</type>
                <duration>0.0</duration>
                <idx>0</idx>
                <indexes>
                    <str-tunarray-element>1</str-tunarray-element>
                    <str-tunarray-element>2</str-tunarray-element>
                    <str-tunarray-element>3</str-tunarray-element>
                    <str-tunarray-element>4</str-tunarray-element>
                    <str-tunarray-element>5</str-tunarray-element>
                    <str-tunarray-element>6</str-tunarray-element>
                    <str-tunarray-element>7</str-tunarray-element>
                </indexes>
            </data>
        </str-tunarray-element>
        <str-tunarray-element str-tunarray-key="18">
            <data>
                <type>5</type>
                <duration>0.0</duration>
                <idx>0</idx>
                <indexes>
                    <str-tunarray-element>100</str-tunarray-element>
                </indexes>
            </data>
        </str-tunarray-element>
        <str-tunarray-element str-tunarray-key="19">
            <data>
                <type>1</type>
                <duration>0.0</duration>
                <idx>0</idx>
                <indexes>
                    <str-tunarray-element>1</str-tunarray-element>
                    <str-tunarray-element>2</str-tunarray-element>
                    <str-tunarray-element>3</str-tunarray-element>
                    <str-tunarray-element>4</str-tunarray-element>
                    <str-tunarray-element>5</str-tunarray-element>
                    <str-tunarray-element>6</str-tunarray-element>
                </indexes>
            </data>
        </str-tunarray-element>
        <str-tunarray-element str-tunarray-key="20">
            <data>
                <type>5</type>
                <duration>0.0</duration>
                <idx>0</idx>
                <indexes>
                    <str-tunarray-element>110</str-tunarray-element>
                </indexes>
            </data>
        </str-tunarray-element>
        <str-tunarray-element str-tunarray-key="22">
            <data>
                <type>2</type>
                <duration>0.0</duration>
                <idx>0</idx>
                <indexes>
                    <str-tunarray-element>1</str-tunarray-element>
                </indexes>
            </data>
        </str-tunarray-element>
        <str-tunarray-element str-tunarray-key="24">
            <data>
                <type>2</type>
                <duration>1.0</duration>
                <idx>0</idx>
                <indexes>
                    <str-tunarray-element>2</str-tunarray-element>
                </indexes>
            </data>
        </str-tunarray-element>
        <str-tunarray-element str-tunarray-key="25">
            <data>
                <type>9</type>
                <duration>0.0</duration>
                <idx>0</idx>
                <indexes/>
            </data>
        </str-tunarray-element>
        <str-tunarray-element str-tunarray-key="26">
            <data>
                <type>2</type>
                <duration>0.0</duration>
                <idx>0</idx>
                <indexes>
                    <str-tunarray-element>16</str-tunarray-element>
                </indexes>
            </data>
        </str-tunarray-element>
        <str-tunarray-element str-tunarray-key="28">
            <data>
                <type>1</type>
                <duration>0.0</duration>
                <idx>0</idx>
                <indexes>
                    <str-tunarray-element>5</str-tunarray-element>
                </indexes>
            </data>
        </str-tunarray-element>
        <str-tunarray-element str-tunarray-key="29">
            <data>
                <type>9</type>
                <duration>0.0</duration>
                <idx>65535</idx>
                <indexes/>
            </data>
        </str-tunarray-element>
        <str-tunarray-element str-tunarray-key="31">
            <data>
                <type>1</type>
                <duration>0.0</duration>
                <idx>65535</idx>
                <indexes>
                    <str-tunarray-element>2</str-tunarray-element>
                </indexes>
            </data>
        </str-tunarray-element>
        <str-tunarray-element str-tunarray-key="32">
            <data>
                <type>2</type>
                <duration>0.0</duration>
                <idx>65535</idx>
                <indexes>
                    <str-tunarray-element>22</str-tunarray-element>
                </indexes>
            </data>
        </str-tunarray-element>
        <str-tunarray-element str-tunarray-key="35">
            <data>
                <type>9</type>
                <duration>0.0</duration>
                <idx>65535</idx>
                <indexes/>
            </data>
        </str-tunarray-element>
        <str-tunarray-element str-tunarray-key="42">
            <data>
                <type>1</type>
                <duration>0.0</duration>
                <idx>65535</idx>
                <indexes>
                    <str-tunarray-element>0</str-tunarray-element>
                    <str-tunarray-element>20</str-tunarray-element>
                </indexes>
            </data>
        </str-tunarray-element>
        <str-tunarray-element str-tunarray-key="44">
            <data>
                <type>6</type>
                <duration>0.0</duration>
                <idx>65535</idx>
                <indexes>
                    <str-tunarray-element>0</str-tunarray-element>
                    <str-tunarray-element>1</str-tunarray-element>
                </indexes>
            </data>
        </str-tunarray-element>
        <str-tunarray-element str-tunarray-key="45">
            <data>
                <type>2</type>
                <duration>0.0</duration>
                <idx>65535</idx>
                <indexes>
                    <str-tunarray-element>19</str-tunarray-element>
                </indexes>
            </data>
        </str-tunarray-element>
        <str-tunarray-element str-tunarray-key="53">
            <data>
                <type>1</type>
                <duration>0.0</duration>
                <idx>0</idx>
                <indexes>
                    <str-tunarray-element>1</str-tunarray-element>
                    <str-tunarray-element>2</str-tunarray-element>
                    <str-tunarray-element>3</str-tunarray-element>
                    <str-tunarray-element>4</str-tunarray-element>
                    <str-tunarray-element>5</str-tunarray-element>
                    <str-tunarray-element>6</str-tunarray-element>
                    <str-tunarray-element>0</str-tunarray-element>
                    <str-tunarray-element>7</str-tunarray-element>
                    <str-tunarray-element>20</str-tunarray-element>
                </indexes>
            </data>
        </str-tunarray-element>
        <str-tunarray-element str-tunarray-key="54">
            <data>
                <type>9</type>
                <duration>0.0</duration>
                <idx>65535</idx>
                <indexes/>
            </data>
        </str-tunarray-element>
        <str-tunarray-element str-tunarray-key="57">
            <data>
                <type>1</type>
                <duration>0.0</duration>
                <idx>0</idx>
                <indexes>
                    <str-tunarray-element>3</str-tunarray-element>
                    <str-tunarray-element>4</str-tunarray-element>
                    <str-tunarray-element>1</str-tunarray-element>
                </indexes>
            </data>
        </str-tunarray-element>
        <str-tunarray-element str-tunarray-key="60">
            <data>
                <type>2</type>
                <duration>0.0</duration>
                <idx>65535</idx>
                <indexes>
                    <str-tunarray-element>23</str-tunarray-element>
                </indexes>
            </data>
        </str-tunarray-element>
        <str-tunarray-element str-tunarray-key="62">
            <data>
                <type>2</type>
                <duration>0.0</duration>
                <idx>0</idx>
                <indexes>
                    <str-tunarray-element>0</str-tunarray-element>
                </indexes>
            </data>
        </str-tunarray-element>
        <str-tunarray-element str-tunarray-key="64">
            <data>
                <type>2</type>
                <duration>0.0</duration>
                <idx>65535</idx>
                <indexes>
                    <str-tunarray-element>24</str-tunarray-element>
                    <str-tunarray-element>25</str-tunarray-element>
                </indexes>
            </data>
        </str-tunarray-element>
        <str-tunarray-element str-tunarray-key="65">
            <data>
                <type>2</type>
                <duration>3.0</duration>
                <idx>65535</idx>
                <indexes>
                    <str-tunarray-element>20</str-tunarray-element>
                </indexes>
            </data>
        </str-tunarray-element>
        <str-tunarray-element str-tunarray-key="66">
            <data>
                <type>2</type>
                <duration>1.0</duration>
                <idx>65535</idx>
                <indexes>
                    <str-tunarray-element>26</str-tunarray-element>
                </indexes>
            </data>
        </str-tunarray-element>
        <str-tunarray-element str-tunarray-key="82">
            <data>
                <type>9</type>
                <duration>0.0</duration>
                <idx>65535</idx>
                <indexes/>
            </data>
        </str-tunarray-element>
        <str-tunarray-element str-tunarray-key="84">
            <data>
                <type>9</type>
                <duration>0.0</duration>
                <idx>65535</idx>
                <indexes/>
            </data>
        </str-tunarray-element>
        <str-tunarray-element str-tunarray-key="85">
            <data>
                <type>9</type>
                <duration>0.0</duration>
                <idx>65535</idx>
                <indexes/>
            </data>
        </str-tunarray-element>
        <str-tunarray-element str-tunarray-key="86">
            <data>
                <type>1</type>
                <duration>0.0</duration>
                <idx>65535</idx>
                <indexes>
                    <str-tunarray-element>7</str-tunarray-element>
                </indexes>
            </data>
        </str-tunarray-element>
        <str-tunarray-element str-tunarray-key="87">
            <data>
                <type>2</type>
                <duration>0.0</duration>
                <idx>65535</idx>
                <indexes>
                    <str-tunarray-element>43</str-tunarray-element>
                </indexes>
            </data>
        </str-tunarray-element>
        <str-tunarray-element str-tunarray-key="88">
            <data>
                <type>2</type>
                <duration>0.0</duration>
                <idx>65535</idx>
                <indexes>
                    <str-tunarray-element>44</str-tunarray-element>
                </indexes>
            </data>
        </str-tunarray-element>
        <str-tunarray-element str-tunarray-key="89">
            <data>
                <type>2</type>
                <duration>0.0</duration>
                <idx>65535</idx>
                <indexes>
                    <str-tunarray-element>45</str-tunarray-element>
                </indexes>
            </data>
        </str-tunarray-element>
        <str-tunarray-element str-tunarray-key="90">
            <data>
                <type>11</type>
                <duration>0.0</duration>
                <idx>65535</idx>
                <indexes>
                    <str-tunarray-element>0</str-tunarray-element>
                </indexes>
            </data>
        </str-tunarray-element>
    </data>
</entry-events>
