<entry-accecal>
    <id>248</id>
    <filename>accecal.bin</filename>
    <version>
        <major>5</major>
        <minor>38</minor>
        <revision>21</revision>
    </version>
    <data>
        <c0>
            <x>
                <bias>0.0</bias>
                <scale-factor>0.0</scale-factor>
                <variance>0.0</variance>
            </x>
            <y>
                <bias>0.0</bias>
                <scale-factor>0.0</scale-factor>
                <variance>0.0</variance>
            </y>
            <z>
                <bias>39.2266</bias>
                <scale-factor>0.0</scale-factor>
                <variance>0.0</variance>
            </z>
        </c0>
        <c1>
            <x>
                <bias>0.0</bias>
                <scale-factor>0.0</scale-factor>
                <variance>0.0</variance>
            </x>
            <y>
                <bias>0.0</bias>
                <scale-factor>0.0</scale-factor>
                <variance>0.0</variance>
            </y>
            <z>
                <bias>39.2266</bias>
                <scale-factor>0.0</scale-factor>
                <variance>0.0</variance>
            </z>
        </c1>
        <c2>
            <x>
                <bias>0.0</bias>
                <scale-factor>0.0</scale-factor>
                <variance>0.0</variance>
            </x>
            <y>
                <bias>0.0</bias>
                <scale-factor>0.0</scale-factor>
                <variance>0.0</variance>
            </y>
            <z>
                <bias>9.80665</bias>
                <scale-factor>0.0</scale-factor>
                <variance>0.0</variance>
            </z>
        </c2>
        <c3>
            <x>
                <bias>0.0</bias>
                <scale-factor>0.0</scale-factor>
                <variance>0.0</variance>
            </x>
            <y>
                <bias>0.0</bias>
                <scale-factor>0.0</scale-factor>
                <variance>0.0</variance>
            </y>
            <z>
                <bias>9.80665</bias>
                <scale-factor>0.0</scale-factor>
                <variance>0.0</variance>
            </z>
        </c3>
        <c4>
            <x>
                <bias>0.5058242</bias>
                <scale-factor>0.0</scale-factor>
                <variance>0.0</variance>
            </x>
            <y>
                <bias>0.33704427</bias>
                <scale-factor>0.0</scale-factor>
                <variance>0.0</variance>
            </y>
            <z>
                <bias>0.009290695</bias>
                <scale-factor>0.0</scale-factor>
                <variance>0.0</variance>
            </z>
        </c4>
        <c5>
            <x>
                <bias>0.44273603</bias>
                <scale-factor>0.0</scale-factor>
                <variance>0.0</variance>
            </x>
            <y>
                <bias>0.21454239</bias>
                <scale-factor>0.0</scale-factor>
                <variance>0.0</variance>
            </y>
            <z>
                <bias>-0.10307913</bias>
                <scale-factor>0.0</scale-factor>
                <variance>0.0</variance>
            </z>
        </c5>
        <c6>
            <x>
                <bias>0.0</bias>
                <scale-factor>0.0</scale-factor>
                <variance>0.0</variance>
            </x>
            <y>
                <bias>0.0</bias>
                <scale-factor>0.0</scale-factor>
                <variance>0.0</variance>
            </y>
            <z>
                <bias>0.0</bias>
                <scale-factor>0.0</scale-factor>
                <variance>0.0</variance>
            </z>
        </c6>
    </data>
</entry-accecal>
