<entry-gyrocal>
    <id>249</id>
    <filename>gyrocal.bin</filename>
    <version>
        <major>5</major>
        <minor>38</minor>
        <revision>21</revision>
    </version>
    <data>
        <c0>
            <x>
                <bias>0.0</bias>
                <scale-factor>0.0</scale-factor>
                <variance>0.0</variance>
            </x>
            <y>
                <bias>0.0</bias>
                <scale-factor>0.0</scale-factor>
                <variance>0.0</variance>
            </y>
            <z>
                <bias>0.0</bias>
                <scale-factor>0.0</scale-factor>
                <variance>0.0</variance>
            </z>
        </c0>
        <c1>
            <x>
                <bias>0.0</bias>
                <scale-factor>0.0</scale-factor>
                <variance>0.0</variance>
            </x>
            <y>
                <bias>0.0</bias>
                <scale-factor>0.0</scale-factor>
                <variance>0.0</variance>
            </y>
            <z>
                <bias>0.0</bias>
                <scale-factor>0.0</scale-factor>
                <variance>0.0</variance>
            </z>
        </c1>
        <c2>
            <x>
                <bias>0.0</bias>
                <scale-factor>0.0</scale-factor>
                <variance>0.0</variance>
            </x>
            <y>
                <bias>0.0</bias>
                <scale-factor>0.0</scale-factor>
                <variance>0.0</variance>
            </y>
            <z>
                <bias>0.0</bias>
                <scale-factor>0.0</scale-factor>
                <variance>0.0</variance>
            </z>
        </c2>
        <c3>
            <x>
                <bias>0.0</bias>
                <scale-factor>0.0</scale-factor>
                <variance>0.0</variance>
            </x>
            <y>
                <bias>0.0</bias>
                <scale-factor>0.0</scale-factor>
                <variance>0.0</variance>
            </y>
            <z>
                <bias>0.0</bias>
                <scale-factor>0.0</scale-factor>
                <variance>0.0</variance>
            </z>
        </c3>
        <c4>
            <x>
                <bias>0.018584989</bias>
                <scale-factor>0.0</scale-factor>
                <variance>0.0</variance>
            </x>
            <y>
                <bias>-0.030325023</bias>
                <scale-factor>0.0</scale-factor>
                <variance>0.0</variance>
            </y>
            <z>
                <bias>-0.027829552</bias>
                <scale-factor>0.0</scale-factor>
                <variance>0.0</variance>
            </z>
        </c4>
        <c5>
            <x>
                <bias>-0.021365361</bias>
                <scale-factor>0.0</scale-factor>
                <variance>0.0</variance>
            </x>
            <y>
                <bias>-0.08223846</bias>
                <scale-factor>0.0</scale-factor>
                <variance>0.0</variance>
            </y>
            <z>
                <bias>-0.03290783</bias>
                <scale-factor>0.0</scale-factor>
                <variance>0.0</variance>
            </z>
        </c5>
        <c6>
            <x>
                <bias>0.0</bias>
                <scale-factor>0.0</scale-factor>
                <variance>0.0</variance>
            </x>
            <y>
                <bias>0.0</bias>
                <scale-factor>0.0</scale-factor>
                <variance>0.0</variance>
            </y>
            <z>
                <bias>0.0</bias>
                <scale-factor>0.0</scale-factor>
                <variance>0.0</variance>
            </z>
        </c6>
    </data>
</entry-gyrocal>
