<entry-troute>
    <id>67</id>
    <filename>troute.bin</filename>
    <version>
        <major>5</major>
        <minor>38</minor>
        <revision>21</revision>
    </version>
    <data>
        <first>0</first>
        <points>
            <str-tunarray-element str-tunarray-key="1">
                <data>
                    <p1>45074</p1>
                </data>
            </str-tunarray-element>
            <str-tunarray-element str-tunarray-key="2">
                <data>
                    <p1>45076</p1>
                </data>
            </str-tunarray-element>
        </points>
        <lines>
            <str-tunarray-element str-tunarray-key="0">
                <data>
                    <p0>45064</p0>
                    <p1>45057</p1>
                </data>
            </str-tunarray-element>
            <str-tunarray-element str-tunarray-key="1">
                <data>
                    <p0>45066</p0>
                    <p1>45056</p1>
                </data>
            </str-tunarray-element>
            <str-tunarray-element str-tunarray-key="2">
                <data>
                    <p0>45070</p0>
                    <p1>45059</p1>
                </data>
            </str-tunarray-element>
            <str-tunarray-element str-tunarray-key="3">
                <data>
                    <p0>45075</p0>
                    <p1>45064</p1>
                </data>
            </str-tunarray-element>
            <str-tunarray-element str-tunarray-key="8">
                <data>
                    <p0>45073</p0>
                    <p1>45070</p1>
                </data>
            </str-tunarray-element>
        </lines>
        <orthodromes/>
        <arcs>
            <str-tunarray-element str-tunarray-key="1">
                <data>
                    <f0>45057</f0>
                    <f1>45073</f1>
                    <rk>
                        <x>8.905939</x>
                        <y>7.364432</y>
                    </rk>
                    <nturns>0</nturns>
                </data>
            </str-tunarray-element>
            <str-tunarray-element str-tunarray-key="2">
                <data>
                    <f0>45056</f0>
                    <f1>45075</f1>
                    <rk>
                        <x>9.645129</x>
                        <y>8.183115</y>
                    </rk>
                    <nturns>0</nturns>
                </data>
            </str-tunarray-element>
        </arcs>
        <ellipses>
            <str-tunarray-element str-tunarray-key="0">
                <data>
                    <f>45064</f>
                    <turn>2</turn>
                    <rotation>-3.0583282</rotation>
                    <a>103.16052</a>
                    <b>101.71144</b>
                </data>
            </str-tunarray-element>
            <str-tunarray-element str-tunarray-key="1">
                <data>
                    <f>45059</f>
                    <turn>2</turn>
                    <rotation>3.1369207</rotation>
                    <a>201.05171</a>
                    <b>201.49106</b>
                </data>
            </str-tunarray-element>
        </ellipses>
        <roses/>
        <patches>
            <str-tunarray-element str-tunarray-key="0">
                <data>
                    <next>12</next>
                    <type>1</type>
                    <elem>0</elem>
                </data>
            </str-tunarray-element>
            <str-tunarray-element str-tunarray-key="1">
                <data>
                    <next>65535</next>
                    <type>0</type>
                    <elem>1</elem>
                </data>
            </str-tunarray-element>
            <str-tunarray-element str-tunarray-key="2">
                <data>
                    <next>16</next>
                    <type>1</type>
                    <elem>2</elem>
                </data>
            </str-tunarray-element>
            <str-tunarray-element str-tunarray-key="3">
                <data>
                    <next>4</next>
                    <type>1</type>
                    <elem>3</elem>
                </data>
            </str-tunarray-element>
            <str-tunarray-element str-tunarray-key="4">
                <data>
                    <next>0</next>
                    <type>4</type>
                    <elem>0</elem>
                </data>
            </str-tunarray-element>
            <str-tunarray-element str-tunarray-key="7">
                <data>
                    <next>14</next>
                    <type>1</type>
                    <elem>1</elem>
                </data>
            </str-tunarray-element>
            <str-tunarray-element str-tunarray-key="8">
                <data>
                    <next>65535</next>
                    <type>0</type>
                    <elem>2</elem>
                </data>
            </str-tunarray-element>
            <str-tunarray-element str-tunarray-key="12">
                <data>
                    <next>13</next>
                    <type>3</type>
                    <elem>1</elem>
                </data>
            </str-tunarray-element>
            <str-tunarray-element str-tunarray-key="13">
                <data>
                    <next>2</next>
                    <type>1</type>
                    <elem>8</elem>
                </data>
            </str-tunarray-element>
            <str-tunarray-element str-tunarray-key="14">
                <data>
                    <next>3</next>
                    <type>3</type>
                    <elem>2</elem>
                </data>
            </str-tunarray-element>
            <str-tunarray-element str-tunarray-key="16">
                <data>
                    <next>65535</next>
                    <type>4</type>
                    <elem>1</elem>
                </data>
            </str-tunarray-element>
        </patches>
    </data>
</entry-troute>
