<entry-actions>
    <id>83</id>
    <filename>actions.bin</filename>
    <version>
        <major>5</major>
        <minor>38</minor>
        <revision>21</revision>
    </version>
    <data>
        <action-array>
            <str-tunarray-element str-tunarray-key="0">
                <data>
                    <acset-phase>
                        <type>0</type>
                        <idCfg>222</idCfg>
                        <str>
                            <phase-cmd>0</phase-cmd>
                        </str>
                    </acset-phase>
                </data>
            </str-tunarray-element>
            <str-tunarray-element str-tunarray-key="1">
                <data>
                    <acset-var>
                        <type>0</type>
                        <idCfg>235</idCfg>
                        <str>
                            <var>
                                <vrset>
                                    <type>0</type>
                                    <destination>
                                        <vref-var>
                                            <type>2</type>
                                            <id>1200</id>
                                        </vref-var>
                                    </destination>
                                    <source>
                                        <vref-kval>
                                            <type>65534</type>
                                            <kval>1.0</kval>
                                        </vref-kval>
                                    </source>
                                </vrset>
                            </var>
                        </str>
                    </acset-var>
                </data>
            </str-tunarray-element>
            <str-tunarray-element str-tunarray-key="2">
                <data>
                    <acset-phase>
                        <type>0</type>
                        <idCfg>222</idCfg>
                        <str>
                            <phase-cmd>2</phase-cmd>
                        </str>
                    </acset-phase>
                </data>
            </str-tunarray-element>
            <str-tunarray-element str-tunarray-key="3">
                <data>
                    <acset-phase>
                        <type>0</type>
                        <idCfg>222</idCfg>
                        <str>
                            <phase-cmd>5</phase-cmd>
                        </str>
                    </acset-phase>
                </data>
            </str-tunarray-element>
            <str-tunarray-element str-tunarray-key="4">
                <data>
                    <acset-phase>
                        <type>0</type>
                        <idCfg>222</idCfg>
                        <str>
                            <phase-cmd>3</phase-cmd>
                        </str>
                    </acset-phase>
                </data>
            </str-tunarray-element>
            <str-tunarray-element str-tunarray-key="5">
                <data>
                    <acset-var>
                        <type>0</type>
                        <idCfg>235</idCfg>
                        <str>
                            <var>
                                <vrset>
                                    <type>0</type>
                                    <destination>
                                        <vref-var>
                                            <type>2</type>
                                            <id>1200</id>
                                        </vref-var>
                                    </destination>
                                    <source>
                                        <vref-kval>
                                            <type>65534</type>
                                            <kval>0.0</kval>
                                        </vref-kval>
                                    </source>
                                </vrset>
                            </var>
                        </str>
                    </acset-var>
                </data>
            </str-tunarray-element>
            <str-tunarray-element str-tunarray-key="6">
                <data>
                    <acset-phase>
                        <type>0</type>
                        <idCfg>222</idCfg>
                        <str>
                            <phase-cmd>1</phase-cmd>
                        </str>
                    </acset-phase>
                </data>
            </str-tunarray-element>
            <str-tunarray-element str-tunarray-key="7">
                <data>
                    <acset-var>
                        <type>0</type>
                        <idCfg>235</idCfg>
                        <str>
                            <var>
                                <vrset>
                                    <type>0</type>
                                    <destination>
                                        <vref-var>
                                            <type>2</type>
                                            <id>1201</id>
                                        </vref-var>
                                    </destination>
                                    <source>
                                        <vref-kval>
                                            <type>65534</type>
                                            <kval>1.0</kval>
                                        </vref-kval>
                                    </source>
                                </vrset>
                            </var>
                        </str>
                    </acset-var>
                </data>
            </str-tunarray-element>
            <str-tunarray-element str-tunarray-key="8">
                <data>
                    <acset-var>
                        <type>0</type>
                        <idCfg>235</idCfg>
                        <str>
                            <var>
                                <vrset>
                                    <type>0</type>
                                    <destination>
                                        <vref-var>
                                            <type>2</type>
                                            <id>1201</id>
                                        </vref-var>
                                    </destination>
                                    <source>
                                        <vref-kval>
                                            <type>65534</type>
                                            <kval>0.0</kval>
                                        </vref-kval>
                                    </source>
                                </vrset>
                            </var>
                        </str>
                    </acset-var>
                </data>
            </str-tunarray-element>
            <str-tunarray-element str-tunarray-key="9">
                <data>
                    <acset-mode>
                        <type>0</type>
                        <idCfg>220</idCfg>
                        <str>
                            <mode>0</mode>
                        </str>
                    </acset-mode>
                </data>
            </str-tunarray-element>
            <str-tunarray-element str-tunarray-key="11">
                <data>
                    <acset-mode>
                        <type>0</type>
                        <idCfg>220</idCfg>
                        <str>
                            <mode>1</mode>
                        </str>
                    </acset-mode>
                </data>
            </str-tunarray-element>
            <str-tunarray-element str-tunarray-key="12">
                <data>
                    <acset-arctrim>
                        <type>0</type>
                        <idCfg>211</idCfg>
                        <str>
                            <arctrim>
                                <update>1</update>
                                <save>1</save>
                            </arctrim>
                        </str>
                    </acset-arctrim>
                </data>
            </str-tunarray-element>
            <str-tunarray-element str-tunarray-key="13">
                <data>
                    <acset-phase>
                        <type>0</type>
                        <idCfg>222</idCfg>
                        <str>
                            <phase-cmd>7</phase-cmd>
                        </str>
                    </acset-phase>
                </data>
            </str-tunarray-element>
            <str-tunarray-element str-tunarray-key="14">
                <data>
                    <acset-phase>
                        <type>0</type>
                        <idCfg>222</idCfg>
                        <str>
                            <phase-cmd>9</phase-cmd>
                        </str>
                    </acset-phase>
                </data>
            </str-tunarray-element>
            <str-tunarray-element str-tunarray-key="15">
                <data>
                    <acset-phase>
                        <type>0</type>
                        <idCfg>222</idCfg>
                        <str>
                            <phase-cmd>8</phase-cmd>
                        </str>
                    </acset-phase>
                </data>
            </str-tunarray-element>
            <str-tunarray-element str-tunarray-key="16">
                <data>
                    <acset-phase>
                        <type>0</type>
                        <idCfg>222</idCfg>
                        <str>
                            <phase-cmd>10</phase-cmd>
                        </str>
                    </acset-phase>
                </data>
            </str-tunarray-element>
            <str-tunarray-element str-tunarray-key="17">
                <data>
                    <acset-phase>
                        <type>0</type>
                        <idCfg>222</idCfg>
                        <str>
                            <phase-cmd>11</phase-cmd>
                        </str>
                    </acset-phase>
                </data>
            </str-tunarray-element>
            <str-tunarray-element str-tunarray-key="18">
                <data>
                    <acset-phase>
                        <type>0</type>
                        <idCfg>222</idCfg>
                        <str>
                            <phase-cmd>4</phase-cmd>
                        </str>
                    </acset-phase>
                </data>
            </str-tunarray-element>
            <str-tunarray-element str-tunarray-key="19">
                <data>
                    <acset-mode>
                        <type>0</type>
                        <idCfg>220</idCfg>
                        <str>
                            <mode>3</mode>
                        </str>
                    </acset-mode>
                </data>
            </str-tunarray-element>
            <str-tunarray-element str-tunarray-key="20">
                <data>
                    <acset-mode>
                        <type>0</type>
                        <idCfg>220</idCfg>
                        <str>
                            <mode>0</mode>
                        </str>
                    </acset-mode>
                </data>
            </str-tunarray-element>
            <str-tunarray-element str-tunarray-key="24">
                <data>
                    <acset-envelope>
                        <type>0</type>
                        <idCfg>186</idCfg>
                        <str>
                            <value-envelope>1</value-envelope>
                        </str>
                    </acset-envelope>
                </data>
            </str-tunarray-element>
            <str-tunarray-element str-tunarray-key="25">
                <data>
                    <acset-envelope>
                        <type>0</type>
                        <idCfg>186</idCfg>
                        <str>
                            <value-envelope>0</value-envelope>
                        </str>
                    </acset-envelope>
                </data>
            </str-tunarray-element>
            <str-tunarray-element str-tunarray-key="26">
                <data>
                    <acset-envelope>
                        <type>0</type>
                        <idCfg>186</idCfg>
                        <str>
                            <value-envelope>2</value-envelope>
                        </str>
                    </acset-envelope>
                </data>
            </str-tunarray-element>
            <str-tunarray-element str-tunarray-key="27">
                <data>
                    <acset-phase>
                        <type>0</type>
                        <idCfg>222</idCfg>
                        <str>
                            <phase-cmd>13</phase-cmd>
                        </str>
                    </acset-phase>
                </data>
            </str-tunarray-element>
            <str-tunarray-element str-tunarray-key="30">
                <data>
                    <acset-fmem>
                        <type>0</type>
                        <idCfg>189</idCfg>
                        <str>
                            <fmem>
                                <mem-idx>0</mem-idx>
                                <value>
                                    <ref-kval>
                                        <type>65534</type>
                                        <kval>
                                            <wrt-choice>
                                                <wrt-choice-rel>
                                                    <wrt>8192</wrt>
                                                    <rn>
                                                        <x>0.0</x>
                                                        <y>0.0</y>
                                                        <z>-5.0</z>
                                                    </rn>
                                                </wrt-choice-rel>
                                            </wrt-choice>
                                        </kval>
                                    </ref-kval>
                                </value>
                                <respect-wrt>0</respect-wrt>
                                <wrt>65535</wrt>
                            </fmem>
                        </str>
                    </acset-fmem>
                </data>
            </str-tunarray-element>
            <str-tunarray-element str-tunarray-key="31">
                <data>
                    <acset-phase>
                        <type>0</type>
                        <idCfg>222</idCfg>
                        <str>
                            <phase-cmd>14</phase-cmd>
                        </str>
                    </acset-phase>
                </data>
            </str-tunarray-element>
            <str-tunarray-element str-tunarray-key="32">
                <data>
                    <acset-phase>
                        <type>0</type>
                        <idCfg>222</idCfg>
                        <str>
                            <phase-cmd>7</phase-cmd>
                        </str>
                    </acset-phase>
                </data>
            </str-tunarray-element>
        </action-array>
    </data>
</entry-actions>
