<entry-events>
    <id>82</id>
    <filename>events.bin</filename>
    <version>
        <major>5</major>
        <minor>38</minor>
        <revision>21</revision>
    </version>
    <data>
        <str-tunarray-element str-tunarray-key="0">
            <data>
                <type>9</type>
                <duration>0.0</duration>
                <idx>0</idx>
                <indexes/>
            </data>
        </str-tunarray-element>
        <str-tunarray-element str-tunarray-key="1">
            <data>
                <type>1</type>
                <duration>0.0</duration>
                <idx>0</idx>
                <indexes>
                    <str-tunarray-element>5</str-tunarray-element>
                    <str-tunarray-element>2</str-tunarray-element>
                </indexes>
            </data>
        </str-tunarray-element>
        <str-tunarray-element str-tunarray-key="2">
            <data>
                <type>9</type>
                <duration>0.0</duration>
                <idx>0</idx>
                <indexes/>
            </data>
        </str-tunarray-element>
        <str-tunarray-element str-tunarray-key="3">
            <data>
                <type>9</type>
                <duration>0.0</duration>
                <idx>0</idx>
                <indexes/>
            </data>
        </str-tunarray-element>
        <str-tunarray-element str-tunarray-key="4">
            <data>
                <type>9</type>
                <duration>0.0</duration>
                <idx>0</idx>
                <indexes/>
            </data>
        </str-tunarray-element>
        <str-tunarray-element str-tunarray-key="5">
            <data>
                <type>2</type>
                <duration>0.0</duration>
                <idx>65535</idx>
                <indexes>
                    <str-tunarray-element>3</str-tunarray-element>
                </indexes>
            </data>
        </str-tunarray-element>
        <str-tunarray-element str-tunarray-key="6">
            <data>
                <type>9</type>
                <duration>0.0</duration>
                <idx>0</idx>
                <indexes/>
            </data>
        </str-tunarray-element>
        <str-tunarray-element str-tunarray-key="7">
            <data>
                <type>2</type>
                <duration>1.0</duration>
                <idx>65535</idx>
                <indexes>
                    <str-tunarray-element>9</str-tunarray-element>
                </indexes>
            </data>
        </str-tunarray-element>
        <str-tunarray-element str-tunarray-key="8">
            <data>
                <type>1</type>
                <duration>0.0</duration>
                <idx>65535</idx>
                <indexes>
                    <str-tunarray-element>0</str-tunarray-element>
                    <str-tunarray-element>1</str-tunarray-element>
                    <str-tunarray-element>2</str-tunarray-element>
                    <str-tunarray-element>3</str-tunarray-element>
                    <str-tunarray-element>4</str-tunarray-element>
                    <str-tunarray-element>5</str-tunarray-element>
                    <str-tunarray-element>7</str-tunarray-element>
                    <str-tunarray-element>8</str-tunarray-element>
                    <str-tunarray-element>9</str-tunarray-element>
                    <str-tunarray-element>10</str-tunarray-element>
                    <str-tunarray-element>11</str-tunarray-element>
                    <str-tunarray-element>13</str-tunarray-element>
                    <str-tunarray-element>14</str-tunarray-element>
                </indexes>
            </data>
        </str-tunarray-element>
        <str-tunarray-element str-tunarray-key="9">
            <data>
                <type>1</type>
                <duration>0.0</duration>
                <idx>0</idx>
                <indexes>
                    <str-tunarray-element>1</str-tunarray-element>
                    <str-tunarray-element>3</str-tunarray-element>
                    <str-tunarray-element>5</str-tunarray-element>
                    <str-tunarray-element>14</str-tunarray-element>
                    <str-tunarray-element>4</str-tunarray-element>
                    <str-tunarray-element>11</str-tunarray-element>
                </indexes>
            </data>
        </str-tunarray-element>
        <str-tunarray-element str-tunarray-key="10">
            <data>
                <type>1</type>
                <duration>0.0</duration>
                <idx>0</idx>
                <indexes>
                    <str-tunarray-element>2</str-tunarray-element>
                </indexes>
            </data>
        </str-tunarray-element>
        <str-tunarray-element str-tunarray-key="11">
            <data>
                <type>1</type>
                <duration>0.0</duration>
                <idx>0</idx>
                <indexes>
                    <str-tunarray-element>5</str-tunarray-element>
                    <str-tunarray-element>2</str-tunarray-element>
                </indexes>
            </data>
        </str-tunarray-element>
        <str-tunarray-element str-tunarray-key="12">
            <data>
                <type>1</type>
                <duration>0.0</duration>
                <idx>65535</idx>
                <indexes>
                    <str-tunarray-element>20</str-tunarray-element>
                    <str-tunarray-element>10</str-tunarray-element>
                    <str-tunarray-element>0</str-tunarray-element>
                </indexes>
            </data>
        </str-tunarray-element>
        <str-tunarray-element str-tunarray-key="13">
            <data>
                <type>1</type>
                <duration>0.0</duration>
                <idx>0</idx>
                <indexes>
                    <str-tunarray-element>5</str-tunarray-element>
                    <str-tunarray-element>2</str-tunarray-element>
                </indexes>
            </data>
        </str-tunarray-element>
        <str-tunarray-element str-tunarray-key="14">
            <data>
                <type>1</type>
                <duration>2.0</duration>
                <idx>65535</idx>
                <indexes>
                    <str-tunarray-element>5</str-tunarray-element>
                </indexes>
            </data>
        </str-tunarray-element>
        <str-tunarray-element str-tunarray-key="15">
            <data>
                <type>2</type>
                <duration>5.0</duration>
                <idx>0</idx>
                <indexes>
                    <str-tunarray-element>20</str-tunarray-element>
                </indexes>
            </data>
        </str-tunarray-element>
        <str-tunarray-element str-tunarray-key="16">
            <data>
                <type>2</type>
                <duration>5.0</duration>
                <idx>0</idx>
                <indexes>
                    <str-tunarray-element>21</str-tunarray-element>
                </indexes>
            </data>
        </str-tunarray-element>
        <str-tunarray-element str-tunarray-key="18">
            <data>
                <type>5</type>
                <duration>0.0</duration>
                <idx>0</idx>
                <indexes>
                    <str-tunarray-element>100</str-tunarray-element>
                </indexes>
            </data>
        </str-tunarray-element>
        <str-tunarray-element str-tunarray-key="19">
            <data>
                <type>1</type>
                <duration>0.0</duration>
                <idx>0</idx>
                <indexes>
                    <str-tunarray-element>9</str-tunarray-element>
                    <str-tunarray-element>8</str-tunarray-element>
                    <str-tunarray-element>7</str-tunarray-element>
                    <str-tunarray-element>13</str-tunarray-element>
                </indexes>
            </data>
        </str-tunarray-element>
        <str-tunarray-element str-tunarray-key="20">
            <data>
                <type>5</type>
                <duration>3.0</duration>
                <idx>0</idx>
                <indexes>
                    <str-tunarray-element>110</str-tunarray-element>
                </indexes>
            </data>
        </str-tunarray-element>
        <str-tunarray-element str-tunarray-key="21">
            <data>
                <type>3</type>
                <duration>0.0</duration>
                <idx>0</idx>
                <indexes>
                    <str-tunarray-element>0</str-tunarray-element>
                </indexes>
            </data>
        </str-tunarray-element>
        <str-tunarray-element str-tunarray-key="22">
            <data>
                <type>2</type>
                <duration>0.0</duration>
                <idx>0</idx>
                <indexes>
                    <str-tunarray-element>1</str-tunarray-element>
                    <str-tunarray-element>12</str-tunarray-element>
                </indexes>
            </data>
        </str-tunarray-element>
        <str-tunarray-element str-tunarray-key="24">
            <data>
                <type>2</type>
                <duration>2.0</duration>
                <idx>65535</idx>
                <indexes>
                    <str-tunarray-element>2</str-tunarray-element>
                    <str-tunarray-element>14</str-tunarray-element>
                </indexes>
            </data>
        </str-tunarray-element>
        <str-tunarray-element str-tunarray-key="25">
            <data>
                <type>9</type>
                <duration>0.0</duration>
                <idx>0</idx>
                <indexes/>
            </data>
        </str-tunarray-element>
        <str-tunarray-element str-tunarray-key="26">
            <data>
                <type>2</type>
                <duration>2.0</duration>
                <idx>65535</idx>
                <indexes>
                    <str-tunarray-element>18</str-tunarray-element>
                    <str-tunarray-element>19</str-tunarray-element>
                </indexes>
            </data>
        </str-tunarray-element>
        <str-tunarray-element str-tunarray-key="27">
            <data>
                <type>9</type>
                <duration>0.0</duration>
                <idx>0</idx>
                <indexes/>
            </data>
        </str-tunarray-element>
        <str-tunarray-element str-tunarray-key="28">
            <data>
                <type>1</type>
                <duration>0.0</duration>
                <idx>0</idx>
                <indexes>
                    <str-tunarray-element>8</str-tunarray-element>
                    <str-tunarray-element>9</str-tunarray-element>
                    <str-tunarray-element>13</str-tunarray-element>
                </indexes>
            </data>
        </str-tunarray-element>
        <str-tunarray-element str-tunarray-key="29">
            <data>
                <type>9</type>
                <duration>0.0</duration>
                <idx>0</idx>
                <indexes/>
            </data>
        </str-tunarray-element>
        <str-tunarray-element str-tunarray-key="30">
            <data>
                <type>1</type>
                <duration>0.0</duration>
                <idx>0</idx>
                <indexes>
                    <str-tunarray-element>7</str-tunarray-element>
                    <str-tunarray-element>8</str-tunarray-element>
                    <str-tunarray-element>13</str-tunarray-element>
                </indexes>
            </data>
        </str-tunarray-element>
        <str-tunarray-element str-tunarray-key="31">
            <data>
                <type>9</type>
                <duration>0.0</duration>
                <idx>0</idx>
                <indexes/>
            </data>
        </str-tunarray-element>
        <str-tunarray-element str-tunarray-key="32">
            <data>
                <type>1</type>
                <duration>0.0</duration>
                <idx>0</idx>
                <indexes>
                    <str-tunarray-element>7</str-tunarray-element>
                    <str-tunarray-element>13</str-tunarray-element>
                    <str-tunarray-element>9</str-tunarray-element>
                </indexes>
            </data>
        </str-tunarray-element>
        <str-tunarray-element str-tunarray-key="33">
            <data>
                <type>9</type>
                <duration>0.0</duration>
                <idx>0</idx>
                <indexes/>
            </data>
        </str-tunarray-element>
        <str-tunarray-element str-tunarray-key="34">
            <data>
                <type>1</type>
                <duration>0.0</duration>
                <idx>0</idx>
                <indexes>
                    <str-tunarray-element>0</str-tunarray-element>
                </indexes>
            </data>
        </str-tunarray-element>
        <str-tunarray-element str-tunarray-key="35">
            <data>
                <type>9</type>
                <duration>0.0</duration>
                <idx>0</idx>
                <indexes/>
            </data>
        </str-tunarray-element>
        <str-tunarray-element str-tunarray-key="36">
            <data>
                <type>1</type>
                <duration>0.0</duration>
                <idx>0</idx>
                <indexes>
                    <str-tunarray-element>5</str-tunarray-element>
                    <str-tunarray-element>2</str-tunarray-element>
                </indexes>
            </data>
        </str-tunarray-element>
        <str-tunarray-element str-tunarray-key="37">
            <data>
                <type>9</type>
                <duration>0.0</duration>
                <idx>0</idx>
                <indexes/>
            </data>
        </str-tunarray-element>
        <str-tunarray-element str-tunarray-key="38">
            <data>
                <type>1</type>
                <duration>0.0</duration>
                <idx>0</idx>
                <indexes>
                    <str-tunarray-element>13</str-tunarray-element>
                </indexes>
            </data>
        </str-tunarray-element>
        <str-tunarray-element str-tunarray-key="39">
            <data>
                <type>4</type>
                <duration>0.0</duration>
                <idx>65535</idx>
                <indexes>
                    <str-tunarray-element>1201</str-tunarray-element>
                </indexes>
            </data>
        </str-tunarray-element>
        <str-tunarray-element str-tunarray-key="40">
            <data>
                <type>4</type>
                <duration>0.0</duration>
                <idx>65535</idx>
                <indexes>
                    <str-tunarray-element>1200</str-tunarray-element>
                </indexes>
            </data>
        </str-tunarray-element>
        <str-tunarray-element str-tunarray-key="41">
            <data>
                <type>1</type>
                <duration>0.0</duration>
                <idx>0</idx>
                <indexes>
                    <str-tunarray-element>1</str-tunarray-element>
                    <str-tunarray-element>2</str-tunarray-element>
                    <str-tunarray-element>3</str-tunarray-element>
                    <str-tunarray-element>4</str-tunarray-element>
                    <str-tunarray-element>5</str-tunarray-element>
                    <str-tunarray-element>7</str-tunarray-element>
                    <str-tunarray-element>8</str-tunarray-element>
                    <str-tunarray-element>9</str-tunarray-element>
                    <str-tunarray-element>11</str-tunarray-element>
                    <str-tunarray-element>13</str-tunarray-element>
                    <str-tunarray-element>14</str-tunarray-element>
                </indexes>
            </data>
        </str-tunarray-element>
        <str-tunarray-element str-tunarray-key="43">
            <data>
                <type>1</type>
                <duration>0.0</duration>
                <idx>0</idx>
                <indexes>
                    <str-tunarray-element>9</str-tunarray-element>
                    <str-tunarray-element>8</str-tunarray-element>
                    <str-tunarray-element>7</str-tunarray-element>
                    <str-tunarray-element>13</str-tunarray-element>
                </indexes>
            </data>
        </str-tunarray-element>
        <str-tunarray-element str-tunarray-key="44">
            <data>
                <type>1</type>
                <duration>1.0</duration>
                <idx>0</idx>
                <indexes>
                    <str-tunarray-element>4</str-tunarray-element>
                </indexes>
            </data>
        </str-tunarray-element>
        <str-tunarray-element str-tunarray-key="45">
            <data>
                <type>2</type>
                <duration>0.1</duration>
                <idx>0</idx>
                <indexes>
                    <str-tunarray-element>4</str-tunarray-element>
                </indexes>
            </data>
        </str-tunarray-element>
        <str-tunarray-element str-tunarray-key="46">
            <data>
                <type>3</type>
                <duration>1.0</duration>
                <idx>0</idx>
                <indexes>
                    <str-tunarray-element>5</str-tunarray-element>
                </indexes>
            </data>
        </str-tunarray-element>
        <str-tunarray-element str-tunarray-key="47">
            <data>
                <type>1</type>
                <duration>0.0</duration>
                <idx>0</idx>
                <indexes>
                    <str-tunarray-element>11</str-tunarray-element>
                </indexes>
            </data>
        </str-tunarray-element>
        <str-tunarray-element str-tunarray-key="48">
            <data>
                <type>1</type>
                <duration>0.0</duration>
                <idx>0</idx>
                <indexes>
                    <str-tunarray-element>8</str-tunarray-element>
                    <str-tunarray-element>9</str-tunarray-element>
                    <str-tunarray-element>7</str-tunarray-element>
                    <str-tunarray-element>13</str-tunarray-element>
                </indexes>
            </data>
        </str-tunarray-element>
        <str-tunarray-element str-tunarray-key="49">
            <data>
                <type>1</type>
                <duration>0.0</duration>
                <idx>0</idx>
                <indexes>
                    <str-tunarray-element>2</str-tunarray-element>
                    <str-tunarray-element>3</str-tunarray-element>
                    <str-tunarray-element>5</str-tunarray-element>
                    <str-tunarray-element>1</str-tunarray-element>
                    <str-tunarray-element>14</str-tunarray-element>
                </indexes>
            </data>
        </str-tunarray-element>
        <str-tunarray-element str-tunarray-key="50">
            <data>
                <type>1</type>
                <duration>0.0</duration>
                <idx>0</idx>
                <indexes>
                    <str-tunarray-element>11</str-tunarray-element>
                    <str-tunarray-element>4</str-tunarray-element>
                </indexes>
            </data>
        </str-tunarray-element>
        <str-tunarray-element str-tunarray-key="51">
            <data>
                <type>9</type>
                <duration>0.0</duration>
                <idx>0</idx>
                <indexes/>
            </data>
        </str-tunarray-element>
        <str-tunarray-element str-tunarray-key="52">
            <data>
                <type>1</type>
                <duration>0.0</duration>
                <idx>0</idx>
                <indexes>
                    <str-tunarray-element>8</str-tunarray-element>
                    <str-tunarray-element>9</str-tunarray-element>
                    <str-tunarray-element>7</str-tunarray-element>
                    <str-tunarray-element>11</str-tunarray-element>
                    <str-tunarray-element>4</str-tunarray-element>
                </indexes>
            </data>
        </str-tunarray-element>
        <str-tunarray-element str-tunarray-key="58">
            <data>
                <type>1</type>
                <duration>0.0</duration>
                <idx>0</idx>
                <indexes>
                    <str-tunarray-element>1</str-tunarray-element>
                </indexes>
            </data>
        </str-tunarray-element>
        <str-tunarray-element str-tunarray-key="59">
            <data>
                <type>3</type>
                <duration>0.0</duration>
                <idx>0</idx>
                <indexes>
                    <str-tunarray-element>6</str-tunarray-element>
                </indexes>
            </data>
        </str-tunarray-element>
        <str-tunarray-element str-tunarray-key="61">
            <data>
                <type>9</type>
                <duration>0.0</duration>
                <idx>65535</idx>
                <indexes/>
            </data>
        </str-tunarray-element>
        <str-tunarray-element str-tunarray-key="64">
            <data>
                <type>1</type>
                <duration>0.0</duration>
                <idx>65535</idx>
                <indexes>
                    <str-tunarray-element>8</str-tunarray-element>
                </indexes>
            </data>
        </str-tunarray-element>
        <str-tunarray-element str-tunarray-key="65">
            <data>
                <type>1</type>
                <duration>1.5</duration>
                <idx>65535</idx>
                <indexes>
                    <str-tunarray-element>14</str-tunarray-element>
                </indexes>
            </data>
        </str-tunarray-element>
        <str-tunarray-element str-tunarray-key="66">
            <data>
                <type>1</type>
                <duration>0.0</duration>
                <idx>65535</idx>
                <indexes>
                    <str-tunarray-element>9</str-tunarray-element>
                </indexes>
            </data>
        </str-tunarray-element>
        <str-tunarray-element str-tunarray-key="67">
            <data>
                <type>3</type>
                <duration>0.0</duration>
                <idx>65535</idx>
                <indexes>
                    <str-tunarray-element>7</str-tunarray-element>
                </indexes>
            </data>
        </str-tunarray-element>
        <str-tunarray-element str-tunarray-key="68">
            <data>
                <type>11</type>
                <duration>0.0</duration>
                <idx>8192</idx>
                <indexes>
                    <str-tunarray-element>1</str-tunarray-element>
                </indexes>
            </data>
        </str-tunarray-element>
        <str-tunarray-element str-tunarray-key="69">
            <data>
                <type>2</type>
                <duration>1.0</duration>
                <idx>65535</idx>
                <indexes>
                    <str-tunarray-element>8</str-tunarray-element>
                </indexes>
            </data>
        </str-tunarray-element>
        <str-tunarray-element str-tunarray-key="70">
            <data>
                <type>1</type>
                <duration>2.0</duration>
                <idx>65535</idx>
                <indexes>
                    <str-tunarray-element>3</str-tunarray-element>
                </indexes>
            </data>
        </str-tunarray-element>
        <str-tunarray-element str-tunarray-key="71">
            <data>
                <type>2</type>
                <duration>2.0</duration>
                <idx>65535</idx>
                <indexes>
                    <str-tunarray-element>10</str-tunarray-element>
                </indexes>
            </data>
        </str-tunarray-element>
        <str-tunarray-element str-tunarray-key="72">
            <data>
                <type>1</type>
                <duration>4.0</duration>
                <idx>65535</idx>
                <indexes>
                    <str-tunarray-element>10</str-tunarray-element>
                </indexes>
            </data>
        </str-tunarray-element>
        <str-tunarray-element str-tunarray-key="73">
            <data>
                <type>1</type>
                <duration>0.0</duration>
                <idx>65535</idx>
                <indexes>
                    <str-tunarray-element>10</str-tunarray-element>
                </indexes>
            </data>
        </str-tunarray-element>
        <str-tunarray-element str-tunarray-key="75">
            <data>
                <type>3</type>
                <duration>0.0</duration>
                <idx>65535</idx>
                <indexes>
                    <str-tunarray-element>11</str-tunarray-element>
                </indexes>
            </data>
        </str-tunarray-element>
        <str-tunarray-element str-tunarray-key="76">
            <data>
                <type>2</type>
                <duration>2.0</duration>
                <idx>65535</idx>
                <indexes>
                    <str-tunarray-element>13</str-tunarray-element>
                </indexes>
            </data>
        </str-tunarray-element>
        <str-tunarray-element str-tunarray-key="77">
            <data>
                <type>4</type>
                <duration>0.0</duration>
                <idx>65535</idx>
                <indexes>
                    <str-tunarray-element>110</str-tunarray-element>
                </indexes>
            </data>
        </str-tunarray-element>
        <str-tunarray-element str-tunarray-key="79">
            <data>
                <type>2</type>
                <duration>1.0</duration>
                <idx>65535</idx>
                <indexes>
                    <str-tunarray-element>15</str-tunarray-element>
                </indexes>
            </data>
        </str-tunarray-element>
        <str-tunarray-element str-tunarray-key="80">
            <data>
                <type>2</type>
                <duration>1.0</duration>
                <idx>65535</idx>
                <indexes>
                    <str-tunarray-element>16</str-tunarray-element>
                </indexes>
            </data>
        </str-tunarray-element>
        <str-tunarray-element str-tunarray-key="81">
            <data>
                <type>2</type>
                <duration>1.0</duration>
                <idx>65535</idx>
                <indexes>
                    <str-tunarray-element>17</str-tunarray-element>
                </indexes>
            </data>
        </str-tunarray-element>
        <str-tunarray-element str-tunarray-key="82">
            <data>
                <type>1</type>
                <duration>0.0</duration>
                <idx>65535</idx>
                <indexes>
                    <str-tunarray-element>2</str-tunarray-element>
                </indexes>
            </data>
        </str-tunarray-element>
    </data>
</entry-events>
