<entry-actuator>
    <id>26</id>
    <filename>actuator.bin</filename>
    <version>
        <major>5</major>
        <minor>38</minor>
        <revision>21</revision>
    </version>
    <data>
        <su>
            <rmat-column>
                <rmat-element>0.0</rmat-element>
                <rmat-element>0.0</rmat-element>
                <rmat-element>0.0</rmat-element>
                <rmat-element>1.0</rmat-element>
                <rmat-element>1.0</rmat-element>
                <rmat-element>0.0</rmat-element>
                <rmat-element>0.0</rmat-element>
                <rmat-element>0.0</rmat-element>
                <rmat-element>0.0</rmat-element>
            </rmat-column>
            <rmat-column>
                <rmat-element>1.0</rmat-element>
                <rmat-element>-1.0</rmat-element>
                <rmat-element>0.0</rmat-element>
                <rmat-element>0.0</rmat-element>
                <rmat-element>0.0</rmat-element>
                <rmat-element>0.0</rmat-element>
                <rmat-element>0.0</rmat-element>
                <rmat-element>0.0</rmat-element>
                <rmat-element>0.0</rmat-element>
            </rmat-column>
            <rmat-column>
                <rmat-element>0.0</rmat-element>
                <rmat-element>0.0</rmat-element>
                <rmat-element>0.0</rmat-element>
                <rmat-element>1.0</rmat-element>
                <rmat-element>-1.0</rmat-element>
                <rmat-element>0.0</rmat-element>
                <rmat-element>0.0</rmat-element>
                <rmat-element>0.0</rmat-element>
                <rmat-element>0.0</rmat-element>
            </rmat-column>
            <rmat-column>
                <rmat-element>0.0</rmat-element>
                <rmat-element>0.0</rmat-element>
                <rmat-element>0.0</rmat-element>
                <rmat-element>0.0</rmat-element>
                <rmat-element>0.0</rmat-element>
                <rmat-element>-0.35355338</rmat-element>
                <rmat-element>0.35355338</rmat-element>
                <rmat-element>0.35355338</rmat-element>
                <rmat-element>-0.35355338</rmat-element>
            </rmat-column>
            <rmat-column>
                <rmat-element>0.0</rmat-element>
                <rmat-element>0.0</rmat-element>
                <rmat-element>0.0</rmat-element>
                <rmat-element>0.0</rmat-element>
                <rmat-element>0.0</rmat-element>
                <rmat-element>1.0</rmat-element>
                <rmat-element>1.0</rmat-element>
                <rmat-element>1.0</rmat-element>
                <rmat-element>1.0</rmat-element>
            </rmat-column>
            <rmat-column>
                <rmat-element>0.0</rmat-element>
                <rmat-element>0.0</rmat-element>
                <rmat-element>0.0</rmat-element>
                <rmat-element>0.0</rmat-element>
                <rmat-element>0.0</rmat-element>
                <rmat-element>-0.35355338</rmat-element>
                <rmat-element>-0.35355338</rmat-element>
                <rmat-element>0.35355338</rmat-element>
                <rmat-element>0.35355338</rmat-element>
            </rmat-column>
            <rmat-column>
                <rmat-element>0.0</rmat-element>
                <rmat-element>0.0</rmat-element>
                <rmat-element>0.0</rmat-element>
                <rmat-element>0.0</rmat-element>
                <rmat-element>0.0</rmat-element>
                <rmat-element>0.25</rmat-element>
                <rmat-element>-0.25</rmat-element>
                <rmat-element>0.25</rmat-element>
                <rmat-element>-0.25</rmat-element>
            </rmat-column>
            <rmat-column>
                <rmat-element>0.0</rmat-element>
                <rmat-element>0.0</rmat-element>
                <rmat-element>1.0</rmat-element>
                <rmat-element>0.0</rmat-element>
                <rmat-element>0.0</rmat-element>
                <rmat-element>0.0</rmat-element>
                <rmat-element>0.0</rmat-element>
                <rmat-element>0.0</rmat-element>
                <rmat-element>0.0</rmat-element>
            </rmat-column>
        </su>
        <us>
            <rmat-column>
                <rmat-element>-0.0</rmat-element>
                <rmat-element>0.5</rmat-element>
                <rmat-element>-0.0</rmat-element>
                <rmat-element>-0.0</rmat-element>
                <rmat-element>2.7755576E-17</rmat-element>
                <rmat-element>1.9626155E-17</rmat-element>
                <rmat-element>1.110223E-16</rmat-element>
                <rmat-element>0.0</rmat-element>
            </rmat-column>
            <rmat-column>
                <rmat-element>-0.0</rmat-element>
                <rmat-element>-0.5</rmat-element>
                <rmat-element>-0.0</rmat-element>
                <rmat-element>-0.0</rmat-element>
                <rmat-element>-0.0</rmat-element>
                <rmat-element>0.0</rmat-element>
                <rmat-element>0.0</rmat-element>
                <rmat-element>0.0</rmat-element>
            </rmat-column>
            <rmat-column>
                <rmat-element>-0.0</rmat-element>
                <rmat-element>0.0</rmat-element>
                <rmat-element>-0.0</rmat-element>
                <rmat-element>-0.0</rmat-element>
                <rmat-element>-0.0</rmat-element>
                <rmat-element>0.0</rmat-element>
                <rmat-element>0.0</rmat-element>
                <rmat-element>1.0</rmat-element>
            </rmat-column>
            <rmat-column>
                <rmat-element>0.5</rmat-element>
                <rmat-element>-7.850462E-17</rmat-element>
                <rmat-element>0.5</rmat-element>
                <rmat-element>-0.0</rmat-element>
                <rmat-element>-0.0</rmat-element>
                <rmat-element>0.0</rmat-element>
                <rmat-element>-4.9303807E-32</rmat-element>
                <rmat-element>-1.9626156E-16</rmat-element>
            </rmat-column>
            <rmat-column>
                <rmat-element>0.5</rmat-element>
                <rmat-element>-7.850462E-17</rmat-element>
                <rmat-element>-0.5</rmat-element>
                <rmat-element>-0.0</rmat-element>
                <rmat-element>-0.0</rmat-element>
                <rmat-element>0.0</rmat-element>
                <rmat-element>1.2325952E-32</rmat-element>
                <rmat-element>1.9626156E-16</rmat-element>
            </rmat-column>
            <rmat-column>
                <rmat-element>-0.0</rmat-element>
                <rmat-element>0.0</rmat-element>
                <rmat-element>-0.0</rmat-element>
                <rmat-element>-0.70710677</rmat-element>
                <rmat-element>0.25</rmat-element>
                <rmat-element>-0.70710677</rmat-element>
                <rmat-element>1.0</rmat-element>
                <rmat-element>-1.9626155E-17</rmat-element>
            </rmat-column>
            <rmat-column>
                <rmat-element>-0.0</rmat-element>
                <rmat-element>0.0</rmat-element>
                <rmat-element>-0.0</rmat-element>
                <rmat-element>0.70710677</rmat-element>
                <rmat-element>0.25</rmat-element>
                <rmat-element>-0.70710677</rmat-element>
                <rmat-element>-1.0</rmat-element>
                <rmat-element>7.457939E-17</rmat-element>
            </rmat-column>
            <rmat-column>
                <rmat-element>-0.0</rmat-element>
                <rmat-element>0.0</rmat-element>
                <rmat-element>-0.0</rmat-element>
                <rmat-element>0.70710677</rmat-element>
                <rmat-element>0.25</rmat-element>
                <rmat-element>0.70710677</rmat-element>
                <rmat-element>1.0</rmat-element>
                <rmat-element>-7.457939E-17</rmat-element>
            </rmat-column>
            <rmat-column>
                <rmat-element>-0.0</rmat-element>
                <rmat-element>0.0</rmat-element>
                <rmat-element>-0.0</rmat-element>
                <rmat-element>-0.70710677</rmat-element>
                <rmat-element>0.25</rmat-element>
                <rmat-element>0.70710677</rmat-element>
                <rmat-element>-1.0</rmat-element>
                <rmat-element>1.9626155E-17</rmat-element>
            </rmat-column>
        </us>
    </data>
</entry-actuator>
