<entry-mloops>
    <id>131</id>
    <filename>mloops.bin</filename>
    <version>
        <major>5</major>
        <minor>38</minor>
        <revision>21</revision>
    </version>
    <data>
        <str-tunarray-element str-tunarray-key="0">
            <data>
                <name>
                    <name>Pitching (P)</name>
                </name>
            </data>
        </str-tunarray-element>
        <str-tunarray-element str-tunarray-key="1">
            <data>
                <name>
                    <name>Rolling (P)</name>
                </name>
            </data>
        </str-tunarray-element>
        <str-tunarray-element str-tunarray-key="2">
            <data>
                <name>
                    <name>Yawing (P)</name>
                </name>
            </data>
        </str-tunarray-element>
        <str-tunarray-element str-tunarray-key="3">
            <data>
                <name>
                    <name>Pitching (Q)</name>
                </name>
            </data>
        </str-tunarray-element>
        <str-tunarray-element str-tunarray-key="4">
            <data>
                <name>
                    <name>Throttle (Q)</name>
                </name>
            </data>
        </str-tunarray-element>
        <str-tunarray-element str-tunarray-key="5">
            <data>
                <name>
                    <name>Rolling (Q)</name>
                </name>
            </data>
        </str-tunarray-element>
        <str-tunarray-element str-tunarray-key="6">
            <data>
                <name>
                    <name>Yawing (Q)</name>
                </name>
            </data>
        </str-tunarray-element>
        <str-tunarray-element str-tunarray-key="7">
            <data>
                <name>
                    <name>Throttle (P)</name>
                </name>
            </data>
        </str-tunarray-element>
    </data>
</entry-mloops>
