<entry-fstr>
    <id>61</id>
    <filename>fstr.bin</filename>
    <version>
        <major>5</major>
        <minor>38</minor>
        <revision>21</revision>
    </version>
    <data>
        <periode>0.2</periode>
        <fields>
            <str-tunarray-element>
                <data-fieldset>
                    <real-float32>
                        <type>0</type>
                        <id>3</id>
                        <scale>1.0</scale>
                    </real-float32>
                </data-fieldset>
            </str-tunarray-element>
            <str-tunarray-element>
                <data-fieldset>
                    <real-float32>
                        <type>0</type>
                        <id>6</id>
                        <scale>1.0</scale>
                    </real-float32>
                </data-fieldset>
            </str-tunarray-element>
            <str-tunarray-element>
                <data-fieldset>
                    <real-float32>
                        <type>0</type>
                        <id>500</id>
                        <scale>1.0</scale>
                    </real-float32>
                </data-fieldset>
            </str-tunarray-element>
            <str-tunarray-element>
                <data-fieldset>
                    <real-float32>
                        <type>0</type>
                        <id>501</id>
                        <scale>1.0</scale>
                    </real-float32>
                </data-fieldset>
            </str-tunarray-element>
            <str-tunarray-element>
                <data-fieldset>
                    <real-float32>
                        <type>0</type>
                        <id>502</id>
                        <scale>1.0</scale>
                    </real-float32>
                </data-fieldset>
            </str-tunarray-element>
            <str-tunarray-element>
                <data-fieldset>
                    <uinteger16>
                        <type>2</type>
                        <id>0</id>
                        <min>0.0</min>
                        <max>65535.0</max>
                    </uinteger16>
                </data-fieldset>
            </str-tunarray-element>
            <str-tunarray-element>
                <data-fieldset>
                    <uinteger16>
                        <type>2</type>
                        <id>1</id>
                        <min>0.0</min>
                        <max>65535.0</max>
                    </uinteger16>
                </data-fieldset>
            </str-tunarray-element>
            <str-tunarray-element>
                <data-fieldset>
                    <uinteger16>
                        <type>2</type>
                        <id>201</id>
                        <min>0.0</min>
                        <max>65535.0</max>
                    </uinteger16>
                </data-fieldset>
            </str-tunarray-element>
            <str-tunarray-element>
                <data-fieldset>
                    <uinteger16>
                        <type>2</type>
                        <id>203</id>
                        <min>0.0</min>
                        <max>65535.0</max>
                    </uinteger16>
                </data-fieldset>
            </str-tunarray-element>
            <str-tunarray-element>
                <data-fieldset>
                    <bit>
                        <type>3</type>
                        <id>100</id>
                    </bit>
                </data-fieldset>
            </str-tunarray-element>
            <str-tunarray-element>
                <data-fieldset>
                    <bit>
                        <type>3</type>
                        <id>110</id>
                    </bit>
                </data-fieldset>
            </str-tunarray-element>
            <str-tunarray-element>
                <data-fieldset>
                    <real-float32>
                        <type>0</type>
                        <id>1510</id>
                        <scale>1.0</scale>
                    </real-float32>
                </data-fieldset>
            </str-tunarray-element>
            <str-tunarray-element>
                <data-fieldset>
                    <real-float32>
                        <type>0</type>
                        <id>7</id>
                        <scale>1.0</scale>
                    </real-float32>
                </data-fieldset>
            </str-tunarray-element>
            <str-tunarray-element>
                <data-fieldset>
                    <real-float32>
                        <type>0</type>
                        <id>8</id>
                        <scale>1.0</scale>
                    </real-float32>
                </data-fieldset>
            </str-tunarray-element>
            <str-tunarray-element>
                <data-fieldset>
                    <real-float32>
                        <type>0</type>
                        <id>1700</id>
                        <scale>1.0</scale>
                    </real-float32>
                </data-fieldset>
            </str-tunarray-element>
            <str-tunarray-element>
                <data-fieldset>
                    <real-float32>
                        <type>0</type>
                        <id>13</id>
                        <scale>1.0</scale>
                    </real-float32>
                </data-fieldset>
            </str-tunarray-element>
            <str-tunarray-element>
                <data-fieldset>
                    <real-float32>
                        <type>0</type>
                        <id>12</id>
                        <scale>1.0</scale>
                    </real-float32>
                </data-fieldset>
            </str-tunarray-element>
            <str-tunarray-element>
                <data-fieldset>
                    <real-float32>
                        <type>0</type>
                        <id>14</id>
                        <scale>1.0</scale>
                    </real-float32>
                </data-fieldset>
            </str-tunarray-element>
            <str-tunarray-element>
                <data-fieldset>
                    <real-float32>
                        <type>0</type>
                        <id>2001</id>
                        <scale>1.0</scale>
                    </real-float32>
                </data-fieldset>
            </str-tunarray-element>
            <str-tunarray-element>
                <data-fieldset>
                    <bit>
                        <type>3</type>
                        <id>50</id>
                    </bit>
                </data-fieldset>
            </str-tunarray-element>
            <str-tunarray-element>
                <data-fieldset>
                    <real-float32>
                        <type>0</type>
                        <id>800</id>
                        <scale>1.0</scale>
                    </real-float32>
                </data-fieldset>
            </str-tunarray-element>
            <str-tunarray-element>
                <data-fieldset>
                    <real-float32>
                        <type>0</type>
                        <id>801</id>
                        <scale>1.0</scale>
                    </real-float32>
                </data-fieldset>
            </str-tunarray-element>
            <str-tunarray-element>
                <data-fieldset>
                    <real-float32>
                        <type>0</type>
                        <id>802</id>
                        <scale>1.0</scale>
                    </real-float32>
                </data-fieldset>
            </str-tunarray-element>
            <str-tunarray-element>
                <data-fieldset>
                    <real-float32>
                        <type>0</type>
                        <id>803</id>
                        <scale>1.0</scale>
                    </real-float32>
                </data-fieldset>
            </str-tunarray-element>
            <str-tunarray-element>
                <data-fieldset>
                    <real-float32>
                        <type>0</type>
                        <id>804</id>
                        <scale>1.0</scale>
                    </real-float32>
                </data-fieldset>
            </str-tunarray-element>
            <str-tunarray-element>
                <data-fieldset>
                    <real-float32>
                        <type>0</type>
                        <id>805</id>
                        <scale>1.0</scale>
                    </real-float32>
                </data-fieldset>
            </str-tunarray-element>
            <str-tunarray-element>
                <data-fieldset>
                    <real-float32>
                        <type>0</type>
                        <id>806</id>
                        <scale>1.0</scale>
                    </real-float32>
                </data-fieldset>
            </str-tunarray-element>
            <str-tunarray-element>
                <data-fieldset>
                    <real-float32>
                        <type>0</type>
                        <id>807</id>
                        <scale>1.0</scale>
                    </real-float32>
                </data-fieldset>
            </str-tunarray-element>
            <str-tunarray-element>
                <data-fieldset>
                    <real-float32>
                        <type>0</type>
                        <id>808</id>
                        <scale>1.0</scale>
                    </real-float32>
                </data-fieldset>
            </str-tunarray-element>
            <str-tunarray-element>
                <data-fieldset>
                    <real-float32>
                        <type>0</type>
                        <id>103</id>
                        <scale>1.0</scale>
                    </real-float32>
                </data-fieldset>
            </str-tunarray-element>
            <str-tunarray-element>
                <data-fieldset>
                    <real-float32>
                        <type>0</type>
                        <id>107</id>
                        <scale>1.0</scale>
                    </real-float32>
                </data-fieldset>
            </str-tunarray-element>
            <str-tunarray-element>
                <data-fieldset>
                    <real-float32>
                        <type>0</type>
                        <id>113</id>
                        <scale>1.0</scale>
                    </real-float32>
                </data-fieldset>
            </str-tunarray-element>
            <str-tunarray-element>
                <data-fieldset>
                    <real-float32>
                        <type>0</type>
                        <id>112</id>
                        <scale>1.0</scale>
                    </real-float32>
                </data-fieldset>
            </str-tunarray-element>
            <str-tunarray-element>
                <data-fieldset>
                    <real-float32>
                        <type>0</type>
                        <id>108</id>
                        <scale>1.0</scale>
                    </real-float32>
                </data-fieldset>
            </str-tunarray-element>
            <str-tunarray-element>
                <data-fieldset>
                    <real-float32>
                        <type>0</type>
                        <id>106</id>
                        <scale>1.0</scale>
                    </real-float32>
                </data-fieldset>
            </str-tunarray-element>
            <str-tunarray-element>
                <data-fieldset>
                    <real-float32>
                        <type>0</type>
                        <id>114</id>
                        <scale>1.0</scale>
                    </real-float32>
                </data-fieldset>
            </str-tunarray-element>
            <str-tunarray-element>
                <data-fieldset>
                    <real-float32>
                        <type>0</type>
                        <id>209</id>
                        <scale>1.0</scale>
                    </real-float32>
                </data-fieldset>
            </str-tunarray-element>
            <str-tunarray-element>
                <data-fieldset>
                    <real-float32>
                        <type>0</type>
                        <id>503</id>
                        <scale>1.0</scale>
                    </real-float32>
                </data-fieldset>
            </str-tunarray-element>
            <str-tunarray-element>
                <data-fieldset>
                    <real-float32>
                        <type>0</type>
                        <id>1507</id>
                        <scale>1.0</scale>
                    </real-float32>
                </data-fieldset>
            </str-tunarray-element>
            <str-tunarray-element>
                <data-fieldset>
                    <real-float32>
                        <type>0</type>
                        <id>2900</id>
                        <scale>1.0</scale>
                    </real-float32>
                </data-fieldset>
            </str-tunarray-element>
            <str-tunarray-element>
                <data-fieldset>
                    <real-float32>
                        <type>0</type>
                        <id>304</id>
                        <scale>1.0</scale>
                    </real-float32>
                </data-fieldset>
            </str-tunarray-element>
            <str-tunarray-element>
                <data-fieldset>
                    <real-float32>
                        <type>0</type>
                        <id>303</id>
                        <scale>1.0</scale>
                    </real-float32>
                </data-fieldset>
            </str-tunarray-element>
            <str-tunarray-element>
                <data-fieldset>
                    <real-float32>
                        <type>0</type>
                        <id>100</id>
                        <scale>1.0</scale>
                    </real-float32>
                </data-fieldset>
            </str-tunarray-element>
            <str-tunarray-element>
                <data-fieldset>
                    <real-float32>
                        <type>0</type>
                        <id>0</id>
                        <scale>1.0</scale>
                    </real-float32>
                </data-fieldset>
            </str-tunarray-element>
            <str-tunarray-element>
                <data-fieldset>
                    <real-float32>
                        <type>0</type>
                        <id>1701</id>
                        <scale>1.0</scale>
                    </real-float32>
                </data-fieldset>
            </str-tunarray-element>
            <str-tunarray-element>
                <data-fieldset>
                    <real-float32>
                        <type>0</type>
                        <id>1704</id>
                        <scale>1.0</scale>
                    </real-float32>
                </data-fieldset>
            </str-tunarray-element>
            <str-tunarray-element>
                <data-fieldset>
                    <real-float32>
                        <type>0</type>
                        <id>1703</id>
                        <scale>1.0</scale>
                    </real-float32>
                </data-fieldset>
            </str-tunarray-element>
            <str-tunarray-element>
                <data-fieldset>
                    <real-float32>
                        <type>0</type>
                        <id>1702</id>
                        <scale>1.0</scale>
                    </real-float32>
                </data-fieldset>
            </str-tunarray-element>
            <str-tunarray-element>
                <data-fieldset>
                    <real-float32>
                        <type>0</type>
                        <id>300</id>
                        <scale>1.0</scale>
                    </real-float32>
                </data-fieldset>
            </str-tunarray-element>
        </fields>
    </data>
</entry-fstr>
