<entry-mevact>
    <id>129</id>
    <filename>mevact.bin</filename>
    <version>
        <major>5</major>
        <minor>38</minor>
        <revision>21</revision>
    </version>
    <data>
        <map>
            <str-tunarray-element str-tunarray-key="0">
                <data>
                    <name>HVR-A to Q2P</name>
                    <group>5</group>
                    <order>2</order>
                </data>
            </str-tunarray-element>
            <str-tunarray-element str-tunarray-key="1">
                <data>
                    <name>STAQ to RTH</name>
                    <group>5</group>
                    <order>7</order>
                </data>
            </str-tunarray-element>
            <str-tunarray-element str-tunarray-key="2">
                <data>
                    <name>STB (Q) Button</name>
                    <group>0</group>
                    <order>1</order>
                </data>
            </str-tunarray-element>
            <str-tunarray-element str-tunarray-key="3">
                <data>
                    <name>HVR Button</name>
                    <group>0</group>
                    <order>2</order>
                </data>
            </str-tunarray-element>
            <str-tunarray-element str-tunarray-key="4">
                <data>
                    <name>LND Button</name>
                    <group>0</group>
                    <order>3</order>
                </data>
            </str-tunarray-element>
            <str-tunarray-element str-tunarray-key="5">
                <data>
                    <name>HVR-A to LND</name>
                    <group>5</group>
                    <order>9</order>
                </data>
            </str-tunarray-element>
            <str-tunarray-element str-tunarray-key="6">
                <data>
                    <name>TKO Button</name>
                    <group>0</group>
                    <order>13</order>
                </data>
            </str-tunarray-element>
            <str-tunarray-element str-tunarray-key="7">
                <data>
                    <name>SBY Button</name>
                    <group>0</group>
                    <order>0</order>
                </data>
            </str-tunarray-element>
            <str-tunarray-element str-tunarray-key="8">
                <data>
                    <name>LinkOff to RTH</name>
                    <group>3</group>
                    <order>2</order>
                </data>
            </str-tunarray-element>
            <str-tunarray-element str-tunarray-key="9">
                <data>
                    <name>STB(P) when No GPS</name>
                    <group>3</group>
                    <order>3</order>
                </data>
            </str-tunarray-element>
            <str-tunarray-element str-tunarray-key="10">
                <data>
                    <name>Auto when No Stick</name>
                    <group>3</group>
                    <order>0</order>
                </data>
            </str-tunarray-element>
            <str-tunarray-element str-tunarray-key="11">
                <data>
                    <name>Auto Mode</name>
                    <group>2</group>
                    <order>12</order>
                </data>
            </str-tunarray-element>
            <str-tunarray-element str-tunarray-key="12">
                <data>
                    <name>Arcade Mode (P)</name>
                    <group>2</group>
                    <order>13</order>
                </data>
            </str-tunarray-element>
            <str-tunarray-element str-tunarray-key="13">
                <data>
                    <name>Arcade Mode (Q)</name>
                    <group>2</group>
                    <order>14</order>
                </data>
            </str-tunarray-element>
            <str-tunarray-element str-tunarray-key="14">
                <data>
                    <name>RTH Button</name>
                    <group>0</group>
                    <order>4</order>
                </data>
            </str-tunarray-element>
            <str-tunarray-element str-tunarray-key="15">
                <data>
                    <name>Arcade Trim</name>
                    <group>2</group>
                    <order>11</order>
                </data>
            </str-tunarray-element>
            <str-tunarray-element str-tunarray-key="16">
                <data>
                    <name>CRU Button</name>
                    <group>0</group>
                    <order>14</order>
                </data>
            </str-tunarray-element>
            <str-tunarray-element str-tunarray-key="17">
                <data>
                    <name>APP Button</name>
                    <group>0</group>
                    <order>15</order>
                </data>
            </str-tunarray-element>
            <str-tunarray-element str-tunarray-key="18">
                <data>
                    <name>CMB Button</name>
                    <group>0</group>
                    <order>16</order>
                </data>
            </str-tunarray-element>
            <str-tunarray-element str-tunarray-key="19">
                <data>
                    <name>Pre-TKO Button</name>
                    <group>0</group>
                    <order>17</order>
                </data>
            </str-tunarray-element>
            <str-tunarray-element str-tunarray-key="20">
                <data>
                    <name>Q2P Button</name>
                    <group>0</group>
                    <order>18</order>
                </data>
            </str-tunarray-element>
            <str-tunarray-element str-tunarray-key="21">
                <data>
                    <name>P2Q Button</name>
                    <group>0</group>
                    <order>19</order>
                </data>
            </str-tunarray-element>
            <str-tunarray-element str-tunarray-key="22">
                <data>
                    <name>Manual Mode</name>
                    <group>2</group>
                    <order>23</order>
                </data>
            </str-tunarray-element>
            <str-tunarray-element str-tunarray-key="23">
                <data>
                    <name>Ground Auto</name>
                    <group>2</group>
                    <order>24</order>
                </data>
            </str-tunarray-element>
            <str-tunarray-element str-tunarray-key="24">
                <data>
                    <name>LinkOff to APP</name>
                    <group>3</group>
                    <order>1</order>
                </data>
            </str-tunarray-element>
            <str-tunarray-element str-tunarray-key="25">
                <data>
                    <name>P2Q to STAQ</name>
                    <group>5</group>
                    <order>6</order>
                </data>
            </str-tunarray-element>
            <str-tunarray-element str-tunarray-key="26">
                <data>
                    <name>Q2P to P-CMB</name>
                    <group>5</group>
                    <order>3</order>
                </data>
            </str-tunarray-element>
            <str-tunarray-element str-tunarray-key="27">
                <data>
                    <name>Envelope - Plane</name>
                    <group>1</group>
                    <order>2</order>
                </data>
            </str-tunarray-element>
            <str-tunarray-element str-tunarray-key="28">
                <data>
                    <name>Envelope - Quad</name>
                    <group>1</group>
                    <order>0</order>
                </data>
            </str-tunarray-element>
            <str-tunarray-element str-tunarray-key="29">
                <data>
                    <name>Envelope - Transitions</name>
                    <group>1</group>
                    <order>1</order>
                </data>
            </str-tunarray-element>
            <str-tunarray-element str-tunarray-key="30">
                <data>
                    <name>STB (P) Button</name>
                    <group>0</group>
                    <order>28</order>
                </data>
            </str-tunarray-element>
            <str-tunarray-element str-tunarray-key="31">
                <data>
                    <name>STB(Q) when No GPS</name>
                    <group>3</group>
                    <order>4</order>
                </data>
            </str-tunarray-element>
            <str-tunarray-element str-tunarray-key="32">
                <data>
                    <name>SBY when No GPS </name>
                    <group>3</group>
                    <order>5</order>
                </data>
            </str-tunarray-element>
            <str-tunarray-element str-tunarray-key="33">
                <data>
                    <name>TKO to HVR-A</name>
                    <group>5</group>
                    <order>1</order>
                </data>
            </str-tunarray-element>
            <str-tunarray-element str-tunarray-key="34">
                <data>
                    <name>LND to SBY</name>
                    <group>5</group>
                    <order>10</order>
                </data>
            </str-tunarray-element>
            <str-tunarray-element str-tunarray-key="35">
                <data>
                    <name>P-CMB to P-CRS </name>
                    <group>5</group>
                    <order>4</order>
                </data>
            </str-tunarray-element>
            <str-tunarray-element str-tunarray-key="36">
                <data>
                    <name>RTH to HVR-A</name>
                    <group>5</group>
                    <order>8</order>
                </data>
            </str-tunarray-element>
            <str-tunarray-element str-tunarray-key="37">
                <data>
                    <name>APP to P2Q</name>
                    <group>5</group>
                    <order>5</order>
                </data>
            </str-tunarray-element>
            <str-tunarray-element str-tunarray-key="38">
                <data>
                    <name>PTKO to TKO</name>
                    <group>5</group>
                    <order>0</order>
                </data>
            </str-tunarray-element>
            <str-tunarray-element str-tunarray-key="39">
                <data>
                    <name>Capture TKO</name>
                    <group>4</group>
                    <order>0</order>
                </data>
            </str-tunarray-element>
        </map>
    </data>
</entry-mevact>
