<entry-arctrim>
    <id>24</id>
    <filename>arctrim.bin</filename>
    <version>
        <major>5</major>
        <minor>38</minor>
        <revision>21</revision>
    </version>
    <data>
        <u0>
            <str-tunarray-element>0.026285678</str-tunarray-element>
            <str-tunarray-element>-0.013610244</str-tunarray-element>
            <str-tunarray-element>5.3849816E-4</str-tunarray-element>
            <str-tunarray-element>0.49890113</str-tunarray-element>
            <str-tunarray-element>0.51892555</str-tunarray-element>
            <str-tunarray-element>0.5196581</str-tunarray-element>
            <str-tunarray-element>0.52307695</str-tunarray-element>
            <str-tunarray-element>0.6315324</str-tunarray-element>
            <str-tunarray-element>0.0</str-tunarray-element>
            <str-tunarray-element>0.0</str-tunarray-element>
            <str-tunarray-element>0.0</str-tunarray-element>
            <str-tunarray-element>0.0</str-tunarray-element>
            <str-tunarray-element>0.0</str-tunarray-element>
            <str-tunarray-element>0.0</str-tunarray-element>
            <str-tunarray-element>0.0</str-tunarray-element>
            <str-tunarray-element>0.0</str-tunarray-element>
            <str-tunarray-element>0.0</str-tunarray-element>
            <str-tunarray-element>0.0</str-tunarray-element>
            <str-tunarray-element>0.0</str-tunarray-element>
            <str-tunarray-element>0.0</str-tunarray-element>
        </u0>
    </data>
</entry-arctrim>
