<entry-mcheck>
    <id>141</id>
    <filename>mcheck.bin</filename>
    <version>
        <major>5</major>
        <minor>38</minor>
        <revision>21</revision>
    </version>
    <data>
        <map>
            <str-tunarray-element str-tunarray-key="0">
                <check>
                    <data>
                        <icon>46</icon>
                        <timeControl>0.0</timeControl>
                        <check>0</check>
                        <checkTime>0</checkTime>
                    </data>
                </check>
            </str-tunarray-element>
        </map>
    </data>
</entry-mcheck>
