<entry-vargps>
    <id>94</id>
    <filename>vargps.bin</filename>
    <version>
        <major>5</major>
        <minor>38</minor>
        <revision>21</revision>
    </version>
    <data>
        <vgps_wts>-1.0</vgps_wts>
        <vgps_fix>2200</vgps_fix>
        <vgps_tow>4101</vgps_tow>
        <vgps_week>4101</vgps_week>
        <vgps_fid>8195</vgps_fid>
        <vgps_hpe>
            <vref-kval>
                <type>65534</type>
                <kval>2.0</kval>
            </vref-kval>
        </vgps_hpe>
        <vgps_vpe>
            <vref-kval>
                <type>65534</type>
                <kval>5.0</kval>
            </vref-kval>
        </vgps_vpe>
        <vgps_vn>4101</vgps_vn>
        <vgps_ve>4101</vgps_ve>
        <vgps_vd>4101</vgps_vd>
        <vgps_hve>
            <vref-kval>
                <type>65534</type>
                <kval>1.0</kval>
            </vref-kval>
        </vgps_hve>
        <vgps_vve>
            <vref-kval>
                <type>65534</type>
                <kval>1.0</kval>
            </vref-kval>
        </vgps_vve>
    </data>
</entry-vargps>
