<entry-actions>
    <id>83</id>
    <filename>actions.bin</filename>
    <version>
        <major>5</major>
        <minor>38</minor>
        <revision>21</revision>
    </version>
    <data>
        <action-array>
            <str-tunarray-element str-tunarray-key="0">
                <data>
                    <acset-phase>
                        <type>0</type>
                        <idCfg>222</idCfg>
                        <str>
                            <phase-cmd>0</phase-cmd>
                        </str>
                    </acset-phase>
                </data>
            </str-tunarray-element>
            <str-tunarray-element str-tunarray-key="1">
                <data>
                    <acset-mode>
                        <type>0</type>
                        <idCfg>220</idCfg>
                        <str>
                            <mode>3</mode>
                        </str>
                    </acset-mode>
                </data>
            </str-tunarray-element>
            <str-tunarray-element str-tunarray-key="2">
                <data>
                    <acset-phase>
                        <type>0</type>
                        <idCfg>222</idCfg>
                        <str>
                            <phase-cmd>1</phase-cmd>
                        </str>
                    </acset-phase>
                </data>
            </str-tunarray-element>
            <str-tunarray-element str-tunarray-key="3">
                <data>
                    <acset-var>
                        <type>0</type>
                        <idCfg>235</idCfg>
                        <str>
                            <var>
                                <vrset>
                                    <type>0</type>
                                    <destination>
                                        <vref-var>
                                            <type>0</type>
                                            <id>3101</id>
                                        </vref-var>
                                    </destination>
                                    <source>
                                        <vref-kval>
                                            <type>65534</type>
                                            <kval>1.0</kval>
                                        </vref-kval>
                                    </source>
                                </vrset>
                            </var>
                        </str>
                    </acset-var>
                </data>
            </str-tunarray-element>
            <str-tunarray-element str-tunarray-key="4">
                <data>
                    <acset-phase>
                        <type>0</type>
                        <idCfg>222</idCfg>
                        <str>
                            <phase-cmd>5</phase-cmd>
                        </str>
                    </acset-phase>
                </data>
            </str-tunarray-element>
            <str-tunarray-element str-tunarray-key="5">
                <data>
                    <acset-phase>
                        <type>0</type>
                        <idCfg>222</idCfg>
                        <str>
                            <phase-cmd>4</phase-cmd>
                        </str>
                    </acset-phase>
                </data>
            </str-tunarray-element>
            <str-tunarray-element str-tunarray-key="6">
                <data>
                    <acset-phase>
                        <type>0</type>
                        <idCfg>222</idCfg>
                        <str>
                            <phase-cmd>6</phase-cmd>
                        </str>
                    </acset-phase>
                </data>
            </str-tunarray-element>
            <str-tunarray-element str-tunarray-key="7">
                <data>
                    <acset-nav>
                        <type>0</type>
                        <idCfg>215</idCfg>
                        <str>
                            <type>1</type>
                        </str>
                    </acset-nav>
                </data>
            </str-tunarray-element>
            <str-tunarray-element str-tunarray-key="8">
                <data>
                    <acset-phase>
                        <type>0</type>
                        <idCfg>222</idCfg>
                        <str>
                            <phase-cmd>5</phase-cmd>
                        </str>
                    </acset-phase>
                </data>
            </str-tunarray-element>
            <str-tunarray-element str-tunarray-key="9">
                <data>
                    <acset-mode>
                        <type>0</type>
                        <idCfg>220</idCfg>
                        <str>
                            <mode>0</mode>
                        </str>
                    </acset-mode>
                </data>
            </str-tunarray-element>
            <str-tunarray-element str-tunarray-key="10">
                <data>
                    <acset-phase>
                        <type>0</type>
                        <idCfg>222</idCfg>
                        <str>
                            <phase-cmd>1</phase-cmd>
                        </str>
                    </acset-phase>
                </data>
            </str-tunarray-element>
            <str-tunarray-element str-tunarray-key="11">
                <data>
                    <acset-var>
                        <type>0</type>
                        <idCfg>235</idCfg>
                        <str>
                            <var>
                                <vrset>
                                    <type>0</type>
                                    <destination>
                                        <vref-var>
                                            <type>0</type>
                                            <id>3101</id>
                                        </vref-var>
                                    </destination>
                                    <source>
                                        <vref-kval>
                                            <type>65534</type>
                                            <kval>0.0</kval>
                                        </vref-kval>
                                    </source>
                                </vrset>
                            </var>
                        </str>
                    </acset-var>
                </data>
            </str-tunarray-element>
            <str-tunarray-element str-tunarray-key="12">
                <data>
                    <acset-arctrim>
                        <type>0</type>
                        <idCfg>211</idCfg>
                        <str>
                            <arctrim>
                                <update>1</update>
                                <save>1</save>
                            </arctrim>
                        </str>
                    </acset-arctrim>
                </data>
            </str-tunarray-element>
            <str-tunarray-element str-tunarray-key="13">
                <data>
                    <acset-servo>
                        <type>0</type>
                        <idCfg>237</idCfg>
                        <str>
                            <servo>
                                <idx>1</idx>
                                <interpolate>0</interpolate>
                                <table-values/>
                            </servo>
                        </str>
                    </acset-servo>
                </data>
            </str-tunarray-element>
            <str-tunarray-element str-tunarray-key="14">
                <data>
                    <acset-phase>
                        <type>0</type>
                        <idCfg>222</idCfg>
                        <str>
                            <phase-cmd>2</phase-cmd>
                        </str>
                    </acset-phase>
                </data>
            </str-tunarray-element>
            <str-tunarray-element str-tunarray-key="15">
                <data>
                    <acset-phase>
                        <type>0</type>
                        <idCfg>222</idCfg>
                        <str>
                            <phase-cmd>7</phase-cmd>
                        </str>
                    </acset-phase>
                </data>
            </str-tunarray-element>
            <str-tunarray-element str-tunarray-key="16">
                <data>
                    <acset-mode>
                        <type>0</type>
                        <idCfg>220</idCfg>
                        <str>
                            <mode>1</mode>
                        </str>
                    </acset-mode>
                </data>
            </str-tunarray-element>
            <str-tunarray-element str-tunarray-key="17">
                <data>
                    <acset-detour-cmd>
                        <type>0</type>
                        <idCfg>193</idCfg>
                        <str>
                            <detour-cmd>
                                <type-detour-loi>
                                    <type>0</type>
                                    <detour-cmd-loi>
                                        <detour-cmd-loi-turn>2</detour-cmd-loi-turn>
                                        <detour-cmd-loi-radio>
                                            <vref-var>
                                                <type>0</type>
                                                <id>2700</id>
                                            </vref-var>
                                        </detour-cmd-loi-radio>
                                    </detour-cmd-loi>
                                </type-detour-loi>
                            </detour-cmd>
                        </str>
                    </acset-detour-cmd>
                </data>
            </str-tunarray-element>
            <str-tunarray-element str-tunarray-key="18">
                <data>
                    <acset-var>
                        <type>0</type>
                        <idCfg>235</idCfg>
                        <str>
                            <var>
                                <vrset>
                                    <type>0</type>
                                    <destination>
                                        <vref-var>
                                            <type>2</type>
                                            <id>1200</id>
                                        </vref-var>
                                    </destination>
                                    <source>
                                        <vref-kval>
                                            <type>65534</type>
                                            <kval>1.0</kval>
                                        </vref-kval>
                                    </source>
                                </vrset>
                            </var>
                        </str>
                    </acset-var>
                </data>
            </str-tunarray-element>
            <str-tunarray-element str-tunarray-key="19">
                <data>
                    <acset-var>
                        <type>0</type>
                        <idCfg>235</idCfg>
                        <str>
                            <var>
                                <vrset>
                                    <type>0</type>
                                    <destination>
                                        <vref-var>
                                            <type>2</type>
                                            <id>1200</id>
                                        </vref-var>
                                    </destination>
                                    <source>
                                        <vref-kval>
                                            <type>65534</type>
                                            <kval>0.0</kval>
                                        </vref-kval>
                                    </source>
                                </vrset>
                            </var>
                        </str>
                    </acset-var>
                </data>
            </str-tunarray-element>
            <str-tunarray-element str-tunarray-key="20">
                <data>
                    <acset-step>
                        <type>0</type>
                        <idCfg>231</idCfg>
                        <str>
                            <operation-id>5</operation-id>
                        </str>
                    </acset-step>
                </data>
            </str-tunarray-element>
            <str-tunarray-element str-tunarray-key="21">
                <data>
                    <acset-flyto>
                        <type>0</type>
                        <idCfg>191</idCfg>
                        <str>
                            <flyto-cmd>7</flyto-cmd>
                        </str>
                    </acset-flyto>
                </data>
            </str-tunarray-element>
            <str-tunarray-element str-tunarray-key="22">
                <data>
                    <acset-var>
                        <type>0</type>
                        <idCfg>235</idCfg>
                        <str>
                            <var>
                                <vrset>
                                    <type>0</type>
                                    <destination>
                                        <vref-var>
                                            <type>2</type>
                                            <id>1201</id>
                                        </vref-var>
                                    </destination>
                                    <source>
                                        <vref-kval>
                                            <type>65534</type>
                                            <kval>1.0</kval>
                                        </vref-kval>
                                    </source>
                                </vrset>
                            </var>
                        </str>
                    </acset-var>
                </data>
            </str-tunarray-element>
            <str-tunarray-element str-tunarray-key="23">
                <data>
                    <acset-var>
                        <type>0</type>
                        <idCfg>235</idCfg>
                        <str>
                            <var>
                                <vrset>
                                    <type>0</type>
                                    <destination>
                                        <vref-var>
                                            <type>2</type>
                                            <id>1201</id>
                                        </vref-var>
                                    </destination>
                                    <source>
                                        <vref-kval>
                                            <type>65534</type>
                                            <kval>0.0</kval>
                                        </vref-kval>
                                    </source>
                                </vrset>
                            </var>
                        </str>
                    </acset-var>
                </data>
            </str-tunarray-element>
            <str-tunarray-element str-tunarray-key="25">
                <data>
                    <acset-phase>
                        <type>0</type>
                        <idCfg>222</idCfg>
                        <str>
                            <phase-cmd>3</phase-cmd>
                        </str>
                    </acset-phase>
                </data>
            </str-tunarray-element>
        </action-array>
    </data>
</entry-actions>
