<entry-ppm3>
    <id>30</id>
    <filename>ppm3.bin</filename>
    <version>
        <major>5</major>
        <minor>38</minor>
        <revision>21</revision>
    </version>
    <data>
        <puls_pol>0</puls_pol>
        <vguard>0.004</vguard>
        <puls_min>2.5E-4</puls_min>
        <puls_max>5.0E-4</puls_max>
        <valid_min>8.0E-4</valid_min>
        <valid_max>0.0022</valid_max>
        <pos_min>9.0E-4</pos_min>
        <pos_max>0.0021</pos_max>
        <nch_min>7</nch_min>
        <nch_max>8</nch_max>
        <chmsk>4095</chmsk>
        <fmsk>4294967295</fmsk>
        <fgl>
            <delta_min>0.0</delta_min>
            <delta_max>1000.0</delta_max>
            <delta_min_alpha>1.0</delta_min_alpha>
            <delta_max_alpha>0.02</delta_max_alpha>
        </fgl>
        <tr>
            <ch01>
                <trim>0</trim>
                <type-choice>
                    <direct>
                        <type>0</type>
                    </direct>
                </type-choice>
            </ch01>
            <ch02>
                <trim>0</trim>
                <type-choice>
                    <direct>
                        <type>0</type>
                    </direct>
                </type-choice>
            </ch02>
            <ch03>
                <trim>0</trim>
                <type-choice>
                    <direct>
                        <type>0</type>
                    </direct>
                </type-choice>
            </ch03>
            <ch04>
                <trim>0</trim>
                <type-choice>
                    <direct>
                        <type>0</type>
                    </direct>
                </type-choice>
            </ch04>
            <ch05>
                <trim>0</trim>
                <type-choice>
                    <direct>
                        <type>0</type>
                    </direct>
                </type-choice>
            </ch05>
            <ch06>
                <trim>0</trim>
                <type-choice>
                    <direct>
                        <type>0</type>
                    </direct>
                </type-choice>
            </ch06>
            <ch07>
                <trim>0</trim>
                <type-choice>
                    <direct>
                        <type>0</type>
                    </direct>
                </type-choice>
            </ch07>
            <ch08>
                <trim>0</trim>
                <type-choice>
                    <direct>
                        <type>0</type>
                    </direct>
                </type-choice>
            </ch08>
            <ch09>
                <trim>0</trim>
                <type-choice>
                    <direct>
                        <type>0</type>
                    </direct>
                </type-choice>
            </ch09>
            <ch10>
                <trim>0</trim>
                <type-choice>
                    <direct>
                        <type>0</type>
                    </direct>
                </type-choice>
            </ch10>
            <ch11>
                <trim>0</trim>
                <type-choice>
                    <direct>
                        <type>0</type>
                    </direct>
                </type-choice>
            </ch11>
            <ch12>
                <trim>0</trim>
                <type-choice>
                    <direct>
                        <type>0</type>
                    </direct>
                </type-choice>
            </ch12>
            <ch13>
                <trim>0</trim>
                <type-choice>
                    <direct>
                        <type>0</type>
                    </direct>
                </type-choice>
            </ch13>
            <ch14>
                <trim>0</trim>
                <type-choice>
                    <direct>
                        <type>0</type>
                    </direct>
                </type-choice>
            </ch14>
            <ch15>
                <trim>0</trim>
                <type-choice>
                    <direct>
                        <type>0</type>
                    </direct>
                </type-choice>
            </ch15>
            <ch16>
                <trim>0</trim>
                <type-choice>
                    <direct>
                        <type>0</type>
                    </direct>
                </type-choice>
            </ch16>
        </tr>
        <stick_cap>
            <stick-cap-entry/>
        </stick_cap>
    </data>
</entry-ppm3>
