<entry-cbitcfg>
    <id>270</id>
    <filename>cbitcfg.bin</filename>
    <version>
        <major>5</major>
        <minor>38</minor>
        <revision>21</revision>
    </version>
    <data>
        <bits_0>
            <str-tunarray-element>50</str-tunarray-element>
        </bits_0>
        <bits_1>
            <str-tunarray-element>50</str-tunarray-element>
        </bits_1>
        <bits_2>
            <str-tunarray-element>50</str-tunarray-element>
        </bits_2>
    </data>
</entry-cbitcfg>
