<entry-stickvar>
    <id>55</id>
    <filename>stickvar.bin</filename>
    <version>
        <major>5</major>
        <minor>38</minor>
        <revision>21</revision>
    </version>
    <data>
        <data-stickvar>
            <ts-pos>
                <ts>0.0</ts>
                <list-rvar/>
                <stick-cap>
                    <stick-cap-entry>
                        <str-tunarray-element str-tunarray-key="0">
                            <data>
                                <mode-choice>
                                    <other>
                                        <mode>0</mode>
                                        <ich>0</ich>
                                    </other>
                                </mode-choice>
                                <src_port>0</src_port>
                            </data>
                        </str-tunarray-element>
                    </stick-cap-entry>
                </stick-cap>
            </ts-pos>
        </data-stickvar>
    </data>
</entry-stickvar>
