<entry-stick>
    <id>56</id>
    <filename>stick.bin</filename>
    <version>
        <major>5</major>
        <minor>38</minor>
        <revision>21</revision>
    </version>
    <data>
        <yr>
            <rmat-column>
                <rmat-element>1.45</rmat-element>
                <rmat-element>0.0</rmat-element>
                <rmat-element>0.0</rmat-element>
                <rmat-element>0.0</rmat-element>
                <rmat-element>1.45</rmat-element>
                <rmat-element>0.0</rmat-element>
                <rmat-element>0.0</rmat-element>
            </rmat-column>
            <rmat-column>
                <rmat-element>0.0</rmat-element>
                <rmat-element>1.88</rmat-element>
                <rmat-element>0.0</rmat-element>
                <rmat-element>0.0</rmat-element>
                <rmat-element>0.0</rmat-element>
                <rmat-element>0.0</rmat-element>
                <rmat-element>0.0</rmat-element>
            </rmat-column>
            <rmat-column>
                <rmat-element>0.0</rmat-element>
                <rmat-element>0.0</rmat-element>
                <rmat-element>1.22</rmat-element>
                <rmat-element>0.0</rmat-element>
                <rmat-element>0.0</rmat-element>
                <rmat-element>0.0</rmat-element>
                <rmat-element>0.0</rmat-element>
            </rmat-column>
            <rmat-column>
                <rmat-element>0.0</rmat-element>
                <rmat-element>0.0</rmat-element>
                <rmat-element>0.0</rmat-element>
                <rmat-element>1.45</rmat-element>
                <rmat-element>0.0</rmat-element>
                <rmat-element>0.0</rmat-element>
                <rmat-element>0.0</rmat-element>
            </rmat-column>
        </yr>
        <y0>
            <str-tunarray-element>-0.25</str-tunarray-element>
            <str-tunarray-element>-0.44</str-tunarray-element>
            <str-tunarray-element>-0.05</str-tunarray-element>
            <str-tunarray-element>-0.26</str-tunarray-element>
            <str-tunarray-element>-0.25</str-tunarray-element>
            <str-tunarray-element>0.0</str-tunarray-element>
            <str-tunarray-element>0.0</str-tunarray-element>
        </y0>
        <ymsk>
            <str-tunarray-element>1</str-tunarray-element>
            <str-tunarray-element>1</str-tunarray-element>
            <str-tunarray-element>1</str-tunarray-element>
            <str-tunarray-element>1</str-tunarray-element>
            <str-tunarray-element>1</str-tunarray-element>
            <str-tunarray-element>1</str-tunarray-element>
            <str-tunarray-element>1</str-tunarray-element>
        </ymsk>
        <tunSource>
            <stkprt0>
                <str-tunarray-element str-tunarray-key="0">
                    <data>
                        <local>1</local>
                        <id>
                            <uav>0</uav>
                        </id>
                        <port>0</port>
                        <overwrite>0</overwrite>
                        <enable>1</enable>
                        <tsafe>1.14183E-40</tsafe>
                    </data>
                </str-tunarray-element>
                <str-tunarray-element str-tunarray-key="1">
                    <data>
                        <local>0</local>
                        <id>
                            <uav>2</uav>
                        </id>
                        <port>0</port>
                        <overwrite>0</overwrite>
                        <enable>1</enable>
                        <tsafe>0.0</tsafe>
                    </data>
                </str-tunarray-element>
                <str-tunarray-element str-tunarray-key="2">
                    <data>
                        <local>0</local>
                        <id>
                            <uav>1</uav>
                        </id>
                        <port>1</port>
                        <overwrite>0</overwrite>
                        <enable>1</enable>
                        <tsafe>12.784973</tsafe>
                    </data>
                </str-tunarray-element>
            </stkprt0>
            <stkprt1>
                <str-tunarray-element str-tunarray-key="0">
                    <data>
                        <local>1</local>
                        <id>
                            <uav>0</uav>
                        </id>
                        <port>0</port>
                        <overwrite>0</overwrite>
                        <enable>1</enable>
                        <tsafe>1.14183E-40</tsafe>
                    </data>
                </str-tunarray-element>
                <str-tunarray-element str-tunarray-key="1">
                    <data>
                        <local>0</local>
                        <id>
                            <uav>2</uav>
                        </id>
                        <port>0</port>
                        <overwrite>0</overwrite>
                        <enable>1</enable>
                        <tsafe>0.0</tsafe>
                    </data>
                </str-tunarray-element>
                <str-tunarray-element str-tunarray-key="2">
                    <data>
                        <local>0</local>
                        <id>
                            <uav>1</uav>
                        </id>
                        <port>1</port>
                        <overwrite>0</overwrite>
                        <enable>1</enable>
                        <tsafe>12.784973</tsafe>
                    </data>
                </str-tunarray-element>
            </stkprt1>
        </tunSource>
        <stick_timeout>0.25</stick_timeout>
    </data>
</entry-stick>
