<entry-imu2>
    <id>256</id>
    <filename>imu2.bin</filename>
    <version>
        <major>5</major>
        <minor>38</minor>
        <revision>21</revision>
    </version>
    <data>
        <accEnabled>1</accEnabled>
        <accRange>2</accRange>
        <accODR>12</accODR>
        <accBWP>128</accBWP>
        <accMaxNvSamples>30</accMaxNvSamples>
        <gyrEnabled>1</gyrEnabled>
        <gyrRange>0</gyrRange>
        <gyrOdrBw>0</gyrOdrBw>
        <gyrMaxNvSamples>30</gyrMaxNvSamples>
    </data>
</entry-imu2>
