<entry-sara>
    <id>15</id>
    <filename>sara.bin</filename>
    <version>
        <major>5</major>
        <minor>38</minor>
        <revision>21</revision>
    </version>
    <data>
        <enable>0</enable>
        <sim>0</sim>
        <rawpcfg>
            <str-tunarray-element>2</str-tunarray-element>
            <str-tunarray-element>3</str-tunarray-element>
            <str-tunarray-element>16724</str-tunarray-element>
            <str-tunarray-element>3341</str-tunarray-element>
            <str-tunarray-element>2560</str-tunarray-element>
            <str-tunarray-element>63</str-tunarray-element>
            <str-tunarray-element>0</str-tunarray-element>
            <str-tunarray-element>1089</str-tunarray-element>
            <str-tunarray-element>21583</str-tunarray-element>
            <str-tunarray-element>19200</str-tunarray-element>
            <str-tunarray-element>25600</str-tunarray-element>
            <str-tunarray-element>256</str-tunarray-element>
            <str-tunarray-element>42561</str-tunarray-element>
            <str-tunarray-element>21542</str-tunarray-element>
            <str-tunarray-element>19248</str-tunarray-element>
            <str-tunarray-element>15147</str-tunarray-element>
            <str-tunarray-element>18755</str-tunarray-element>
            <str-tunarray-element>17981</str-tunarray-element>
            <str-tunarray-element>13115</str-tunarray-element>
            <str-tunarray-element>11081</str-tunarray-element>
            <str-tunarray-element>20562</str-tunarray-element>
            <str-tunarray-element>15665</str-tunarray-element>
            <str-tunarray-element>12597</str-tunarray-element>
            <str-tunarray-element>12848</str-tunarray-element>
            <str-tunarray-element>12347</str-tunarray-element>
            <str-tunarray-element>11093</str-tunarray-element>
            <str-tunarray-element>21327</str-tunarray-element>
            <str-tunarray-element>16719</str-tunarray-element>
            <str-tunarray-element>15665</str-tunarray-element>
            <str-tunarray-element>12332</str-tunarray-element>
            <str-tunarray-element>8752</str-tunarray-element>
            <str-tunarray-element>12336</str-tunarray-element>
            <str-tunarray-element>12322</str-tunarray-element>
            <str-tunarray-element>15147</str-tunarray-element>
            <str-tunarray-element>21840</str-tunarray-element>
            <str-tunarray-element>21316</str-tunarray-element>
            <str-tunarray-element>15664</str-tunarray-element>
            <str-tunarray-element>11313</str-tunarray-element>
            <str-tunarray-element>11298</str-tunarray-element>
            <str-tunarray-element>25965</str-tunarray-element>
            <str-tunarray-element>8763</str-tunarray-element>
            <str-tunarray-element>11093</str-tunarray-element>
            <str-tunarray-element>21327</str-tunarray-element>
            <str-tunarray-element>16719</str-tunarray-element>
            <str-tunarray-element>15665</str-tunarray-element>
            <str-tunarray-element>11312</str-tunarray-element>
            <str-tunarray-element>15147</str-tunarray-element>
            <str-tunarray-element>21843</str-tunarray-element>
            <str-tunarray-element>20289</str-tunarray-element>
            <str-tunarray-element>20285</str-tunarray-element>
            <str-tunarray-element>12844</str-tunarray-element>
            <str-tunarray-element>12347</str-tunarray-element>
            <str-tunarray-element>11093</str-tunarray-element>
            <str-tunarray-element>21327</str-tunarray-element>
            <str-tunarray-element>16719</str-tunarray-element>
            <str-tunarray-element>15667</str-tunarray-element>
            <str-tunarray-element>11298</str-tunarray-element>
            <str-tunarray-element>29300</str-tunarray-element>
            <str-tunarray-element>11893</str-tunarray-element>
            <str-tunarray-element>29805</str-tunarray-element>
            <str-tunarray-element>11891</str-tunarray-element>
            <str-tunarray-element>31091</str-tunarray-element>
            <str-tunarray-element>29797</str-tunarray-element>
            <str-tunarray-element>28019</str-tunarray-element>
            <str-tunarray-element>8763</str-tunarray-element>
            <str-tunarray-element>11093</str-tunarray-element>
            <str-tunarray-element>21327</str-tunarray-element>
            <str-tunarray-element>16719</str-tunarray-element>
            <str-tunarray-element>15668</str-tunarray-element>
            <str-tunarray-element>11315</str-tunarray-element>
            <str-tunarray-element>12593</str-tunarray-element>
            <str-tunarray-element>13371</str-tunarray-element>
            <str-tunarray-element>11093</str-tunarray-element>
            <str-tunarray-element>21327</str-tunarray-element>
            <str-tunarray-element>16719</str-tunarray-element>
            <str-tunarray-element>15669</str-tunarray-element>
            <str-tunarray-element>11318</str-tunarray-element>
            <str-tunarray-element>15147</str-tunarray-element>
            <str-tunarray-element>21843</str-tunarray-element>
            <str-tunarray-element>20289</str-tunarray-element>
            <str-tunarray-element>20285</str-tunarray-element>
            <str-tunarray-element>12332</str-tunarray-element>
            <str-tunarray-element>12603</str-tunarray-element>
            <str-tunarray-element>11093</str-tunarray-element>
            <str-tunarray-element>20563</str-tunarray-element>
            <str-tunarray-element>17473</str-tunarray-element>
            <str-tunarray-element>15664</str-tunarray-element>
            <str-tunarray-element>11313</str-tunarray-element>
            <str-tunarray-element>15142</str-tunarray-element>
            <str-tunarray-element>22320</str-tunarray-element>
            <str-tunarray-element>15147</str-tunarray-element>
            <str-tunarray-element>17222</str-tunarray-element>
            <str-tunarray-element>21838</str-tunarray-element>
            <str-tunarray-element>15665</str-tunarray-element>
            <str-tunarray-element>13837</str-tunarray-element>
            <str-tunarray-element>2560</str-tunarray-element>
            <str-tunarray-element>768</str-tunarray-element>
            <str-tunarray-element>0</str-tunarray-element>
            <str-tunarray-element>191</str-tunarray-element>
            <str-tunarray-element>32768</str-tunarray-element>
            <str-tunarray-element>2091</str-tunarray-element>
            <str-tunarray-element>21845</str-tunarray-element>
            <str-tunarray-element>21327</str-tunarray-element>
            <str-tunarray-element>16719</str-tunarray-element>
            <str-tunarray-element>17152</str-tunarray-element>
        </rawpcfg>
    </data>
</entry-sara>
