<entry-pwmdev>
    <id>54</id>
    <filename>pwmdev.bin</filename>
    <version>
        <major>5</major>
        <minor>38</minor>
        <revision>21</revision>
    </version>
    <data>
        <str-tunarray-element str-tunarray-key="0">
            <data>
                <frequency>50</frequency>
                <pwmA>
                    <activeHigh>1</activeHigh>
                    <rangeMode>0</rangeMode>
                    <min>900.0</min>
                    <max>2100.0</max>
                </pwmA>
                <pwmB>
                    <activeHigh>1</activeHigh>
                    <rangeMode>0</rangeMode>
                    <min>900.0</min>
                    <max>2100.0</max>
                </pwmB>
            </data>
        </str-tunarray-element>
        <str-tunarray-element str-tunarray-key="1">
            <data>
                <frequency>50</frequency>
                <pwmA>
                    <activeHigh>1</activeHigh>
                    <rangeMode>0</rangeMode>
                    <min>900.0</min>
                    <max>2100.0</max>
                </pwmA>
                <pwmB>
                    <activeHigh>1</activeHigh>
                    <rangeMode>0</rangeMode>
                    <min>900.0</min>
                    <max>2100.0</max>
                </pwmB>
            </data>
        </str-tunarray-element>
        <str-tunarray-element str-tunarray-key="2">
            <data>
                <frequency>50</frequency>
                <pwmA>
                    <activeHigh>1</activeHigh>
                    <rangeMode>0</rangeMode>
                    <min>900.0</min>
                    <max>2100.0</max>
                </pwmA>
                <pwmB>
                    <activeHigh>1</activeHigh>
                    <rangeMode>0</rangeMode>
                    <min>900.0</min>
                    <max>2100.0</max>
                </pwmB>
            </data>
        </str-tunarray-element>
        <str-tunarray-element str-tunarray-key="3">
            <data>
                <frequency>50</frequency>
                <pwmA>
                    <activeHigh>1</activeHigh>
                    <rangeMode>0</rangeMode>
                    <min>900.0</min>
                    <max>2100.0</max>
                </pwmA>
                <pwmB>
                    <activeHigh>1</activeHigh>
                    <rangeMode>0</rangeMode>
                    <min>900.0</min>
                    <max>2100.0</max>
                </pwmB>
            </data>
        </str-tunarray-element>
        <str-tunarray-element str-tunarray-key="4">
            <data>
                <frequency>50</frequency>
                <pwmA>
                    <activeHigh>1</activeHigh>
                    <rangeMode>0</rangeMode>
                    <min>900.0</min>
                    <max>2100.0</max>
                </pwmA>
                <pwmB>
                    <activeHigh>1</activeHigh>
                    <rangeMode>0</rangeMode>
                    <min>900.0</min>
                    <max>2100.0</max>
                </pwmB>
            </data>
        </str-tunarray-element>
        <str-tunarray-element str-tunarray-key="5">
            <data>
                <frequency>50</frequency>
                <pwmA>
                    <activeHigh>1</activeHigh>
                    <rangeMode>0</rangeMode>
                    <min>900.0</min>
                    <max>2100.0</max>
                </pwmA>
                <pwmB>
                    <activeHigh>1</activeHigh>
                    <rangeMode>0</rangeMode>
                    <min>900.0</min>
                    <max>2100.0</max>
                </pwmB>
            </data>
        </str-tunarray-element>
        <str-tunarray-element str-tunarray-key="6">
            <data>
                <frequency>50</frequency>
                <pwmA>
                    <activeHigh>1</activeHigh>
                    <rangeMode>0</rangeMode>
                    <min>900.0</min>
                    <max>2100.0</max>
                </pwmA>
                <pwmB>
                    <activeHigh>1</activeHigh>
                    <rangeMode>0</rangeMode>
                    <min>900.0</min>
                    <max>2100.0</max>
                </pwmB>
            </data>
        </str-tunarray-element>
        <str-tunarray-element str-tunarray-key="7">
            <data>
                <frequency>50</frequency>
                <pwmA>
                    <activeHigh>1</activeHigh>
                    <rangeMode>0</rangeMode>
                    <min>900.0</min>
                    <max>2100.0</max>
                </pwmA>
                <pwmB>
                    <activeHigh>1</activeHigh>
                    <rangeMode>0</rangeMode>
                    <min>900.0</min>
                    <max>2100.0</max>
                </pwmB>
            </data>
        </str-tunarray-element>
    </data>
</entry-pwmdev>
