<entry-rpm>
    <id>20</id>
    <filename>rpm.bin</filename>
    <version>
        <major>5</major>
        <minor>38</minor>
        <revision>21</revision>
    </version>
    <data>
        <cap-pps1>
            <p2x_s>6.2831855</p2x_s>
            <mean>5</mean>
            <pmin_s>2.0E-4</pmin_s>
            <toff_s>0.5</toff_s>
        </cap-pps1>
        <cap-pps2>
            <p2x_s>6.2831855</p2x_s>
            <mean>5</mean>
            <pmin_s>2.0E-4</pmin_s>
            <toff_s>0.5</toff_s>
        </cap-pps2>
        <cap-pps3>
            <p2x_s>6.2831855</p2x_s>
            <mean>5</mean>
            <pmin_s>2.0E-4</pmin_s>
            <toff_s>0.5</toff_s>
        </cap-pps3>
        <cap-pps4>
            <p2x_s>6.2831855</p2x_s>
            <mean>5</mean>
            <pmin_s>2.0E-4</pmin_s>
            <toff_s>0.5</toff_s>
        </cap-pps4>
        <cap-pps5>
            <p2x_s>6.2831855</p2x_s>
            <mean>5</mean>
            <pmin_s>2.0E-4</pmin_s>
            <toff_s>0.5</toff_s>
        </cap-pps5>
        <cap-pps6>
            <p2x_s>6.2831855</p2x_s>
            <mean>5</mean>
            <pmin_s>2.0E-4</pmin_s>
            <toff_s>0.5</toff_s>
        </cap-pps6>
    </data>
</entry-rpm>
