<entry-imugeom>
    <id>52</id>
    <filename>imugeom.bin</filename>
    <version>
        <major>5</major>
        <minor>38</minor>
        <revision>21</revision>
    </version>
    <data>
        <Lbp>
            <a00>1.0</a00>
            <a10>0.0</a10>
            <a20>0.0</a20>
            <a01>0.0</a01>
            <a11>1.0</a11>
            <a21>0.0</a21>
            <a02>0.0</a02>
            <a12>0.0</a12>
            <a22>1.0</a22>
        </Lbp>
    </data>
</entry-imugeom>
