<entry-gps>
    <id>44</id>
    <filename>gps.bin</filename>
    <version>
        <major>5</major>
        <minor>38</minor>
        <revision>21</revision>
    </version>
    <data>
        <gps_int0>
            <use-nav>1</use-nav>
            <e2mask>63</e2mask>
            <e2gps-pos>
                <x>10.0</x>
                <y>10.0</y>
                <z>10.0</z>
            </e2gps-pos>
            <e2gps-vel>
                <x>0.1</x>
                <y>0.1</y>
                <z>0.1</z>
            </e2gps-vel>
            <e2a-accmax>30.0</e2a-accmax>
            <e2a-duration>2.5</e2a-duration>
            <e2a-e2pos>20.0</e2a-e2pos>
            <e2a-e2spd>20.0</e2a-e2spd>
            <attitude-mode-pos>0</attitude-mode-pos>
            <attitude-mode-spd>0</attitude-mode-spd>
            <GAb>
                <x>0.0</x>
                <y>0.0</y>
                <z>0.0</z>
            </GAb>
        </gps_int0>
        <gps_int1>
            <use-nav>1</use-nav>
            <e2mask>63</e2mask>
            <e2gps-pos>
                <x>10.0</x>
                <y>10.0</y>
                <z>10.0</z>
            </e2gps-pos>
            <e2gps-vel>
                <x>0.1</x>
                <y>0.1</y>
                <z>0.1</z>
            </e2gps-vel>
            <e2a-accmax>30.0</e2a-accmax>
            <e2a-duration>2.5</e2a-duration>
            <e2a-e2pos>20.0</e2a-e2pos>
            <e2a-e2spd>20.0</e2a-e2spd>
            <attitude-mode-pos>0</attitude-mode-pos>
            <attitude-mode-spd>0</attitude-mode-spd>
            <GAb>
                <x>0.0</x>
                <y>0.0</y>
                <z>0.0</z>
            </GAb>
        </gps_int1>
        <gps_var0>
            <use-nav>0</use-nav>
            <e2mask>63</e2mask>
            <e2gps-pos>
                <x>10.0</x>
                <y>10.0</y>
                <z>10.0</z>
            </e2gps-pos>
            <e2gps-vel>
                <x>0.1</x>
                <y>0.1</y>
                <z>0.1</z>
            </e2gps-vel>
            <e2a-accmax>30.0</e2a-accmax>
            <e2a-duration>2.5</e2a-duration>
            <e2a-e2pos>20.0</e2a-e2pos>
            <e2a-e2spd>20.0</e2a-e2spd>
            <attitude-mode-pos>0</attitude-mode-pos>
            <attitude-mode-spd>0</attitude-mode-spd>
            <GAb>
                <x>0.0</x>
                <y>0.0</y>
                <z>0.0</z>
            </GAb>
        </gps_var0>
    </data>
</entry-gps>
