<entry-internest>
    <id>93</id>
    <filename>intnest.bin</filename>
    <version>
        <major>5</major>
        <minor>38</minor>
        <revision>21</revision>
    </version>
    <data>
        <inst_version>0</inst_version>
        <inst_range>15.0</inst_range>
        <inst_baserot>
            <a00>0.0</a00>
            <a10>0.0</a10>
            <a20>0.0</a20>
            <a01>0.0</a01>
            <a11>0.0</a11>
            <a21>0.0</a21>
            <a02>0.0</a02>
            <a12>0.0</a12>
            <a22>0.0</a22>
        </inst_baserot>
    </data>
</entry-internest>
