<entry-mmodes>
    <id>127</id>
    <filename>mmodes.bin</filename>
    <version>
        <major>5</major>
        <minor>38</minor>
        <revision>21</revision>
    </version>
    <data>
        <str-tunarray-element str-tunarray-key="0">
            <data>
                <map>
                    <abbreviation>65</abbreviation>
                    <name>
                        <name>Auto</name>
                    </name>
                </map>
            </data>
        </str-tunarray-element>
        <str-tunarray-element str-tunarray-key="1">
            <data>
                <map>
                    <abbreviation>71</abbreviation>
                    <name>
                        <name>G-Arcade</name>
                    </name>
                </map>
            </data>
        </str-tunarray-element>
        <str-tunarray-element str-tunarray-key="3">
            <data>
                <map>
                    <abbreviation>77</abbreviation>
                    <name>
                        <name>Manual</name>
                    </name>
                </map>
            </data>
        </str-tunarray-element>
    </data>
</entry-mmodes>
