<entry-phase0>
    <id>154</id>
    <filename>phase0.bin</filename>
    <version>
        <major>5</major>
        <minor>38</minor>
        <revision>21</revision>
    </version>
    <data>
        <enabled-choice>
            <enabled-choice-1>
                <enabled>1</enabled>
                <gcfg-str>
                    <gcfg>
                        <arc/>
                        <maneuvers>
                            <str-tunarray-element>
                                <taxi>
                                    <str-tunarray-key>5</str-tunarray-key>
                                    <data>
                                        <tcmd_flyto>
                                            <flytocmd-choice>
                                                <no-flytocmd>
                                                    <hasflyto>0</hasflyto>
                                                </no-flytocmd>
                                            </flytocmd-choice>
                                        </tcmd_flyto>
                                        <tcmd_a_brake>5.0</tcmd_a_brake>
                                        <tcmd_spdcmd>
                                            <speed-guidance-mode>
                                                <mspd_fixed>
                                                    <mode>0</mode>
                                                    <tcmd_speed_vtype>1</tcmd_speed_vtype>
                                                    <tcmd_speed_vlink>
                                                        <vref-kval>
                                                            <type>65534</type>
                                                            <kval>5.0</kval>
                                                        </vref-kval>
                                                    </tcmd_speed_vlink>
                                                </mspd_fixed>
                                            </speed-guidance-mode>
                                        </tcmd_spdcmd>
                                        <tcmd_arclim>
                                            <arc-hlim>1.0</arc-hlim>
                                            <arc-vlim>1.0</arc-vlim>
                                        </tcmd_arclim>
                                        <tcmd_contx>
                                            <type>
                                                <type-pid>
                                                    <type>0</type>
                                                    <common>
                                                        <vxc>250</vxc>
                                                        <vx>4100</vx>
                                                        <derivativeEnabled>0</derivativeEnabled>
                                                        <derivative>4100</derivative>
                                                        <opin>0</opin>
                                                        <vout>253</vout>
                                                        <vout_ext>253</vout_ext>
                                                        <integralEnabled>0</integralEnabled>
                                                        <integralVar>1</integralVar>
                                                        <respect>0</respect>
                                                        <respectInputEnabled>0</respectInputEnabled>
                                                        <respectInputVar>1</respectInputVar>
                                                        <limits>
                                                            <minEnabled>1</minEnabled>
                                                            <min>-5.5</min>
                                                            <maxEnabled>1</maxEnabled>
                                                            <max>5.5</max>
                                                        </limits>
                                                        <atMax>0.0</atMax>
                                                        <stages>5</stages>
                                                        <relay>
                                                            <d>0.0</d>
                                                            <flag-respect>
                                                                <flag-false-var>
                                                                    <flag-respect>0</flag-respect>
                                                                    <uf>0.0</uf>
                                                                </flag-false-var>
                                                            </flag-respect>
                                                        </relay>
                                                        <sysid>0</sysid>
                                                        <sid>
                                                            <nl>0.1</nl>
                                                            <lpf_f>1.0</lpf_f>
                                                            <a0>
                                                                <str-tunarray-element>1.0</str-tunarray-element>
                                                                <str-tunarray-element>-0.2</str-tunarray-element>
                                                            </a0>
                                                            <b0>
                                                                <str-tunarray-element>0.2</str-tunarray-element>
                                                                <str-tunarray-element>-0.2</str-tunarray-element>
                                                            </b0>
                                                        </sid>
                                                    </common>
                                                    <pid>
                                                        <Kp>0.13</Kp>
                                                        <Kd>0.0</Kd>
                                                        <taud>0.0</taud>
                                                        <Ki>0.0</Ki>
                                                        <Ta_1>0.0</Ta_1>
                                                        <uf>0.0</uf>
                                                        <imax>-1.0</imax>
                                                        <betap>1.0</betap>
                                                        <betad>1.0</betad>
                                                        <integral>
                                                            <enable>0</enable>
                                                            <errorLimir>1000.0</errorLimir>
                                                            <type>0</type>
                                                            <tau>1.0</tau>
                                                        </integral>
                                                    </pid>
                                                </type-pid>
                                            </type>
                                            <operations/>
                                            <feedforward>4100</feedforward>
                                        </tcmd_contx>
                                        <tcmd_conty>
                                            <type>
                                                <type-pid>
                                                    <type>0</type>
                                                    <common>
                                                        <vxc>251</vxc>
                                                        <vx>4100</vx>
                                                        <derivativeEnabled>0</derivativeEnabled>
                                                        <derivative>4100</derivative>
                                                        <opin>0</opin>
                                                        <vout>254</vout>
                                                        <vout_ext>254</vout_ext>
                                                        <integralEnabled>0</integralEnabled>
                                                        <integralVar>1</integralVar>
                                                        <respect>0</respect>
                                                        <respectInputEnabled>0</respectInputEnabled>
                                                        <respectInputVar>1</respectInputVar>
                                                        <limits>
                                                            <minEnabled>1</minEnabled>
                                                            <min>-5.5</min>
                                                            <maxEnabled>1</maxEnabled>
                                                            <max>5.5</max>
                                                        </limits>
                                                        <atMax>0.0</atMax>
                                                        <stages>5</stages>
                                                        <relay>
                                                            <d>0.0</d>
                                                            <flag-respect>
                                                                <flag-false-var>
                                                                    <flag-respect>0</flag-respect>
                                                                    <uf>0.0</uf>
                                                                </flag-false-var>
                                                            </flag-respect>
                                                        </relay>
                                                        <sysid>0</sysid>
                                                        <sid>
                                                            <nl>0.1</nl>
                                                            <lpf_f>1.0</lpf_f>
                                                            <a0>
                                                                <str-tunarray-element>1.0</str-tunarray-element>
                                                                <str-tunarray-element>-0.2</str-tunarray-element>
                                                            </a0>
                                                            <b0>
                                                                <str-tunarray-element>0.2</str-tunarray-element>
                                                                <str-tunarray-element>-0.2</str-tunarray-element>
                                                            </b0>
                                                        </sid>
                                                    </common>
                                                    <pid>
                                                        <Kp>0.13</Kp>
                                                        <Kd>0.0</Kd>
                                                        <taud>0.0</taud>
                                                        <Ki>0.0</Ki>
                                                        <Ta_1>0.0</Ta_1>
                                                        <uf>0.0</uf>
                                                        <imax>-1.0</imax>
                                                        <betap>1.0</betap>
                                                        <betad>1.0</betad>
                                                        <integral>
                                                            <enable>0</enable>
                                                            <errorLimir>1000.0</errorLimir>
                                                            <type>0</type>
                                                            <tau>1.0</tau>
                                                        </integral>
                                                    </pid>
                                                </type-pid>
                                            </type>
                                            <operations/>
                                            <feedforward>4100</feedforward>
                                        </tcmd_conty>
                                        <tcmd_contz>
                                            <type>
                                                <type-pid>
                                                    <type>0</type>
                                                    <common>
                                                        <vxc>252</vxc>
                                                        <vx>4100</vx>
                                                        <derivativeEnabled>0</derivativeEnabled>
                                                        <derivative>4100</derivative>
                                                        <opin>0</opin>
                                                        <vout>255</vout>
                                                        <vout_ext>255</vout_ext>
                                                        <integralEnabled>0</integralEnabled>
                                                        <integralVar>1</integralVar>
                                                        <respect>0</respect>
                                                        <respectInputEnabled>0</respectInputEnabled>
                                                        <respectInputVar>1</respectInputVar>
                                                        <limits>
                                                            <minEnabled>1</minEnabled>
                                                            <min>-5.5</min>
                                                            <maxEnabled>1</maxEnabled>
                                                            <max>5.5</max>
                                                        </limits>
                                                        <atMax>0.0</atMax>
                                                        <stages>5</stages>
                                                        <relay>
                                                            <d>0.0</d>
                                                            <flag-respect>
                                                                <flag-false-var>
                                                                    <flag-respect>0</flag-respect>
                                                                    <uf>0.0</uf>
                                                                </flag-false-var>
                                                            </flag-respect>
                                                        </relay>
                                                        <sysid>0</sysid>
                                                        <sid>
                                                            <nl>0.1</nl>
                                                            <lpf_f>1.0</lpf_f>
                                                            <a0>
                                                                <str-tunarray-element>1.0</str-tunarray-element>
                                                                <str-tunarray-element>-0.2</str-tunarray-element>
                                                            </a0>
                                                            <b0>
                                                                <str-tunarray-element>0.2</str-tunarray-element>
                                                                <str-tunarray-element>-0.2</str-tunarray-element>
                                                            </b0>
                                                        </sid>
                                                    </common>
                                                    <pid>
                                                        <Kp>0.07</Kp>
                                                        <Kd>0.0</Kd>
                                                        <taud>0.0</taud>
                                                        <Ki>0.0</Ki>
                                                        <Ta_1>0.0</Ta_1>
                                                        <uf>0.0</uf>
                                                        <imax>-1.0</imax>
                                                        <betap>1.0</betap>
                                                        <betad>1.0</betad>
                                                        <integral>
                                                            <enable>0</enable>
                                                            <errorLimir>1000.0</errorLimir>
                                                            <type>0</type>
                                                            <tau>1.0</tau>
                                                        </integral>
                                                    </pid>
                                                </type-pid>
                                            </type>
                                            <operations/>
                                            <feedforward>4100</feedforward>
                                        </tcmd_contz>
                                        <tcmd_prj0>2</tcmd_prj0>
                                        <tcmd_gtrk_kv>0.0</tcmd_gtrk_kv>
                                        <tcmd_route_taxi>
                                            <rwid>0</rwid>
                                            <urr>
                                                <ref-var>
                                                    <type>0</type>
                                                    <id>4100</id>
                                                </ref-var>
                                            </urr>
                                            <frr>
                                                <ref-var>
                                                    <type>0</type>
                                                    <id>6146</id>
                                                </ref-var>
                                            </frr>
                                        </tcmd_route_taxi>
                                    </data>
                                </taxi>
                            </str-tunarray-element>
                            <str-tunarray-element>
                                <hold>
                                    <str-tunarray-key>0</str-tunarray-key>
                                    <data>
                                        <str-tunarray-element>
                                            <hcfg>
                                                <thld-0>
                                                    <thld>0</thld>
                                                    <gvar>107</gvar>
                                                    <v1>
                                                        <vref-kval>
                                                            <type>65534</type>
                                                            <kval>0.0</kval>
                                                        </vref-kval>
                                                    </v1>
                                                </thld-0>
                                            </hcfg>
                                        </str-tunarray-element>
                                        <str-tunarray-element>
                                            <hcfg>
                                                <thld-0>
                                                    <thld>0</thld>
                                                    <gvar>108</gvar>
                                                    <v1>
                                                        <vref-kval>
                                                            <type>65534</type>
                                                            <kval>0.0</kval>
                                                        </vref-kval>
                                                    </v1>
                                                </thld-0>
                                            </hcfg>
                                        </str-tunarray-element>
                                    </data>
                                </hold>
                            </str-tunarray-element>
                        </maneuvers>
                    </gcfg>
                </gcfg-str>
                <ccfg-str>
                    <ccfg>
                        <str-tunarray-element str-tunarray-key="0">
                            <data>
                                <decimator>0.0</decimator>
                                <state>
                                    <state-off>
                                        <state>0</state>
                                        <uf>0.0</uf>
                                    </state-off>
                                </state>
                            </data>
                        </str-tunarray-element>
                        <str-tunarray-element str-tunarray-key="1">
                            <data>
                                <decimator>0.0</decimator>
                                <state>
                                    <state-fixed>
                                        <state>2</state>
                                        <uf>0.0</uf>
                                        <dt>0.0</dt>
                                        <tf>0.0</tf>
                                    </state-fixed>
                                </state>
                            </data>
                        </str-tunarray-element>
                        <str-tunarray-element str-tunarray-key="2">
                            <data>
                                <decimator>0.0</decimator>
                                <state>
                                    <state-off>
                                        <state>0</state>
                                        <uf>0.0</uf>
                                    </state-off>
                                </state>
                            </data>
                        </str-tunarray-element>
                        <str-tunarray-element str-tunarray-key="3">
                            <data>
                                <decimator>0.0</decimator>
                                <state>
                                    <state-off>
                                        <state>0</state>
                                        <uf>0.0</uf>
                                    </state-off>
                                </state>
                            </data>
                        </str-tunarray-element>
                        <str-tunarray-element str-tunarray-key="4">
                            <data>
                                <decimator>0.0</decimator>
                                <state>
                                    <state-fixed>
                                        <state>2</state>
                                        <uf>0.0</uf>
                                        <dt>0.0</dt>
                                        <tf>5.0</tf>
                                    </state-fixed>
                                </state>
                            </data>
                        </str-tunarray-element>
                    </ccfg>
                </ccfg-str>
            </enabled-choice-1>
        </enabled-choice>
    </data>
</entry-phase0>
