<entry-mstick>
    <id>134</id>
    <filename>mstick.bin</filename>
    <version>
        <major>5</major>
        <minor>38</minor>
        <revision>21</revision>
    </version>
    <data>
        <str-tunarray-element str-tunarray-key="0">
            <data>
                <size>8</size>
                <type>0</type>
                <min>0.0</min>
                <max>100.0</max>
                <period>5.0</period>
                <showChecklist>0</showChecklist>
            </data>
        </str-tunarray-element>
        <str-tunarray-element str-tunarray-key="1">
            <data>
                <size>8</size>
                <type>0</type>
                <min>0.0</min>
                <max>100.0</max>
                <period>5.0</period>
                <showChecklist>0</showChecklist>
            </data>
        </str-tunarray-element>
        <str-tunarray-element str-tunarray-key="2">
            <data>
                <size>8</size>
                <type>0</type>
                <min>0.0</min>
                <max>100.0</max>
                <period>5.0</period>
                <showChecklist>0</showChecklist>
            </data>
        </str-tunarray-element>
        <str-tunarray-element str-tunarray-key="3">
            <data>
                <size>8</size>
                <type>0</type>
                <min>0.0</min>
                <max>100.0</max>
                <period>5.0</period>
                <showChecklist>0</showChecklist>
            </data>
        </str-tunarray-element>
        <str-tunarray-element str-tunarray-key="4">
            <data>
                <size>8</size>
                <type>0</type>
                <min>0.0</min>
                <max>100.0</max>
                <period>5.0</period>
                <showChecklist>0</showChecklist>
            </data>
        </str-tunarray-element>
        <str-tunarray-element str-tunarray-key="5">
            <data>
                <size>8</size>
                <type>0</type>
                <min>0.0</min>
                <max>100.0</max>
                <period>5.0</period>
                <showChecklist>0</showChecklist>
            </data>
        </str-tunarray-element>
        <str-tunarray-element str-tunarray-key="6">
            <data>
                <size>8</size>
                <type>0</type>
                <min>0.0</min>
                <max>100.0</max>
                <period>5.0</period>
                <showChecklist>0</showChecklist>
            </data>
        </str-tunarray-element>
        <str-tunarray-element str-tunarray-key="7">
            <data>
                <size>8</size>
                <type>0</type>
                <min>0.0</min>
                <max>100.0</max>
                <period>5.0</period>
                <showChecklist>0</showChecklist>
            </data>
        </str-tunarray-element>
        <str-tunarray-element str-tunarray-key="8">
            <data>
                <size>8</size>
                <type>0</type>
                <min>0.0</min>
                <max>100.0</max>
                <period>5.0</period>
                <showChecklist>0</showChecklist>
            </data>
        </str-tunarray-element>
        <str-tunarray-element str-tunarray-key="9">
            <data>
                <size>8</size>
                <type>0</type>
                <min>0.0</min>
                <max>100.0</max>
                <period>5.0</period>
                <showChecklist>0</showChecklist>
            </data>
        </str-tunarray-element>
        <str-tunarray-element str-tunarray-key="10">
            <data>
                <size>8</size>
                <type>0</type>
                <min>0.0</min>
                <max>100.0</max>
                <period>5.0</period>
                <showChecklist>0</showChecklist>
            </data>
        </str-tunarray-element>
        <str-tunarray-element str-tunarray-key="11">
            <data>
                <size>8</size>
                <type>0</type>
                <min>0.0</min>
                <max>100.0</max>
                <period>5.0</period>
                <showChecklist>0</showChecklist>
            </data>
        </str-tunarray-element>
        <str-tunarray-element str-tunarray-key="12">
            <data>
                <size>8</size>
                <type>0</type>
                <min>0.0</min>
                <max>100.0</max>
                <period>5.0</period>
                <showChecklist>0</showChecklist>
            </data>
        </str-tunarray-element>
        <str-tunarray-element str-tunarray-key="13">
            <data>
                <size>8</size>
                <type>0</type>
                <min>0.0</min>
                <max>100.0</max>
                <period>5.0</period>
                <showChecklist>0</showChecklist>
            </data>
        </str-tunarray-element>
        <str-tunarray-element str-tunarray-key="14">
            <data>
                <size>8</size>
                <type>0</type>
                <min>0.0</min>
                <max>100.0</max>
                <period>5.0</period>
                <showChecklist>0</showChecklist>
            </data>
        </str-tunarray-element>
        <str-tunarray-element str-tunarray-key="15">
            <data>
                <size>8</size>
                <type>0</type>
                <min>0.0</min>
                <max>100.0</max>
                <period>5.0</period>
                <showChecklist>0</showChecklist>
            </data>
        </str-tunarray-element>
    </data>
</entry-mstick>
