<entry-fmgr>
    <id>79</id>
    <filename>fmgr.bin</filename>
    <version>
        <major>5</major>
        <minor>38</minor>
        <revision>21</revision>
    </version>
    <data>
        <genericOp>
            <str-tunarray-element str-tunarray-key="0">
                <data>
                    <wrt-choice>
                        <wrt-choice-abs>
                            <wrt>65535</wrt>
                            <pos>
                                <lon>-5749896</lon>
                                <lat>382984526</lat>
                                <alt>350397</alt>
                            </pos>
                        </wrt-choice-abs>
                    </wrt-choice>
                </data>
            </str-tunarray-element>
            <str-tunarray-element str-tunarray-key="1">
                <data>
                    <wrt-choice>
                        <wrt-choice-abs>
                            <wrt>65535</wrt>
                            <pos>
                                <lon>-5748275</lon>
                                <lat>382975281</lat>
                                <alt>350396</alt>
                            </pos>
                        </wrt-choice-abs>
                    </wrt-choice>
                </data>
            </str-tunarray-element>
            <str-tunarray-element str-tunarray-key="3">
                <data>
                    <wrt-choice>
                        <wrt-choice-abs>
                            <wrt>65535</wrt>
                            <pos>
                                <lon>-5928758</lon>
                                <lat>382965530</lat>
                                <alt>350403</alt>
                            </pos>
                        </wrt-choice-abs>
                    </wrt-choice>
                </data>
            </str-tunarray-element>
            <str-tunarray-element str-tunarray-key="4">
                <data>
                    <wrt-choice>
                        <wrt-choice-abs>
                            <wrt>65535</wrt>
                            <pos>
                                <lon>-5521693</lon>
                                <lat>382816085</lat>
                                <alt>-16</alt>
                            </pos>
                        </wrt-choice-abs>
                    </wrt-choice>
                </data>
            </str-tunarray-element>
            <str-tunarray-element str-tunarray-key="5">
                <data>
                    <wrt-choice>
                        <wrt-choice-abs>
                            <wrt>65535</wrt>
                            <pos>
                                <lon>-5521906</lon>
                                <lat>382810554</lat>
                                <alt>-17</alt>
                            </pos>
                        </wrt-choice-abs>
                    </wrt-choice>
                </data>
            </str-tunarray-element>
            <str-tunarray-element str-tunarray-key="6">
                <data>
                    <wrt-choice>
                        <wrt-choice-abs>
                            <wrt>65535</wrt>
                            <pos>
                                <lon>-5758476</lon>
                                <lat>382842476</lat>
                                <alt>-17</alt>
                            </pos>
                        </wrt-choice-abs>
                    </wrt-choice>
                </data>
            </str-tunarray-element>
            <str-tunarray-element str-tunarray-key="7">
                <data>
                    <wrt-choice>
                        <wrt-choice-abs>
                            <wrt>65535</wrt>
                            <pos>
                                <lon>-5756224</lon>
                                <lat>382850643</lat>
                                <alt>-19</alt>
                            </pos>
                        </wrt-choice-abs>
                    </wrt-choice>
                </data>
            </str-tunarray-element>
            <str-tunarray-element str-tunarray-key="8">
                <data>
                    <wrt-choice>
                        <wrt-choice-abs>
                            <wrt>65535</wrt>
                            <pos>
                                <lon>-5732473</lon>
                                <lat>382909147</lat>
                                <alt>350388</alt>
                            </pos>
                        </wrt-choice-abs>
                    </wrt-choice>
                </data>
            </str-tunarray-element>
            <str-tunarray-element str-tunarray-key="10">
                <data>
                    <wrt-choice>
                        <wrt-choice-abs>
                            <wrt>65535</wrt>
                            <pos>
                                <lon>-5906707</lon>
                                <lat>382981610</lat>
                                <alt>350404</alt>
                            </pos>
                        </wrt-choice-abs>
                    </wrt-choice>
                </data>
            </str-tunarray-element>
            <str-tunarray-element str-tunarray-key="13">
                <data>
                    <wrt-choice>
                        <wrt-choice-abs>
                            <wrt>65535</wrt>
                            <pos>
                                <lon>-5931064</lon>
                                <lat>382966741</lat>
                                <alt>156403</alt>
                            </pos>
                        </wrt-choice-abs>
                    </wrt-choice>
                </data>
            </str-tunarray-element>
            <str-tunarray-element str-tunarray-key="14">
                <data>
                    <wrt-choice>
                        <wrt-choice-abs>
                            <wrt>65535</wrt>
                            <pos>
                                <lon>-5888164</lon>
                                <lat>382978568</lat>
                                <alt>350402</alt>
                            </pos>
                        </wrt-choice-abs>
                    </wrt-choice>
                </data>
            </str-tunarray-element>
            <str-tunarray-element str-tunarray-key="17">
                <data>
                    <wrt-choice>
                        <wrt-choice-abs>
                            <wrt>65535</wrt>
                            <pos>
                                <lon>-5753908</lon>
                                <lat>382978952</lat>
                                <alt>350397</alt>
                            </pos>
                        </wrt-choice-abs>
                    </wrt-choice>
                </data>
            </str-tunarray-element>
            <str-tunarray-element str-tunarray-key="18">
                <data>
                    <wrt-choice>
                        <wrt-choice-abs>
                            <wrt>65535</wrt>
                            <pos>
                                <lon>-5749157</lon>
                                <lat>382978964</lat>
                                <alt>350396</alt>
                            </pos>
                        </wrt-choice-abs>
                    </wrt-choice>
                </data>
            </str-tunarray-element>
            <str-tunarray-element str-tunarray-key="19">
                <data>
                    <wrt-choice>
                        <wrt-choice-abs>
                            <wrt>65535</wrt>
                            <pos>
                                <lon>-5744103</lon>
                                <lat>382980652</lat>
                                <alt>350396</alt>
                            </pos>
                        </wrt-choice-abs>
                    </wrt-choice>
                </data>
            </str-tunarray-element>
            <str-tunarray-element str-tunarray-key="20">
                <data>
                    <wrt-choice>
                        <wrt-choice-abs>
                            <wrt>65535</wrt>
                            <pos>
                                <lon>-5744812</lon>
                                <lat>382984621</lat>
                                <alt>350397</alt>
                            </pos>
                        </wrt-choice-abs>
                    </wrt-choice>
                </data>
            </str-tunarray-element>
        </genericOp>
        <specifiedOp/>
    </data>
</entry-fmgr>
