<entry-mfmgr>
    <id>148</id>
    <filename>mfmgr.bin</filename>
    <version>
        <major>5</major>
        <minor>38</minor>
        <revision>21</revision>
    </version>
    <data>
        <map>
            <str-tunarray-element str-tunarray-key="28672">
                <data>
                    <string>Moving Object 01</string>
                </data>
            </str-tunarray-element>
            <str-tunarray-element str-tunarray-key="45059">
                <data>
                    <string>Orbit 1</string>
                </data>
            </str-tunarray-element>
            <str-tunarray-element str-tunarray-key="45064">
                <data>
                    <string>Holding Area</string>
                </data>
            </str-tunarray-element>
            <str-tunarray-element str-tunarray-key="45069">
                <data>
                    <string>Area of interest</string>
                </data>
            </str-tunarray-element>
        </map>
    </data>
</entry-mfmgr>
